{
  "type" : "FeatureCollection",
  "features" : [{"type":"Feature","id":1,"geometry":{"type":"Polygon","coordinates":[[[107.15473449900009,10.48246679600004],[107.15435529700005,10.483473268000068],[107.15423863300003,10.483430466000073],[107.15420486600004,10.483364855000048],[107.15427592700007,10.483179193000069],[107.15445424300009,10.482701793000047],[107.15458195100007,10.482367148000037],[107.15463114400006,10.482247264000023],[107.15479399300006,10.482309953000026],[107.15475663600006,10.482402826000055],[107.15473449900009,10.48246679600004]]]},"properties":{"OBJECTID":1,"FID":0,"Shape_Leng":310.47330356200001,"Sothua":222,"So_To":74,"LoaidatHT":"LUC","Khuphomoi":"Khu phố Hương Giang","Sothuacu":222,"Sotocu":28,"Phuongcu":"phường Long Hương","Nguoisudun":"HTX NN QUYẾT THẮNG","Quyetdinh":"Quyết định 3693/QĐ-UBND","ID":"222.74","Shape_Length":0.0028120713715474501,"Shape_Area":2.2051663567663759e-07}},{"type":"Feature","id":2,"geometry":{"type":"Polygon","coordinates":[[[107.15434886000008,10.483495588000039],[107.15431599200008,10.483581598000058],[107.15425237100004,10.483459424000046],[107.15434886000008,10.483495588000039]]]},"properties":{"OBJECTID":2,"FID":1,"Shape_Leng":36.6799211007,"Sothua":291,"So_To":74,"LoaidatHT":"CLN","Khuphomoi":"Khu phố Hương Giang","Sothuacu":291,"Sotocu":28,"Phuongcu":"phường Long Hương","Nguoisudun":"HTX NN QUYẾT THẮNG","Quyetdinh":"Quyết định 3693/QĐ-UBND","ID":"291.74","Shape_Length":0.00033286626130417661,"Shape_Area":4.7438286237273592e-09}},{"type":"Feature","id":3,"geometry":{"type":"Polygon","coordinates":[[[107.15427688600005,10.483681248000039],[107.15425423300007,10.48372794900007],[107.15409396600006,10.483651884000039],[107.15416320700007,10.48346242100007],[107.15427688600005,10.483681248000039]]]},"properties":{"OBJECTID":3,"FID":2,"Shape_Leng":74.711515046200006,"Sothua":221,"So_To":74,"LoaidatHT":"CLN","Khuphomoi":"Khu phố Hương Giang","Sothuacu":221,"Sotocu":28,"Phuongcu":"phường Long Hương","Nguoisudun":"HTX NN QUYẾT THẮNG","Quyetdinh":"Quyết định 3693/QĐ-UBND","ID":"221.74","Shape_Length":0.00067761901665349625,"Shape_Area":2.2948747146065781e-08}},{"type":"Feature","id":4,"geometry":{"type":"Polygon","coordinates":[[[107.15348284400005,10.48569548100005],[107.15341620100008,10.485768317000066],[107.15330230100005,10.485665125000025],[107.15341117100007,10.485484959000075],[107.15342788800007,10.485437525000066],[107.15363920900006,10.484899340000027],[107.15397869800006,10.483977872000025],[107.15409396600006,10.483651884000039],[107.15425423300007,10.48372794900007],[107.15395726500009,10.484484497000039],[107.15360235100007,10.485398975000066],[107.15355939100004,10.485508020000054],[107.15348284400005,10.48569548100005]]]},"properties":{"OBJECTID":4,"FID":3,"Shape_Leng":520.15846253200004,"Sothua":130,"So_To":74,"LoaidatHT":"NTS","Khuphomoi":"Khu phố Hương Giang","Sothuacu":130,"Sotocu":28,"Phuongcu":"phường Long Hương","Nguoisudun":"HTX NN QUYẾT THẮNG","Quyetdinh":"Quyết định 3693/QĐ-UBND","ID":"130.74","Shape_Length":0.0047099581278149437,"Shape_Area":3.4110119096021273e-07}},{"type":"Feature","id":5,"geometry":{"type":"Polygon","coordinates":[[[107.15549214100008,10.486020022000048],[107.15534052400005,10.486101922000046],[107.15529099300005,10.486015486000042],[107.15525250300004,10.485936486000071],[107.15540786000008,10.485857757000076],[107.15549214100008,10.486020022000048]]]},"properties":{"OBJECTID":5,"FID":4,"Shape_Leng":78.912545120900006,"Sothua":115,"So_To":74,"LoaidatHT":"HNK","Khuphomoi":"Khu phố Hương Giang","Sothuacu":115,"Sotocu":28,"Phuongcu":"phường Long Hương","Nguoisudun":"TRẦN VĂN ĐUA","Quyetdinh":"Quyết định 3693/QĐ-UBND","ID":"115.74","Shape_Length":0.00071683701546779513,"Shape_Area":3.2361109863493761e-08}},{"type":"Feature","id":6,"geometry":{"type":"Polygon","coordinates":[[[107.15579372000008,10.486293266000075],[107.15578375300004,10.486298762000047],[107.15577428100005,10.486283736000075],[107.15572783000005,10.486210914000026],[107.15571781100005,10.486195209000073],[107.15553517000006,10.485923091000075],[107.15553316600005,10.485920103000069],[107.15548155900007,10.485821007000027],[107.15569139100006,10.485726738000039],[107.15591363900006,10.486019272000021],[107.15602691400005,10.486163962000035],[107.15580725400008,10.486285787000043],[107.15579372000008,10.486293266000075]]]},"properties":{"OBJECTID":6,"FID":5,"Shape_Leng":178.92180757700001,"Sothua":109,"So_To":74,"LoaidatHT":"LUC","Khuphomoi":"Khu phố Hương Giang","Sothuacu":109,"Sotocu":28,"Phuongcu":"phường Long Hương","Nguoisudun":"TRẦN VĂN ĐUA","Quyetdinh":"Quyết định 3693/QĐ-UBND","ID":"109.74","Shape_Length":0.001625021782194247,"Shape_Area":1.4180751523434263e-07}},{"type":"Feature","id":7,"geometry":{"type":"Polygon","coordinates":[[[107.15577428100005,10.486283736000075],[107.15573349700009,10.486304997000047],[107.15553517000006,10.485923091000075],[107.15571781100005,10.486195209000073],[107.15572783000005,10.486210914000026],[107.15577428100005,10.486283736000075]]]},"properties":{"OBJECTID":7,"FID":6,"Shape_Leng":100.286031896,"Sothua":284,"So_To":74,"LoaidatHT":"LUC","Khuphomoi":"Khu phố Hương Giang","Sothuacu":284,"Sotocu":28,"Phuongcu":"phường Long Hương","Nguoisudun":"TRẦN VĂN HOÀI; Sử dụng: TRẦN VĂN HOÀI.","Quyetdinh":"Quyết định 3693/QĐ-UBND","ID":"284.74","Shape_Length":0.00090905797943670362,"Shape_Area":1.0297265820756205e-08}},{"type":"Feature","id":8,"geometry":{"type":"Polygon","coordinates":[[[107.15566252700006,10.486346997000055],[107.15551409200003,10.486436769000022],[107.15542455400004,10.486252705000027],[107.15534052400005,10.486101922000046],[107.15549214100008,10.486020022000048],[107.15566252700006,10.486346997000055]]]},"properties":{"OBJECTID":8,"FID":7,"Shape_Leng":120.324004225,"Sothua":110,"So_To":74,"LoaidatHT":"HNK","Khuphomoi":"Khu phố Hương Giang","Sothuacu":110,"Sotocu":28,"Phuongcu":"phường Long Hương","Nguoisudun":"TRẦN VĂN ĐUA","Quyetdinh":"Quyết định 3693/QĐ-UBND","ID":"110.74","Shape_Length":0.0010918029563436631,"Shape_Area":6.3424026629190514e-08}},{"type":"Feature","id":9,"geometry":{"type":"Polygon","coordinates":[[[107.15630083300005,10.486522592000028],[107.15605467100005,10.48664988400003],[107.15580725400008,10.486285787000043],[107.15602691400005,10.486163962000035],[107.15605284600008,10.486169887000074],[107.15606377300008,10.486188532000028],[107.15620516900009,10.486388876000035],[107.15630083300005,10.486522592000028]]]},"properties":{"OBJECTID":9,"FID":8,"Shape_Leng":157.00019097000001,"Sothua":108,"So_To":74,"LoaidatHT":"LUC","Khuphomoi":"Khu phố Hương Giang","Sothuacu":108,"Sotocu":28,"Phuongcu":"phường Long Hương","Nguoisudun":"TRẦN VĂN ĐUA","Quyetdinh":"Quyết định 3693/QĐ-UBND","ID":"108.74","Shape_Length":0.0014263531165225195,"Shape_Area":1.1995820528988199e-07}},{"type":"Feature","id":10,"geometry":{"type":"Polygon","coordinates":[[[107.16067150600009,10.486648075000062],[107.16053599400004,10.486668076000058],[107.16053820800005,10.486608137000076],[107.16055427100008,10.486326897000026],[107.16049354000006,10.486123901000042],[107.16049355600006,10.486115221000034],[107.16056615300005,10.485984983000037],[107.16057705300005,10.485969814000043],[107.16076017800003,10.485891676000051],[107.16094512400008,10.48581697700007],[107.16084326600009,10.485479644000065],[107.16084036700005,10.485369518000027],[107.16090073600009,10.485329035000063],[107.16143080100005,10.485160676000021],[107.16152689000006,10.485167635000039],[107.16161164000005,10.485325739000075],[107.16187964100004,10.485193512000023],[107.16189614400008,10.485209907000069],[107.16191802000009,10.485235895000073],[107.16192993600004,10.48526240700005],[107.16194203900005,10.485287474000074],[107.16184304000006,10.485322280000048],[107.16183782200005,10.485327695000024],[107.16181487700004,10.485336061000055],[107.16180448800009,10.485323113000049],[107.16153573800005,10.485416734000069],[107.16148770300003,10.485311768000031],[107.16094154500007,10.485439051000071],[107.16112097400008,10.485866487000067],[107.16087297400009,10.486001011000042],[107.16063333200009,10.486111321000067],[107.16067150600009,10.486648075000062]]]},"properties":{"OBJECTID":10,"FID":9,"Shape_Leng":628.12854776999995,"Sothua":120,"So_To":75,"LoaidatHT":"LUC","Khuphomoi":"Khu phố Hương Giang","Sothuacu":120,"Sotocu":29,"Phuongcu":"phường Long Hương","Nguoisudun":"HTX NN QUYẾT THẮNG","Quyetdinh":"Quyết định 3693/QĐ-UBND","ID":"120.75","Shape_Length":0.0057075890025426171,"Shape_Area":3.3192777879493282e-07}},{"type":"Feature","id":11,"geometry":{"type":"Polygon","coordinates":[[[107.15830274800004,10.486746565000033],[107.15827969600008,10.486763248000045],[107.15817259500005,10.486542083000074],[107.15821155400005,10.486519282000074],[107.15805345600006,10.486261858000034],[107.15823739800004,10.486186706000069],[107.15837589500006,10.486288577000039],[107.15864800000008,10.486488721000057],[107.15831045600004,10.486728587000073],[107.15830274800004,10.486746565000033]]]},"properties":{"OBJECTID":11,"FID":10,"Shape_Leng":194.025819625,"Sothua":501,"So_To":74,"LoaidatHT":"NTS","Khuphomoi":"Khu phố Hương Giang","Sothuacu":0,"Sotocu":28,"Phuongcu":"phường Long Hương","Nguoisudun":" ","Quyetdinh":"Quyết định 3693/QĐ-UBND","ID":"501.74","Shape_Length":0.00176349200535836,"Shape_Area":1.5958859967359362e-07}},{"type":"Feature","id":12,"geometry":{"type":"Polygon","coordinates":[[[107.15638226300007,10.486983119000058],[107.15630679600008,10.487037043000043],[107.15622334600005,10.48691700300003],[107.15617660500004,10.486852542000065],[107.15618557000005,10.486846140000068],[107.15606287000008,10.486661923000042],[107.15629430900009,10.486542741000051],[107.15653181700009,10.486881775000029],[107.15638226300007,10.486983119000058]]]},"properties":{"OBJECTID":12,"FID":11,"Shape_Leng":154.77832171899999,"Sothua":87,"So_To":74,"LoaidatHT":"LUC","Khuphomoi":"Khu phố Hương Giang","Sothuacu":87,"Sotocu":28,"Phuongcu":"phường Long Hương","Nguoisudun":"TRẦN VĂN BƠI (chết); Sử dụng: NGUYỄN THỊ TÝ (vợ).","Quyetdinh":"Quyết định 3693/QĐ-UBND","ID":"87.74","Shape_Length":0.0014058591259467393,"Shape_Area":1.1490191642033328e-07}},{"type":"Feature","id":13,"geometry":{"type":"Polygon","coordinates":[[[107.15642903300005,10.487224333000029],[107.15626923500008,10.487332528000024],[107.15606180000009,10.486935687000027],[107.15617660500004,10.486852542000065],[107.15622334600005,10.48691700300003],[107.15630679600008,10.487037043000043],[107.15633338800006,10.487080310000067],[107.15642903300005,10.487224333000029]]]},"properties":{"OBJECTID":13,"FID":12,"Shape_Leng":135.78725431199999,"Sothua":76,"So_To":74,"LoaidatHT":"LUC","Khuphomoi":"Khu phố Hương Giang","Sothuacu":76,"Sotocu":28,"Phuongcu":"phường Long Hương","Nguoisudun":"Đăng ký: VĂN BƠI (chết); Sử dụng: NGUYỄN THỊ TÝ (vợ).","Quyetdinh":"Quyết định 3693/QĐ-UBND","ID":"76.74","Shape_Length":0.0012320122246251867,"Shape_Area":7.5641574983980122e-08}},{"type":"Feature","id":14,"geometry":{"type":"Polygon","coordinates":[[[107.15722285600003,10.48709363200004],[107.15689954500004,10.487342565000063],[107.15684614900005,10.487270950000038],[107.15657037000005,10.486880220000046],[107.15667436100006,10.486815408000041],[107.15692979800008,10.486662637000052],[107.15694452900004,10.486650459000032],[107.15708952400007,10.486880193000047],[107.15722542600008,10.487087217000067],[107.15722285600003,10.48709363200004]]]},"properties":{"OBJECTID":14,"FID":13,"Shape_Leng":213.727669136,"Sothua":71,"So_To":74,"LoaidatHT":"LUC","Khuphomoi":"Khu phố Hương Giang","Sothuacu":71,"Sotocu":28,"Phuongcu":"phường Long Hương","Nguoisudun":"ĐOÀN THANH NIÊN PHƯỜNG; Sử dụng: ĐOÀN THANH NIÊN PHƯỜNG.","Quyetdinh":"Quyết định 3693/QĐ-UBND","ID":"71.74","Shape_Length":0.0019411254821024276,"Shape_Area":2.3176016941096308e-07}},{"type":"Feature","id":15,"geometry":{"type":"Polygon","coordinates":[[[107.15962266800005,10.487165708000077],[107.15912440100004,10.487354391000054],[107.15909249200007,10.487176312000031],[107.15906383800007,10.487016049000033],[107.15903762200008,10.486870077000049],[107.15901348900007,10.486734686000034],[107.15899070800003,10.486607616000072],[107.15897000800004,10.48649185000005],[107.15894442700005,10.486349406000045],[107.15942392500006,10.486208259000023],[107.15958839700005,10.48652572900005],[107.15985204900005,10.486616267000045],[107.15979677800004,10.487099775000047],[107.15962266800005,10.487165708000077]]]},"properties":{"OBJECTID":15,"FID":14,"Shape_Leng":370.41346117799998,"Sothua":311,"So_To":75,"LoaidatHT":"NTS","Khuphomoi":"Khu phố Hương Giang","Sothuacu":0,"Sotocu":29,"Phuongcu":"phường Long Hương","Nguoisudun":" ","Quyetdinh":" ","ID":"311.75","Shape_Length":0.0033627510923649887,"Shape_Area":6.8118407583846328e-07}},{"type":"Feature","id":16,"geometry":{"type":"Polygon","coordinates":[[[107.15773630100006,10.48721375100007],[107.15747190500008,10.487369399000045],[107.15728078800004,10.487085875000048],[107.15726658200003,10.487062792000074],[107.15737614900007,10.486995731000036],[107.15757716400009,10.486877757000059],[107.15769881800009,10.487132220000035],[107.15773630100006,10.48721375100007]]]},"properties":{"OBJECTID":16,"FID":15,"Shape_Leng":155.143632395,"Sothua":70,"So_To":74,"LoaidatHT":"LUC","Khuphomoi":"Khu phố Hương Giang","Sothuacu":70,"Sotocu":28,"Phuongcu":"phường Long Hương","Nguoisudun":"NGUYỄN VĂN NHÁNH (CHẾT); Sử dụng: NGUYỄN VĂN BÚP (con).","Quyetdinh":"Quyết định 3693/QĐ-UBND","ID":"70.74","Shape_Length":0.0014091562346192712,"Shape_Area":1.240709695337866e-07}},{"type":"Feature","id":17,"geometry":{"type":"Polygon","coordinates":[[[107.15683620800007,10.487406186000044],[107.15666987900005,10.487537515000042],[107.15642903300005,10.487224333000029],[107.15633338800006,10.487080310000067],[107.15630679600008,10.487037043000043],[107.15638226300007,10.486983119000058],[107.15653181700009,10.486881775000029],[107.15654257200003,10.486894634000066],[107.15655409100003,10.486890225000025],[107.15666998800003,10.487049023000054],[107.15687242300004,10.48733709000004],[107.15683620800007,10.487406186000044]]]},"properties":{"OBJECTID":17,"FID":16,"Shape_Leng":193.86788414700001,"Sothua":72,"So_To":74,"LoaidatHT":"LUC","Khuphomoi":"Khu phố Hương Giang","Sothuacu":72,"Sotocu":28,"Phuongcu":"phường Long Hương","Nguoisudun":"NGUYỄN VĂN CHỌN","Quyetdinh":"Quyết định 3693/QĐ-UBND","ID":"72.74","Shape_Length":0.0017598778911720632,"Shape_Area":1.7603702745211103e-07}},{"type":"Feature","id":18,"geometry":{"type":"Polygon","coordinates":[[[107.15998415100006,10.487528685000029],[107.15975646300006,10.487597325000024],[107.15966923400003,10.487398258000042],[107.15969089700008,10.487391698000067],[107.15962899800007,10.487179026000035],[107.15962266800005,10.487165708000077],[107.15979677800004,10.487099775000047],[107.15985204900005,10.486616267000045],[107.15958839700005,10.48652572900005],[107.15942392500006,10.486208259000023],[107.15894442700005,10.486349406000045],[107.15883734200008,10.486071010000046],[107.15837589500006,10.486288577000039],[107.15823739800004,10.486186706000069],[107.15805345600006,10.486261858000034],[107.15812643600009,10.486219048000066],[107.15821788400007,10.486168407000036],[107.15845810900004,10.486039927000036],[107.15830304700006,10.485819758000048],[107.15848937800007,10.485689370000046],[107.15845489400004,10.485616072000028],[107.15842479400004,10.485543778000022],[107.15844666100008,10.48552636900007],[107.15852969400004,10.48548059500007],[107.15845417700007,10.485320336000029],[107.15841713800006,10.485245948000056],[107.15836281200006,10.485134552000034],[107.15848395800003,10.48507971600003],[107.15879043200005,10.484603184000036],[107.15868058300003,10.484530380000024],[107.15859264000005,10.484467290000055],[107.15855620000008,10.484414241000025],[107.15875088400009,10.484310720000053],[107.15901657500007,10.484240242000055],[107.15904516600006,10.484337758000038],[107.15906487800004,10.484348373000046],[107.15922564900006,10.48425572900004],[107.15924726500003,10.484032815000035],[107.15922889800004,10.483987665000029],[107.15938747800004,10.48389411200003],[107.15942515200004,10.483874382000067],[107.15943863200005,10.483750815000064],[107.15943612000007,10.483678029000032],[107.15950356900004,10.483661699000038],[107.15950762300008,10.48369118100004],[107.15950976200008,10.483768035000026],[107.15946763300008,10.483920842000032],[107.15949148400006,10.484013196000035],[107.15956433000008,10.484088734000068],[107.15999019600008,10.484336891000055],[107.16035193900007,10.484389186000044],[107.16051483700005,10.484427822000043],[107.16100810800003,10.484537682000052],[107.16157071600009,10.484647669000026],[107.16171118000005,10.48466583000004],[107.16226632600006,10.484809073000065],[107.16189614400008,10.485209907000069],[107.16187964100004,10.485193512000023],[107.16161164000005,10.485325739000075],[107.16152689000006,10.485167635000039],[107.16143080100005,10.485160676000021],[107.16090073600009,10.485329035000063],[107.16084036700005,10.485369518000027],[107.16084326600009,10.485479644000065],[107.16094512400008,10.48581697700007],[107.16076017800003,10.485891676000051],[107.16057705300005,10.485969814000043],[107.16056615300005,10.485984983000037],[107.16049355600006,10.486115221000034],[107.16049354000006,10.486123901000042],[107.16055427100008,10.486326897000026],[107.16053820800005,10.486608137000076],[107.16053599400004,10.486668076000058],[107.16046241700008,10.486929499000041],[107.16052147800008,10.487049404000061],[107.16057007600006,10.48704994600007],[107.16062549700007,10.48716519900006],[107.16061940700007,10.487339445000032],[107.16039702500007,10.487404219000041],[107.15998415100006,10.487528685000029]]]},"properties":{"OBJECTID":18,"FID":17,"Shape_Leng":1756.4860447399999,"Sothua":500,"So_To":74,"LoaidatHT":"NTS","Khuphomoi":"Khu phố Hương Giang","Sothuacu":0,"Sotocu":28,"Phuongcu":"phường Long Hương","Nguoisudun":" ","Quyetdinh":" ","ID":"500.74","Shape_Length":0.015968616271895136,"Shape_Area":6.3444640680567704e-06}},{"type":"Feature","id":19,"geometry":{"type":"Polygon","coordinates":[[[107.15653538400005,10.487646752000046],[107.15646265300006,10.48770249100005],[107.15626923500008,10.487332528000024],[107.15642903300005,10.487224333000029],[107.15666987900005,10.487537515000042],[107.15653538400005,10.487646752000046]]]},"properties":{"OBJECTID":19,"FID":18,"Shape_Leng":139.961730098,"Sothua":73,"So_To":74,"LoaidatHT":"LUC","Khuphomoi":"Khu phố Hương Giang","Sothuacu":73,"Sotocu":28,"Phuongcu":"phường Long Hương","Nguoisudun":"ĐOÀN THỊ NGA (chết); Sử dụng: NGUYỄN VĂN HOA (chồng).","Quyetdinh":"Quyết định 3693/QĐ-UBND","ID":"73.74","Shape_Length":0.0012704356694558635,"Shape_Area":9.25638851213317e-08}},{"type":"Feature","id":20,"geometry":{"type":"Polygon","coordinates":[[[107.15710868200006,10.487709482000071],[107.15692138400004,10.487866991000033],[107.15667496200007,10.487555336000071],[107.15685520100004,10.487410290000071],[107.15710868200006,10.487709482000071]]]},"properties":{"OBJECTID":20,"FID":19,"Shape_Leng":139.338336607,"Sothua":50,"So_To":74,"LoaidatHT":"LUC","Khuphomoi":"Khu phố Hương Giang","Sothuacu":50,"Sotocu":28,"Phuongcu":"phường Long Hương","Nguoisudun":"NGUYỄN TIẾT HÙNG","Quyetdinh":"Quyết định 3693/QĐ-UBND","ID":"50.74","Shape_Length":0.0012655170288747304,"Shape_Area":9.3939256490247457e-08}},{"type":"Feature","id":21,"geometry":{"type":"Polygon","coordinates":[[[107.15909588700003,10.487987127000054],[107.15894128700006,10.488052388000028],[107.15892355000005,10.488011941000025],[107.15880507500003,10.487718156000028],[107.15907019600007,10.487612867000053],[107.15911387200003,10.487703992000036],[107.15916580800007,10.487823432000027],[107.15919445100008,10.487941833000036],[107.15909588700003,10.487987127000054]]]},"properties":{"OBJECTID":21,"FID":20,"Shape_Leng":140.480479739,"Sothua":28,"So_To":74,"LoaidatHT":"LUC","Khuphomoi":"Khu phố Hương Giang","Sothuacu":28,"Sotocu":28,"Phuongcu":"phường Long Hương","Nguoisudun":"ĐỖ HỒNG LÂM","Quyetdinh":"Quyết định 3693/QĐ-UBND","ID":"28.74","Shape_Length":0.001275595988858192,"Shape_Area":1.0336760863488839e-07}},{"type":"Feature","id":22,"geometry":{"type":"Polygon","coordinates":[[[107.15979501600003,10.488030196000068],[107.15957526600005,10.488151753000068],[107.15945539100005,10.487825778000058],[107.15960476800007,10.487768282000047],[107.15979866100008,10.487697669000056],[107.15989104200008,10.487973957000065],[107.15979714200006,10.488017271000047],[107.15979274300008,10.488024224000071],[107.15979501600003,10.488030196000068]]]},"properties":{"OBJECTID":22,"FID":21,"Shape_Leng":151.28095793899999,"Sothua":97,"So_To":75,"LoaidatHT":"LUC","Khuphomoi":"Khu phố Hương Giang","Sothuacu":97,"Sotocu":29,"Phuongcu":"phường Long Hương","Nguoisudun":"NGUYỄN VĂN NÚI","Quyetdinh":"Quyết định 3693/QĐ-UBND","ID":"97.75","Shape_Length":0.0013742083050684228,"Shape_Area":1.155234755367888e-07}},{"type":"Feature","id":23,"geometry":{"type":"Polygon","coordinates":[[[107.15701762600008,10.487985881000043],[107.15681935600009,10.488148161000026],[107.15671569100004,10.488042006000057],[107.15650151900007,10.487776972000063],[107.15647958100004,10.487735974000032],[107.15648859200007,10.487705161000065],[107.15667496200007,10.487555336000071],[107.15692138400004,10.487866991000033],[107.15701762600008,10.487985881000043]]]},"properties":{"OBJECTID":23,"FID":22,"Shape_Leng":177.673063396,"Sothua":43,"So_To":74,"LoaidatHT":"LUC","Khuphomoi":"Khu phố Hương Giang","Sothuacu":43,"Sotocu":28,"Phuongcu":"phường Long Hương","Nguoisudun":"ĐOÀN VĂN HẢI (chết); Sử dụng: NGUYỄN KIM PHỤNG (vợ).","Quyetdinh":"Quyết định 3693/QĐ-UBND","ID":"43.74","Shape_Length":0.0016133399144792311,"Shape_Area":1.4810183527981079e-07}},{"type":"Feature","id":24,"geometry":{"type":"Polygon","coordinates":[[[107.15957526600005,10.488151753000068],[107.15932646100003,10.488275697000063],[107.15919445100008,10.487941833000036],[107.15945539100005,10.487825778000058],[107.15957526600005,10.488151753000068]]]},"properties":{"OBJECTID":24,"FID":23,"Shape_Leng":139.87709529099999,"Sothua":96,"So_To":75,"LoaidatHT":"LUC","Khuphomoi":"Khu phố Hương Giang","Sothuacu":96,"Sotocu":29,"Phuongcu":"phường Long Hương","Nguoisudun":"TRẦN THỊ HÓA","Quyetdinh":"Quyết định 3693/QĐ-UBND","ID":"96.75","Shape_Length":0.0012698850421278629,"Shape_Area":9.9200444790732266e-08}},{"type":"Feature","id":25,"geometry":{"type":"Polygon","coordinates":[[[107.15716105100006,10.488177006000058],[107.15703714400007,10.488290242000062],[107.15695648400003,10.488288012000055],[107.15681935600009,10.488148161000026],[107.15701762600008,10.487985881000043],[107.15716105100006,10.488177006000058]]]},"properties":{"OBJECTID":25,"FID":24,"Shape_Leng":103.380559187,"Sothua":42,"So_To":74,"LoaidatHT":"LUC","Khuphomoi":"Khu phố Hương Giang","Sothuacu":42,"Sotocu":28,"Phuongcu":"phường Long Hương","Nguoisudun":"ĐOÀN VĂN HẢI (chết); Sử dụng: NGUYỄN KIM PHỤNG (vợ).","Quyetdinh":"Quyết định 3693/QĐ-UBND","ID":"42.74","Shape_Length":0.00093957847441352837,"Shape_Area":5.7205110705115922e-08}},{"type":"Feature","id":26,"geometry":{"type":"Polygon","coordinates":[[[107.15932646100003,10.488275697000063],[107.15923595300006,10.488312507000046],[107.15909588700003,10.487987127000054],[107.15919445100008,10.487941833000036],[107.15932646100003,10.488275697000063]]]},"properties":{"OBJECTID":26,"FID":25,"Shape_Leng":101.41470365000001,"Sothua":24,"So_To":74,"LoaidatHT":"LUC","Khuphomoi":"Khu phố Hương Giang","Sothuacu":24,"Sotocu":28,"Phuongcu":"phường Long Hương","Nguoisudun":"ĐỖ HỒNG LÂM","Quyetdinh":"Quyết định 3693/QĐ-UBND","ID":"24.74","Shape_Length":0.00091944178210940969,"Shape_Area":3.6745777370647723e-08}},{"type":"Feature","id":27,"geometry":{"type":"Polygon","coordinates":[[[107.15923595300006,10.488312507000046],[107.15907505600006,10.488373869000043],[107.15894128700006,10.488052388000028],[107.15909588700003,10.487987127000054],[107.15923595300006,10.488312507000046]]]},"properties":{"OBJECTID":27,"FID":26,"Shape_Leng":114.88642613499999,"Sothua":23,"So_To":74,"LoaidatHT":"LUC","Khuphomoi":"Khu phố Hương Giang","Sothuacu":23,"Sotocu":28,"Phuongcu":"phường Long Hương","Nguoisudun":"ĐỖ HỒNG LÂM","Quyetdinh":"Quyết định 3693/QĐ-UBND","ID":"23.74","Shape_Length":0.0010424586697720653,"Shape_Area":5.9689128525863028e-08}},{"type":"Feature","id":28,"geometry":{"type":"Polygon","coordinates":[[[107.15683595400009,10.488354872000059],[107.15681170900007,10.488374627000042],[107.15666234700006,10.48808738300005],[107.15671569100004,10.488042006000057],[107.15681935600009,10.488148161000026],[107.15695648400003,10.488288012000055],[107.15689866700006,10.488331301000073],[107.15683595400009,10.488354872000059]]]},"properties":{"OBJECTID":28,"FID":27,"Shape_Leng":100.065514941,"Sothua":41,"So_To":74,"LoaidatHT":"LUC","Khuphomoi":"Khu phố Hương Giang","Sothuacu":41,"Sotocu":28,"Phuongcu":"phường Long Hương","Nguoisudun":"TRẦN VĂN NAM","Quyetdinh":"Quyết định 3693/QĐ-UBND","ID":"41.74","Shape_Length":0.0009085259505612845,"Shape_Area":3.9552453967296873e-08}},{"type":"Feature","id":29,"geometry":{"type":"Polygon","coordinates":[[[107.15766525800007,10.488303166000037],[107.15745540800003,10.488502493000055],[107.15716105100006,10.488177006000058],[107.15701762600008,10.487985881000043],[107.15692138400004,10.487866991000033],[107.15710868200006,10.487709482000071],[107.15721005500006,10.487820063000072],[107.15766525800007,10.488303166000037]]]},"properties":{"OBJECTID":29,"FID":28,"Shape_Leng":239.89963970100001,"Sothua":37,"So_To":74,"LoaidatHT":"LUC","Khuphomoi":"Khu phố Hương Giang","Sothuacu":37,"Sotocu":28,"Phuongcu":"phường Long Hương","Nguoisudun":"ĐÀO THỊ NHIỆM","Quyetdinh":"Quyết định 3693/QĐ-UBND","ID":"37.74","Shape_Length":0.0021787075641236399,"Shape_Area":2.2460399378217007e-07}},{"type":"Feature","id":30,"geometry":{"type":"Polygon","coordinates":[[[107.15979637200007,10.488519595000071],[107.15978109700006,10.488529873000061],[107.15957526600005,10.488151753000068],[107.15979501600003,10.488030196000068],[107.15982670400007,10.488084230000027],[107.16000403000004,10.488415917000054],[107.15979637200007,10.488519595000071]]]},"properties":{"OBJECTID":30,"FID":29,"Shape_Leng":151.012245377,"Sothua":95,"So_To":75,"LoaidatHT":"LUC","Khuphomoi":"Khu phố Hương Giang","Sothuacu":95,"Sotocu":29,"Phuongcu":"phường Long Hương","Nguoisudun":"NGUYỄN VĂN NON (chết); Sử dụng: TRẦN THỊ THU HÀ (vợ).","Quyetdinh":"Quyết định 3693/QĐ-UBND","ID":"95.75","Shape_Length":0.0013709075602168807,"Shape_Area":1.0914932252578913e-07}},{"type":"Feature","id":31,"geometry":{"type":"Polygon","coordinates":[[[107.16003857500004,10.488482010000041],[107.15980105000006,10.488592359000052],[107.15977611900007,10.488553642000056],[107.15978109700006,10.488529873000061],[107.15979637200007,10.488519595000071],[107.16000403000004,10.488415917000054],[107.16003857500004,10.488482010000041]]]},"properties":{"OBJECTID":31,"FID":30,"Shape_Leng":72.223272694200006,"Sothua":92,"So_To":75,"LoaidatHT":"LUC","Khuphomoi":"Khu phố Hương Giang","Sothuacu":92,"Sotocu":29,"Phuongcu":"phường Long Hương","Nguoisudun":"NGUYỄN VĂN NON (chết); Sử dụng: TRẦN THỊ THU HÀ (vợ).","Quyetdinh":"Quyết định 3693/QĐ-UBND","ID":"92.75","Shape_Length":0.00065732932770771351,"Shape_Area":1.8525323581582879e-08}},{"type":"Feature","id":32,"geometry":{"type":"Polygon","coordinates":[[[107.15745540800003,10.488502493000055],[107.15732168800008,10.488635872000032],[107.15703714400007,10.488290242000062],[107.15716105100006,10.488177006000058],[107.15745540800003,10.488502493000055]]]},"properties":{"OBJECTID":32,"FID":31,"Shape_Leng":136.91666079000001,"Sothua":38,"So_To":74,"LoaidatHT":"LUC","Khuphomoi":"Khu phố Hương Giang","Sothuacu":38,"Sotocu":28,"Phuongcu":"phường Long Hương","Nguoisudun":"ĐÀO THỊ NHIỆM","Quyetdinh":"Quyết định 3693/QĐ-UBND","ID":"38.74","Shape_Length":0.001243260011001521,"Shape_Area":7.8915882352384048e-08}},{"type":"Feature","id":33,"geometry":{"type":"Polygon","coordinates":[[[107.15977611900007,10.488553642000056],[107.15953064400009,10.488703903000044],[107.15932646100003,10.488275697000063],[107.15957526600005,10.488151753000068],[107.15978109700006,10.488529873000061],[107.15977611900007,10.488553642000056]]]},"properties":{"OBJECTID":33,"FID":32,"Shape_Leng":164.704329976,"Sothua":94,"So_To":75,"LoaidatHT":"LUC","Khuphomoi":"Khu phố Hương Giang","Sothuacu":94,"Sotocu":29,"Phuongcu":"phường Long Hương","Nguoisudun":"TRẦN THỊ NGỌC (chết); Sử dụng: ĐẶNG THỊ NGỌC DUNG (Con).","Quyetdinh":"Quyết định 3693/QĐ-UBND","ID":"94.75","Shape_Length":0.0014949735478452866,"Shape_Area":1.3372790244191954e-07}},{"type":"Feature","id":34,"geometry":{"type":"Polygon","coordinates":[[[107.15980105000006,10.488592359000052],[107.15953259400004,10.488717079000025],[107.15953064400009,10.488703903000044],[107.15977611900007,10.488553642000056],[107.15980105000006,10.488592359000052]]]},"properties":{"OBJECTID":34,"FID":33,"Shape_Leng":70.634075938099997,"Sothua":93,"So_To":75,"LoaidatHT":"LUC","Khuphomoi":"Khu phố Hương Giang","Sothuacu":93,"Sotocu":29,"Phuongcu":"phường Long Hương","Nguoisudun":"NGUYỄN VĂN NON (chết); Sử dụng: TRẦN THỊ THU HÀ (vợ).","Quyetdinh":"Quyết định 3693/QĐ-UBND","ID":"93.75","Shape_Length":0.00064319510908604624,"Shape_Area":8.5152964036613916e-09}},{"type":"Feature","id":35,"geometry":{"type":"Polygon","coordinates":[[[107.15953259400004,10.488717079000025],[107.15925959600008,10.488844096000037],[107.15921124800008,10.488718498000026],[107.15915090600004,10.488551939000047],[107.15907505600006,10.488373869000043],[107.15923595300006,10.488312507000046],[107.15932646100003,10.488275697000063],[107.15953064400009,10.488703903000044],[107.15953259400004,10.488717079000025]]]},"properties":{"OBJECTID":35,"FID":34,"Shape_Leng":172.32183844299999,"Sothua":18,"So_To":74,"LoaidatHT":"LUC","Khuphomoi":"Khu phố Hương Giang","Sothuacu":18,"Sotocu":28,"Phuongcu":"phường Long Hương","Nguoisudun":"TRẦN THỊ NGỌC (chết); Sử dụng: ĐẶNG VĂN DŨNG (con).","Quyetdinh":"Quyết định 3693/QĐ-UBND","ID":"18.74","Shape_Length":0.0015640092940144774,"Shape_Area":1.4108380249904769e-07}},{"type":"Feature","id":36,"geometry":{"type":"Polygon","coordinates":[[[107.16025811200007,10.488882188000048],[107.16010743200007,10.488951254000028],[107.16006834300003,10.488897838000071],[107.16001663100008,10.48881460900003],[107.16018238600009,10.488737300000025],[107.16025811200007,10.488882188000048]]]},"properties":{"OBJECTID":36,"FID":35,"Shape_Leng":74.405304763499998,"Sothua":3,"So_To":75,"LoaidatHT":"LUC","Khuphomoi":"Khu phố Hương Giang","Sothuacu":3,"Sotocu":29,"Phuongcu":"phường Long Hương","Nguoisudun":"NGUYỄN THỊ DẬU (chết); Sử dụng: PHAN VĂN CÔNG (con).","Quyetdinh":"Quyết định 3693/QĐ-UBND","ID":"3.75","Shape_Length":0.00067631210252460966,"Shape_Area":2.8611116219456609e-08}},{"type":"Feature","id":37,"geometry":{"type":"Polygon","coordinates":[[[107.15290015000005,10.489012572000036],[107.15278082400005,10.489070391000041],[107.15270158800007,10.488944481000033],[107.15222290900005,10.488988063000022],[107.15222959800008,10.488787725000066],[107.15222200900007,10.488791056000025],[107.15220733600006,10.488630368000031],[107.15214431000004,10.488578895000046],[107.15214421900004,10.488578805000031],[107.15207278100007,10.48853129500003],[107.15207269000007,10.488531114000068],[107.15205075300008,10.488442288000044],[107.15210233300007,10.488412550000021],[107.15244632300005,10.488196481000045],[107.15274704200004,10.488012698000034],[107.15284737700006,10.487711002000026],[107.15290837200007,10.487534905000075],[107.15296951800008,10.487375625000027],[107.15307447200007,10.487047086000075],[107.15331889600009,10.486348756000041],[107.15356946900005,10.486732751000034],[107.15367958400009,10.486905191000062],[107.15374271300004,10.486997891000044],[107.15379730900008,10.486919606000072],[107.15388049600006,10.486794090000046],[107.15425058400007,10.486257832000035],[107.15436453100006,10.486097564000033],[107.15442334800008,10.486008981000055],[107.15397098600005,10.485669001000076],[107.15402918900008,10.485672696000051],[107.15418527000008,10.485682602000054],[107.15418836200007,10.485690564000038],[107.15441909900005,10.485603479000076],[107.15454234200007,10.485555525000052],[107.15459508200007,10.485535005000031],[107.15464701500008,10.485606437000058],[107.15471679200004,10.485566877000053],[107.15484866100007,10.485493619000067],[107.15486605400008,10.485483455000065],[107.15502491100005,10.485390632000076],[107.15503019600004,10.485387545000037],[107.15518734300008,10.485567124000056],[107.15518969800007,10.485577887000034],[107.15520554800008,10.485601786000075],[107.15508556900005,10.485619372000031],[107.15507525600009,10.485757592000027],[107.15507177700005,10.485857852000038],[107.15511650500008,10.485923484000068],[107.15510110200006,10.485952477000069],[107.15511399700006,10.485993005000068],[107.15500207900004,10.486190706000059],[107.15495656600007,10.486248756000066],[107.15505118200008,10.486405253000044],[107.15513465100008,10.48656281600006],[107.15494936400006,10.486576212000045],[107.15493287900006,10.48664597800007],[107.15499864100008,10.48674727100007],[107.15504845900006,10.48677882800007],[107.15513958700006,10.486896081000054],[107.15521592100004,10.486867202000042],[107.15530093300004,10.486982183000066],[107.15539131000008,10.487110103000077],[107.15550604900005,10.487253439000028],[107.15567962500006,10.487153678000027],[107.15568555100003,10.487160018000054],[107.15571510000007,10.487185208000028],[107.15576531700003,10.487247233000062],[107.15587834100006,10.487187864000077],[107.15597156800004,10.487115075000077],[107.15610572600008,10.487278609000043],[107.15599536800005,10.487376589000064],[107.15607952900007,10.48750693900007],[107.15614592000009,10.48747062700005],[107.15628665200006,10.487684713000021],[107.15624901500007,10.487732380000068],[107.15621063200007,10.487788092000073],[107.15620522000006,10.487799745000075],[107.15615676900006,10.487865835000036],[107.15619492900004,10.488070779000054],[107.15620749500005,10.488092140000049],[107.15605085600004,10.488124305000042],[107.15587510900008,10.488164209000047],[107.15563940500004,10.488219915000059],[107.15538981900005,10.488274056000023],[107.15488743700007,10.488388120000025],[107.15451439500004,10.48846246200003],[107.15425294600004,10.488557086000071],[107.15408910100007,10.488440057000048],[107.15380733300009,10.488602903000071],[107.15376380000004,10.488533566000058],[107.15345818200007,10.488699621000023],[107.15338624800006,10.488577159000045],[107.15320077800004,10.488685486000065],[107.15320577700004,10.488698424000063],[107.15308667600004,10.488782283000035],[107.15295640900007,10.488876428000026],[107.15299423700009,10.488967905000038],[107.15290015000005,10.489012572000036]]]},"properties":{"OBJECTID":37,"FID":36,"Shape_Leng":1763.98349398,"Sothua":3,"So_To":74,"LoaidatHT":"NTS","Khuphomoi":"Khu phố Hương Giang","Sothuacu":3,"Sotocu":28,"Phuongcu":"phường Long Hương","Nguoisudun":"HTX NN QUYẾT THẮNG","Quyetdinh":"Quyết định 3693/QĐ-UBND","ID":"3.74","Shape_Length":0.016029025653893775,"Shape_Area":6.7492927956309262e-06}},{"type":"Feature","id":38,"geometry":{"type":"Polygon","coordinates":[[[107.15978479500006,10.489133557000059],[107.15976833700006,10.489141121000046],[107.15968199400004,10.488970687000062],[107.16001663100008,10.48881460900003],[107.16006834300003,10.488897838000071],[107.16010743200007,10.488951254000028],[107.16004579400004,10.488986128000022],[107.15978479500006,10.489133557000059]]]},"properties":{"OBJECTID":38,"FID":37,"Shape_Leng":122.381198661,"Sothua":356,"So_To":72,"LoaidatHT":"LUC","Khuphomoi":"Khu phố Hương Giang","Sothuacu":356,"Sotocu":23,"Phuongcu":"phường Long Hương","Nguoisudun":"NGUYỄN THỊ DẬU (chết); Sử dụng: PHAN VĂN CÔNG (con).","Quyetdinh":"Quyết định 3693/QĐ-UBND","ID":"356.72","Shape_Length":0.0011131715211022319,"Shape_Area":6.7084595845504127e-08}},{"type":"Feature","id":39,"geometry":{"type":"Polygon","coordinates":[[[107.15010800400006,10.489085793000072],[107.14988703500006,10.489221174000022],[107.14982134000007,10.489180546000057],[107.14963660000006,10.489051361000065],[107.14955576000006,10.489000578000059],[107.14894217600005,10.488559026000075],[107.14946235800005,10.488263550000056],[107.14952420000009,10.488217557000041],[107.14964161500006,10.488155938000034],[107.14986748300004,10.488037383000062],[107.15056002000006,10.487659866000058],[107.15067680300007,10.487593814000036],[107.15088429500008,10.487482277000026],[107.15124953900005,10.487282432000029],[107.15133825800007,10.487226273000033],[107.15188413600004,10.486914929000022],[107.15223861100009,10.486709096000027],[107.15242023300004,10.486606097000049],[107.15268422800006,10.486326138000038],[107.15284330600008,10.486164962000032],[107.15302758100006,10.485964414000023],[107.15312024300005,10.48609125400003],[107.15318257600006,10.486170481000045],[107.15329380700007,10.486331712000037],[107.15318436800004,10.486617839000075],[107.15310570000008,10.486815421000074],[107.15303267300004,10.486978024000052],[107.15293531600008,10.48720387000003],[107.15260584600009,10.487947155000029],[107.15256757800006,10.488037585000029],[107.15256279600004,10.488054031000047],[107.15203970600004,10.488391095000054],[107.15199537100006,10.488406563000069],[107.15169971100005,10.488143814000068],[107.15153254300009,10.487997937000046],[107.15126208200007,10.48826622100006],[107.15111444200005,10.488416297000072],[107.15099382400007,10.488528451000036],[107.15039592700003,10.488906418000056],[107.15010800400006,10.489085793000072]]]},"properties":{"OBJECTID":39,"FID":38,"Shape_Leng":1286.93254462,"Sothua":275,"So_To":74,"LoaidatHT":"NTS","Khuphomoi":"Khu phố Hương Giang","Sothuacu":275,"Sotocu":28,"Phuongcu":"phường Long Hương","Nguoisudun":"HTX NN QUYẾT THẮNG","Quyetdinh":"Quyết định 3693/QĐ-UBND","ID":"275.74","Shape_Length":0.011701515005981102,"Shape_Area":4.5807537388766689e-06}},{"type":"Feature","id":40,"geometry":{"type":"Polygon","coordinates":[[[107.15949787800008,10.489266653000072],[107.15945682700004,10.48928393500006],[107.15941455700005,10.489222287000075],[107.15936173000006,10.489120059000072],[107.15968199400004,10.488970687000062],[107.15976833700006,10.489141121000046],[107.15949787800008,10.489266653000072]]]},"properties":{"OBJECTID":40,"FID":39,"Shape_Leng":118.407726329,"Sothua":355,"So_To":72,"LoaidatHT":"LUC","Khuphomoi":"Khu phố Hương Giang","Sothuacu":355,"Sotocu":23,"Phuongcu":"phường Long Hương","Nguoisudun":"TRẦN THỊ MÉO (chết); Sử dụng: TRẦN VĂN SINH (con).","Quyetdinh":"Quyết định 3693/QĐ-UBND","ID":"355.72","Shape_Length":0.0010769728789101389,"Shape_Area":6.6827468626200272e-08}},{"type":"Feature","id":41,"geometry":{"type":"Polygon","coordinates":[[[107.16041814600004,10.489179937000074],[107.16019454400003,10.489309444000071],[107.16009780600007,10.489113434000046],[107.16004579400004,10.488986128000022],[107.16010743200007,10.488951254000028],[107.16025811200007,10.488882188000048],[107.16026648100006,10.488900556000033],[107.16029124300007,10.48894616900003],[107.16041814600004,10.489179937000074]]]},"properties":{"OBJECTID":41,"FID":40,"Shape_Leng":130.977755436,"Sothua":351,"So_To":72,"LoaidatHT":"LUC","Khuphomoi":"Khu phố Hương Giang","Sothuacu":351,"Sotocu":23,"Phuongcu":"phường Long Hương","Nguoisudun":"NGUYỄN THỊ DẬU (chết); Sử dụng: PHAN VĂN CÔNG (con).","Quyetdinh":"Quyết định 3693/QĐ-UBND","ID":"351.72","Shape_Length":0.0011891542134159446,"Shape_Area":8.7040175052551674e-08}},{"type":"Feature","id":42,"geometry":{"type":"Polygon","coordinates":[[[107.16019454400003,10.489309444000071],[107.15996800000005,10.489448438000068],[107.15992628700008,10.489381457000036],[107.15988212400003,10.489305971000022],[107.15984087500004,10.489235013000041],[107.15978479500006,10.489133557000059],[107.16004579400004,10.488986128000022],[107.16009780600007,10.489113434000046],[107.16019454400003,10.489309444000071]]]},"properties":{"OBJECTID":42,"FID":41,"Shape_Leng":141.63430704500001,"Sothua":352,"So_To":72,"LoaidatHT":"LUC","Khuphomoi":"Khu phố Hương Giang","Sothuacu":352,"Sotocu":23,"Phuongcu":"phường Long Hương","Nguoisudun":"NGUYỄN THỊ DẬU (chết); Sử dụng: PHAN VĂN CÔNG (con).","Quyetdinh":"Quyết định 3693/QĐ-UBND","ID":"352.72","Shape_Length":0.0012860109544039532,"Shape_Area":1.0116495565361906e-07}},{"type":"Feature","id":43,"geometry":{"type":"Polygon","coordinates":[[[107.15238345300008,10.489349106000077],[107.15222002600007,10.489442918000066],[107.15214605300008,10.489336635000029],[107.15222089900004,10.489273669000056],[107.15221661100009,10.489033258000063],[107.15229701400006,10.489026628000033],[107.15232979300004,10.489082654000072],[107.15243954000005,10.489255998000033],[107.15238345300008,10.489349106000077]]]},"properties":{"OBJECTID":43,"FID":42,"Shape_Leng":122.952868638,"Sothua":657,"So_To":71,"LoaidatHT":"LUC","Khuphomoi":"Khu phố Hương Giang","Sothuacu":657,"Sotocu":22,"Phuongcu":"phường Long Hương","Nguoisudun":"HTX NN QUYẾT THẮNG","Quyetdinh":"Quyết định 3693/QĐ-UBND","ID":"657.71","Shape_Length":0.0011156358207771453,"Shape_Area":6.5558264187653666e-08}},{"type":"Feature","id":44,"geometry":{"type":"Polygon","coordinates":[[[107.15222002600007,10.489442918000066],[107.15201565300003,10.48959523700006],[107.15193940000006,10.489485878000039],[107.15205942300008,10.489398314000027],[107.15214605300008,10.489336635000029],[107.15222002600007,10.489442918000066]]]},"properties":{"OBJECTID":44,"FID":43,"Shape_Leng":85.009593237800004,"Sothua":633,"So_To":71,"LoaidatHT":"LUC","Khuphomoi":"Khu phố Hương Giang","Sothuacu":633,"Sotocu":22,"Phuongcu":"phường Long Hương","Nguoisudun":"HỒ VĂN LÀNH; Sử dụng: HỒ VĂN LÀNH.","Quyetdinh":"Quyết định 3693/QĐ-UBND","ID":"633.71","Shape_Length":0.00077261522377140303,"Shape_Area":3.3575615783172297e-08}},{"type":"Feature","id":45,"geometry":{"type":"Polygon","coordinates":[[[107.15375744900007,10.489560264000033],[107.15353564400004,10.489656137000054],[107.15353355600007,10.489649532000044],[107.15347952100007,10.489529908000065],[107.15342224200003,10.489435140000069],[107.15335710900007,10.489339272000052],[107.15344367400007,10.48926321700003],[107.15350809900008,10.48920393800006],[107.15375744900007,10.489560264000033]]]},"properties":{"OBJECTID":45,"FID":44,"Shape_Leng":137.032469983,"Sothua":636,"So_To":71,"LoaidatHT":"LUC","Khuphomoi":"Khu phố Hương Giang","Sothuacu":636,"Sotocu":22,"Phuongcu":"phường Long Hương","Nguoisudun":"PHAN VĂN SÀNG (già yếu); Sử dụng: LÂM THỊ KIM ANH (con dâu).","Quyetdinh":"Quyết định 3693/QĐ-UBND","ID":"636.71","Shape_Length":0.0012441450882446096,"Shape_Area":8.4586586208430359e-08}},{"type":"Feature","id":46,"geometry":{"type":"Polygon","coordinates":[[[107.15974437900007,10.489635627000041],[107.15967368100007,10.489678802000071],[107.15945682700004,10.48928393500006],[107.15949787800008,10.489266653000072],[107.15976833700006,10.489141121000046],[107.15982516000008,10.489236611000024],[107.15994470200008,10.489449751000052],[107.15995883800008,10.489510172000053],[107.15978726700007,10.48961238000004],[107.15974437900007,10.489635627000041]]]},"properties":{"OBJECTID":46,"FID":45,"Shape_Leng":169.79753754999999,"Sothua":353,"So_To":72,"LoaidatHT":"LUC","Khuphomoi":"Khu phố Hương Giang","Sothuacu":353,"Sotocu":23,"Phuongcu":"phường Long Hương","Nguoisudun":"TRẦN THỊ MÉO (chết); Sử dụng: TRẦN VĂN SINH (con).","Quyetdinh":"Quyết định 3693/QĐ-UBND","ID":"353.72","Shape_Length":0.0015420817590978248,"Shape_Area":1.4892600242308766e-07}},{"type":"Feature","id":47,"geometry":{"type":"Polygon","coordinates":[[[107.15353355600007,10.489649532000044],[107.15335169600007,10.489732279000066],[107.15328144400007,10.489637848000029],[107.15347952100007,10.489529908000065],[107.15353355600007,10.489649532000044]]]},"properties":{"OBJECTID":47,"FID":46,"Shape_Leng":74.151039747900001,"Sothua":613,"So_To":71,"LoaidatHT":"LUC","Khuphomoi":"Khu phố Hương Giang","Sothuacu":613,"Sotocu":22,"Phuongcu":"phường Long Hương","Nguoisudun":"PHAN VĂN LỢI","Quyetdinh":"Quyết định 3693/QĐ-UBND","ID":"613.71","Shape_Length":0.00067433722518391406,"Shape_Area":2.6256832426759403e-08}},{"type":"Feature","id":48,"geometry":{"type":"Polygon","coordinates":[[[107.15201565300003,10.48959523700006],[107.15169492600006,10.489826810000068],[107.15167196300007,10.489796299000034],[107.15160501700007,10.489693646000035],[107.15192339900005,10.489493261000064],[107.15193940000006,10.489485878000039],[107.15201565300003,10.48959523700006]]]},"properties":{"OBJECTID":48,"FID":47,"Shape_Leng":119.151649232,"Sothua":606,"So_To":71,"LoaidatHT":"LUC","Khuphomoi":"Khu phố Hương Giang","Sothuacu":606,"Sotocu":22,"Phuongcu":"phường Long Hương","Nguoisudun":"HỒ VĂN LÀNH","Quyetdinh":"Quyết định 3693/QĐ-UBND","ID":"606.71","Shape_Length":0.0010834649543088794,"Shape_Area":5.8555444197722715e-08}},{"type":"Feature","id":49,"geometry":{"type":"Polygon","coordinates":[[[107.15507425900006,10.48981913800003],[107.15490681600005,10.489863849000074],[107.15491086600008,10.489847944000076],[107.15478567200006,10.48977330200006],[107.15470924800007,10.489658336000048],[107.15462088100008,10.489529877000052],[107.15453963600004,10.489403873000072],[107.15446144300006,10.489161875000036],[107.15438749800006,10.488944840000045],[107.15450359300007,10.488904192000064],[107.15456430000006,10.48887871900007],[107.15467286800003,10.488761388000057],[107.15452476500008,10.488485808000064],[107.15462283100004,10.488462304000052],[107.15485705600008,10.488415276000069],[107.15593090200008,10.488176338000073],[107.15622134700004,10.488109253000061],[107.15628181300008,10.488209722000022],[107.15656535900007,10.488407981000023],[107.15663781900008,10.488398443000051],[107.15672078700004,10.488436299000057],[107.15674265100006,10.488419885000042],[107.15674501700005,10.48842441000005],[107.15701380000007,10.488940074000027],[107.15725509400005,10.489403160000052],[107.15700492600007,10.489282446000061],[107.15699050500007,10.489275548000023],[107.15677529400006,10.489171716000044],[107.15647765500006,10.489129933000072],[107.15639307400005,10.489316023000072],[107.15637372300006,10.489355405000026],[107.15628316600004,10.489369702000033],[107.15611448700008,10.489534931000037],[107.15611889900003,10.489569295000024],[107.15594979300005,10.489623226000049],[107.15595024000004,10.489628290000041],[107.15543261500005,10.489735093000036],[107.15507425900006,10.48981913800003]]]},"properties":{"OBJECTID":49,"FID":48,"Shape_Leng":873.74761117200001,"Sothua":11,"So_To":74,"LoaidatHT":"NTS","Khuphomoi":"Khu phố Hương Giang","Sothuacu":11,"Sotocu":28,"Phuongcu":"phường Long Hương","Nguoisudun":"HTX NN QUYẾT THẮNG","Quyetdinh":"Quyết định 3693/QĐ-UBND","ID":"11.74","Shape_Length":0.0079493174580914112,"Shape_Area":3.0204490071595475e-06}},{"type":"Feature","id":50,"geometry":{"type":"Polygon","coordinates":[[[107.15997906600006,10.489875382000037],[107.15995382600005,10.489889800000071],[107.15983197200006,10.489739491000023],[107.15976362900005,10.489649224000061],[107.15981237700004,10.48961902700006],[107.15998156600006,10.489520612000035],[107.16001207600004,10.489569762000031],[107.16014821000005,10.48980119600003],[107.16013907000007,10.489803982000069],[107.15997906600006,10.489875382000037]]]},"properties":{"OBJECTID":50,"FID":49,"Shape_Leng":121.05957864,"Sothua":339,"So_To":72,"LoaidatHT":"LUC","Khuphomoi":"Khu phố Hương Giang","Sothuacu":339,"Sotocu":23,"Phuongcu":"phường Long Hương","Nguoisudun":"BÙI TRỌNG DŨNG; Sử dụng: BÙI TRỌNG DŨNG.","Quyetdinh":"Quyết định 3693/QĐ-UBND","ID":"339.72","Shape_Length":0.0010999795643047855,"Shape_Area":7.3416831593525327e-08}},{"type":"Feature","id":51,"geometry":{"type":"Polygon","coordinates":[[[107.14793286200006,10.489768537000032],[107.14778549100004,10.489872863000073],[107.14774413500004,10.489812119000021],[107.14760177000005,10.489594952000061],[107.14784623900005,10.489495692000048],[107.14789910000007,10.489653559000033],[107.14793286200006,10.489768537000032]]]},"properties":{"OBJECTID":51,"FID":50,"Shape_Leng":117.170767869,"Sothua":32,"So_To":70,"LoaidatHT":"NTS","Khuphomoi":"Khu phố Hương Giang","Sothuacu":32,"Sotocu":21,"Phuongcu":"phường Long Hương","Nguoisudun":"HTX NN QUYẾT THẮNG","Quyetdinh":"Quyết định 3693/QĐ-UBND","ID":"32.70","Shape_Length":0.0010638838800715979,"Shape_Area":6.8252263808497497e-08}},{"type":"Feature","id":52,"geometry":{"type":"Polygon","coordinates":[[[107.15397285300008,10.489706773000023],[107.15364409800009,10.48988526100004],[107.15361880000006,10.489834131000066],[107.15353564400004,10.489656137000054],[107.15375744900007,10.489560264000033],[107.15384857700008,10.489534668000033],[107.15397285300008,10.489706773000023]]]},"properties":{"OBJECTID":52,"FID":51,"Shape_Leng":129.33802696199999,"Sothua":602,"So_To":71,"LoaidatHT":"LUC","Khuphomoi":"Khu phố Hương Giang","Sothuacu":602,"Sotocu":22,"Phuongcu":"phường Long Hương","Nguoisudun":"PHAN VĂN SÀNG (già yếu); Sử dụng: PHAN VĂN SANG (con).","Quyetdinh":"Quyết định 3693/QĐ-UBND","ID":"602.71","Shape_Length":0.0011761666313065324,"Shape_Area":8.3473466747788604e-08}},{"type":"Feature","id":53,"geometry":{"type":"Polygon","coordinates":[[[107.15361880000006,10.489834131000066],[107.15348098300007,10.489911085000074],[107.15335169600007,10.489732279000066],[107.15353355600007,10.489649532000044],[107.15353564400004,10.489656137000054],[107.15361880000006,10.489834131000066]]]},"properties":{"OBJECTID":53,"FID":52,"Shape_Leng":86.035283218800004,"Sothua":590,"So_To":71,"LoaidatHT":"LUC","Khuphomoi":"Khu phố Hương Giang","Sothuacu":590,"Sotocu":22,"Phuongcu":"phường Long Hương","Nguoisudun":"PHAN VĂN LỢI","Quyetdinh":"Quyết định 3693/QĐ-UBND","ID":"590.71","Shape_Length":0.00078168495999013593,"Shape_Area":3.7519461899908018e-08}},{"type":"Feature","id":54,"geometry":{"type":"Polygon","coordinates":[[[107.14820684100005,10.489761913000052],[107.14784078300005,10.489955242000065],[107.14778549100004,10.489872863000073],[107.14793286200006,10.489768537000032],[107.14809320300009,10.489665138000021],[107.14820684100005,10.489761913000052]]]},"properties":{"OBJECTID":54,"FID":53,"Shape_Leng":113.58984503000001,"Sothua":30,"So_To":70,"LoaidatHT":"NTS","Khuphomoi":"Khu phố Hương Giang","Sothuacu":30,"Sotocu":21,"Phuongcu":"phường Long Hương","Nguoisudun":"HTX NN QUYẾT THẮNG","Quyetdinh":"Quyết định 3693/QĐ-UBND","ID":"30.70","Shape_Length":0.0010338000205084037,"Shape_Area":4.7859521277021943e-08}},{"type":"Feature","id":55,"geometry":{"type":"Polygon","coordinates":[[[107.14956603400009,10.489926137000054],[107.14943797900008,10.489962602000048],[107.14923496000006,10.489648582000029],[107.14944502700007,10.489197194000042],[107.14949868000008,10.489229392000027],[107.14952702300008,10.489122489000067],[107.14955576000006,10.489000578000059],[107.14963660000006,10.489051361000065],[107.14982134000007,10.489180546000057],[107.14988703500006,10.489221174000022],[107.15014985500005,10.489554203000068],[107.14999256400006,10.489449843000045],[107.14976566600006,10.489295896000044],[107.14967949100009,10.489358750000065],[107.14951280400004,10.489484921000042],[107.14952687000005,10.489533498000071],[107.14958172300004,10.489654210000026],[107.14966684500007,10.489853546000063],[107.14967111900006,10.489863590000027],[107.14956761100007,10.489913663000038],[107.14956603400009,10.489926137000054]]]},"properties":{"OBJECTID":55,"FID":54,"Shape_Leng":379.21884787699997,"Sothua":643,"So_To":71,"LoaidatHT":"HNK","Khuphomoi":"Khu phố Hương Giang","Sothuacu":643,"Sotocu":22,"Phuongcu":"phường Long Hương","Nguoisudun":"HTX NN QUYẾT THẮNG","Quyetdinh":"Quyết định 3693/QĐ-UBND","ID":"643.71","Shape_Length":0.0034428142585241272,"Shape_Area":2.8678060675938574e-07}},{"type":"Feature","id":56,"geometry":{"type":"Polygon","coordinates":[[[107.15348098300007,10.489911085000074],[107.15334033000005,10.489991105000058],[107.15317666700008,10.489683490000061],[107.15328144400007,10.489637848000029],[107.15335169600007,10.489732279000066],[107.15348098300007,10.489911085000074]]]},"properties":{"OBJECTID":56,"FID":55,"Shape_Leng":106.068353508,"Sothua":585,"So_To":71,"LoaidatHT":"LUC","Khuphomoi":"Khu phố Hương Giang","Sothuacu":585,"Sotocu":22,"Phuongcu":"phường Long Hương","Nguoisudun":"PHAN VĂN LỢI","Quyetdinh":"Quyết định 3693/QĐ-UBND","ID":"585.71","Shape_Length":0.0009628994726015173,"Shape_Area":4.7226188230552372e-08}},{"type":"Feature","id":57,"geometry":{"type":"Polygon","coordinates":[[[107.15694365700006,10.489921708000054],[107.15673818300007,10.490017315000046],[107.15668099100009,10.489857310000048],[107.15687062100005,10.489770959000055],[107.15692528600005,10.489883788000043],[107.15694199000006,10.489918268000054],[107.15694365700006,10.489921708000054]]]},"properties":{"OBJECTID":57,"FID":56,"Shape_Leng":84.996417714399996,"Sothua":577,"So_To":71,"LoaidatHT":"HNK","Khuphomoi":"Khu phố Hương Giang","Sothuacu":577,"Sotocu":22,"Phuongcu":"phường Long Hương","Nguoisudun":"PHẠM MINH KHA (Chết); Sử dụng: PHẠM MINH TUẤN (CON TRAI).","Quyetdinh":"Quyết định 3693/QĐ-UBND","ID":"577.71","Shape_Length":0.00077242209682272772,"Shape_Area":3.6619093125171311e-08}},{"type":"Feature","id":58,"geometry":{"type":"Polygon","coordinates":[[[107.15185932400004,10.489988413000049],[107.15181743500005,10.490014011000028],[107.15169492600006,10.489826810000068],[107.15201565300003,10.48959523700006],[107.15222002600007,10.489442918000066],[107.15238345300008,10.489349106000077],[107.15246012800009,10.489476459000059],[107.15249280100005,10.489540260000069],[107.15247673600004,10.489581186000066],[107.15236206400004,10.489641547000076],[107.15185932400004,10.489988413000049]]]},"properties":{"OBJECTID":58,"FID":57,"Shape_Leng":232.750126908,"Sothua":603,"So_To":71,"LoaidatHT":"LUC","Khuphomoi":"Khu phố Hương Giang","Sothuacu":603,"Sotocu":22,"Phuongcu":"phường Long Hương","Nguoisudun":"VŨ THỊ LỢI (mù); Sử dụng: ĐỖ PHƯỚC THANH (con).","Quyetdinh":"Quyết định 3693/QĐ-UBND","ID":"603.71","Shape_Length":0.002116413334456601,"Shape_Area":1.9642737764352003e-07}},{"type":"Feature","id":59,"geometry":{"type":"Polygon","coordinates":[[[107.15673818300007,10.490017315000046],[107.15661910900008,10.490072719000068],[107.15656104500005,10.489904914000022],[107.15668099100009,10.489857310000048],[107.15673818300007,10.490017315000046]]]},"properties":{"OBJECTID":59,"FID":58,"Shape_Leng":66.962723589999996,"Sothua":568,"So_To":71,"LoaidatHT":"HNK","Khuphomoi":"Khu phố Hương Giang","Sothuacu":568,"Sotocu":22,"Phuongcu":"phường Long Hương","Nguoisudun":"PHẠM MINH KHA (Chết); Sử dụng: PHẠM MINH TUẤN (CON TRAI).","Quyetdinh":"Quyết định 3693/QĐ-UBND","ID":"568.71","Shape_Length":0.00060786560541494731,"Shape_Area":2.2556359068025228e-08}},{"type":"Feature","id":60,"geometry":{"type":"Polygon","coordinates":[[[107.15449968800004,10.489991199000031],[107.15428538600008,10.490080486000068],[107.15421127100007,10.48999979000007],[107.15416226300005,10.489926375000039],[107.15426886100005,10.489836616000048],[107.15441719300009,10.489753625000048],[107.15449968800004,10.489991199000031]]]},"properties":{"OBJECTID":60,"FID":59,"Shape_Leng":109.04186258199999,"Sothua":578,"So_To":71,"LoaidatHT":"LUC","Khuphomoi":"Khu phố Hương Giang","Sothuacu":578,"Sotocu":22,"Phuongcu":"phường Long Hương","Nguoisudun":"PHAN NGỌC LÀNH","Quyetdinh":"Quyết định 3693/QĐ-UBND","ID":"578.71","Shape_Length":0.00099080936015473443,"Shape_Area":6.2394595214484846e-08}},{"type":"Feature","id":61,"geometry":{"type":"Polygon","coordinates":[[[107.15334033000005,10.489991105000058],[107.15317578100007,10.490097844000047],[107.15295244200007,10.489754856000047],[107.15314485800008,10.489645367000037],[107.15317666700008,10.489683490000061],[107.15334033000005,10.489991105000058]]]},"properties":{"OBJECTID":61,"FID":60,"Shape_Leng":134.930844208,"Sothua":584,"So_To":71,"LoaidatHT":"LUC","Khuphomoi":"Khu phố Hương Giang","Sothuacu":584,"Sotocu":22,"Phuongcu":"phường Long Hương","Nguoisudun":"PHAN VĂN LỢI","Quyetdinh":"Quyết định 3693/QĐ-UBND","ID":"584.71","Shape_Length":0.0012249096308171736,"Shape_Area":8.5875235864154592e-08}},{"type":"Feature","id":62,"geometry":{"type":"Polygon","coordinates":[[[107.15766241100005,10.490184440000064],[107.15757268900006,10.490239514000052],[107.15744936600004,10.490019375000031],[107.15750114200006,10.489994983000031],[107.15755128600006,10.489971155000035],[107.15766241100005,10.490184440000064]]]},"properties":{"OBJECTID":62,"FID":61,"Shape_Leng":78.332421873599998,"Sothua":562,"So_To":71,"LoaidatHT":"HNK","Khuphomoi":"Khu phố Hương Giang","Sothuacu":562,"Sotocu":22,"Phuongcu":"phường Long Hương","Nguoisudun":"VÕ NHƯ HẢI (chết); Sử dụng: HỒ THỊ Ảnh (vợ).","Quyetdinh":"Quyết định 3693/QĐ-UBND","ID":"562.71","Shape_Length":0.00071085472286854651,"Shape_Area":2.6814525442202222e-08}},{"type":"Feature","id":63,"geometry":{"type":"Polygon","coordinates":[[[107.15224898900004,10.490107494000029],[107.15203541700004,10.490244698000026],[107.15185932400004,10.489988413000049],[107.15236206400004,10.489641547000076],[107.15247673600004,10.489581186000066],[107.15256737300007,10.489716251000061],[107.15265777400003,10.489879160000044],[107.15224898900004,10.490107494000029]]]},"properties":{"OBJECTID":63,"FID":62,"Shape_Leng":233.40751714000001,"Sothua":579,"So_To":71,"LoaidatHT":"LUC","Khuphomoi":"Khu phố Hương Giang","Sothuacu":579,"Sotocu":22,"Phuongcu":"phường Long Hương","Nguoisudun":"VŨ THỊ LỢI (mù); Sử dụng: ĐỖ PHƯỚC THANH (con).","Quyetdinh":"Quyết định 3693/QĐ-UBND","ID":"579.71","Shape_Length":0.0021223762858949961,"Shape_Area":2.4311502216949544e-07}},{"type":"Feature","id":64,"geometry":{"type":"Polygon","coordinates":[[[107.15400721500004,10.490129329000069],[107.15381228700005,10.490262049000023],[107.15364409800009,10.48988526100004],[107.15397285300008,10.489706773000023],[107.15416226300005,10.489926375000039],[107.15421127100007,10.48999979000007],[107.15400721500004,10.490129329000069]]]},"properties":{"OBJECTID":64,"FID":63,"Shape_Leng":180.77263375499999,"Sothua":569,"So_To":71,"LoaidatHT":"LUC","Khuphomoi":"Khu phố Hương Giang","Sothuacu":569,"Sotocu":22,"Phuongcu":"phường Long Hương","Nguoisudun":"PHAN VĂN SÀNG (già yếu); Sử dụng: PHAN VĂN SANG (con).","Quyetdinh":"Quyết định 3693/QĐ-UBND","ID":"569.71","Shape_Length":0.0016424978039803004,"Shape_Area":1.6731938218329759e-07}},{"type":"Feature","id":65,"geometry":{"type":"Polygon","coordinates":[[[107.15757268900006,10.490239514000052],[107.15740430500006,10.490346428000066],[107.15737593100005,10.490279471000065],[107.15729162500008,10.490093690000037],[107.15744936600004,10.490019375000031],[107.15757268900006,10.490239514000052]]]},"properties":{"OBJECTID":65,"FID":64,"Shape_Leng":99.453939003100004,"Sothua":555,"So_To":71,"LoaidatHT":"HNK","Khuphomoi":"Khu phố Hương Giang","Sothuacu":555,"Sotocu":22,"Phuongcu":"phường Long Hương","Nguoisudun":"VÕ NHƯ HẢI (chết); Sử dụng: HỒ THỊ Ảnh (vợ).","Quyetdinh":"Quyết định 3693/QĐ-UBND","ID":"555.71","Shape_Length":0.00090289324005495041,"Shape_Area":4.9060136456721748e-08}},{"type":"Feature","id":66,"geometry":{"type":"Polygon","coordinates":[[[107.15456768900003,10.490307405000067],[107.15450531700009,10.490343633000066],[107.15443732300008,10.490262587000075],[107.15428538600008,10.490080486000068],[107.15449968800004,10.489991199000031],[107.15456768900003,10.490307405000067]]]},"properties":{"OBJECTID":66,"FID":65,"Shape_Leng":106.934913421,"Sothua":554,"So_To":71,"LoaidatHT":"LUC","Khuphomoi":"Khu phố Hương Giang","Sothuacu":554,"Sotocu":22,"Phuongcu":"phường Long Hương","Nguoisudun":"PHAN NGỌC LÀNH","Quyetdinh":"Quyết định 3693/QĐ-UBND","ID":"554.71","Shape_Length":0.00097067577429895584,"Shape_Area":4.9141868864119132e-08}},{"type":"Feature","id":67,"geometry":{"type":"Polygon","coordinates":[[[107.15322030800007,10.490173149000043],[107.15285693900006,10.490346961000057],[107.15283479800007,10.49022142900003],[107.15267926400008,10.489915094000025],[107.15295244200007,10.489754856000047],[107.15317578100007,10.490097844000047],[107.15322030800007,10.490173149000043]]]},"properties":{"OBJECTID":67,"FID":66,"Shape_Leng":185.79843879200001,"Sothua":564,"So_To":71,"LoaidatHT":"LUC","Khuphomoi":"Khu phố Hương Giang","Sothuacu":564,"Sotocu":22,"Phuongcu":"phường Long Hương","Nguoisudun":"HỒ THỊ LUYẾN; Sử dụng: HỒ THỊ LUYẾN.","Quyetdinh":"Quyết định 3693/QĐ-UBND","ID":"564.71","Shape_Length":0.001687310430383388,"Shape_Area":1.6690213507336796e-07}},{"type":"Feature","id":68,"geometry":{"type":"Polygon","coordinates":[[[107.15866469000008,10.490159996000045],[107.15865340700009,10.490425332000029],[107.15859804800004,10.490424416000053],[107.15855283500008,10.490420714000038],[107.15851147500007,10.490409155000066],[107.15848253600007,10.490398343000038],[107.15843798900005,10.490044209000075],[107.15857250900007,10.490066791000061],[107.15864454600006,10.49013627100004],[107.15866469000008,10.490159996000045]]]},"properties":{"OBJECTID":68,"FID":67,"Shape_Leng":117.37674800800001,"Sothua":546,"So_To":71,"LoaidatHT":"LUC","Khuphomoi":"Khu phố Hương Giang","Sothuacu":546,"Sotocu":22,"Phuongcu":"phường Long Hương","Nguoisudun":"NGUYỄN VĂN XU","Quyetdinh":"Quyết định 3693/QĐ-UBND","ID":"546.71","Shape_Length":0.0010646786070591563,"Shape_Area":6.6867274359984278e-08}},{"type":"Feature","id":69,"geometry":{"type":"Polygon","coordinates":[[[107.15690487600006,10.490348029000074],[107.15672740500008,10.490428886000075],[107.15671740400006,10.490362602000062],[107.15687539100009,10.490288808000059],[107.15690487600006,10.490348029000074]]]},"properties":{"OBJECTID":69,"FID":68,"Shape_Leng":55.243648000199997,"Sothua":536,"So_To":71,"LoaidatHT":"HNK","Khuphomoi":"Khu phố Hương Giang","Sothuacu":536,"Sotocu":22,"Phuongcu":"phường Long Hương","Nguoisudun":"PHẠM MINH KHA (Chết); Sử dụng: PHẠM MINH TUẤN (CON TRAI).","Quyetdinh":"Quyết định 3693/QĐ-UBND","ID":"536.71","Shape_Length":0.00050258346118115037,"Shape_Area":1.2052051420902054e-08}},{"type":"Feature","id":70,"geometry":{"type":"Polygon","coordinates":[[[107.15443732300008,10.490262587000075],[107.15419894300004,10.490426961000026],[107.15400721500004,10.490129329000069],[107.15421127100007,10.48999979000007],[107.15428538600008,10.490080486000068],[107.15443732300008,10.490262587000075]]]},"properties":{"OBJECTID":70,"FID":69,"Shape_Leng":135.60995916600001,"Sothua":544,"So_To":71,"LoaidatHT":"LUC","Khuphomoi":"Khu phố Hương Giang","Sothuacu":544,"Sotocu":22,"Phuongcu":"phường Long Hương","Nguoisudun":"PHAN VĂN SÀNG (già yếu); Sử dụng: LÂM THỊ KIM ANH (con dâu).","Quyetdinh":"Quyết định 3693/QĐ-UBND","ID":"544.71","Shape_Length":0.0012320271843571234,"Shape_Area":9.3304088281658917e-08}},{"type":"Feature","id":71,"geometry":{"type":"Polygon","coordinates":[[[107.15354310200007,10.490388934000066],[107.15344376800005,10.49045402400003],[107.15331225500006,10.490435515000058],[107.15330893100008,10.490311012000063],[107.15322030800007,10.490173149000043],[107.15317578100007,10.490097844000047],[107.15334033000005,10.489991105000058],[107.15348098300007,10.489911085000074],[107.15361880000006,10.489834131000066],[107.15364409800009,10.48988526100004],[107.15381228700005,10.490262049000023],[107.15377886100003,10.49030502200003],[107.15370480000007,10.490339149000022],[107.15354310200007,10.490388934000066]]]},"properties":{"OBJECTID":71,"FID":70,"Shape_Leng":211.10507275000001,"Sothua":553,"So_To":71,"LoaidatHT":"LUC","Khuphomoi":"Khu phố Hương Giang","Sothuacu":553,"Sotocu":22,"Phuongcu":"phường Long Hương","Nguoisudun":"NGUYỄN VĂN HỢI; Sử dụng: NGUYỄN VĂN HỢI.","Quyetdinh":"Quyết định 3693/QĐ-UBND","ID":"553.71","Shape_Length":0.0019181415534723102,"Shape_Area":2.2956289474311171e-07}},{"type":"Feature","id":72,"geometry":{"type":"Polygon","coordinates":[[[107.15877078800008,10.490477356000042],[107.15872546900005,10.490481069000055],[107.15865340700009,10.490425332000029],[107.15866469000008,10.490159996000045],[107.15879397000003,10.490103819000069],[107.15898657300005,10.489990530000057],[107.15907379700008,10.490193304000059],[107.15915867900009,10.49037744900005],[107.15882634300004,10.490470769000069],[107.15877078800008,10.490477356000042]]]},"properties":{"OBJECTID":72,"FID":71,"Shape_Leng":175.10687095200001,"Sothua":540,"So_To":71,"LoaidatHT":"LUC","Khuphomoi":"Khu phố Hương Giang","Sothuacu":540,"Sotocu":22,"Phuongcu":"phường Long Hương","Nguoisudun":"NGUYỄN VĂN XU","Quyetdinh":"Quyết định 3693/QĐ-UBND","ID":"540.71","Shape_Length":0.0015911959882817489,"Shape_Area":1.5997742031246711e-07}},{"type":"Feature","id":73,"geometry":{"type":"Polygon","coordinates":[[[107.15259468400006,10.490432359000067],[107.15248386000007,10.490486849000035],[107.15238085300007,10.490323373000024],[107.15224898900004,10.490107494000029],[107.15265777400003,10.489879160000044],[107.15267926400008,10.489915094000025],[107.15283479800007,10.49022142900003],[107.15285693900006,10.490346961000057],[107.15259468400006,10.490432359000067]]]},"properties":{"OBJECTID":73,"FID":72,"Shape_Leng":201.06131781299999,"Sothua":549,"So_To":71,"LoaidatHT":"LUC","Khuphomoi":"Khu phố Hương Giang","Sothuacu":549,"Sotocu":22,"Phuongcu":"phường Long Hương","Nguoisudun":"ĐỖ DUY QUANG; Sử dụng: ĐỖ DUY QUANG.","Quyetdinh":"Quyết định 3693/QĐ-UBND","ID":"549.71","Shape_Length":0.0018266221689763886,"Shape_Area":2.1129184627482014e-07}},{"type":"Feature","id":74,"geometry":{"type":"Polygon","coordinates":[[[107.15148484600007,10.490285794000044],[107.15103697600006,10.490505916000075],[107.15095390700009,10.490378822000025],[107.15100114300009,10.490328010000042],[107.15117355800004,10.490263600000048],[107.15135502800007,10.490193873000067],[107.15140064100007,10.490179222000052],[107.15146535100007,10.490257278000058],[107.15148484600007,10.490285794000044]]]},"properties":{"OBJECTID":74,"FID":73,"Shape_Leng":140.87262722400001,"Sothua":538,"So_To":71,"LoaidatHT":"LUC","Khuphomoi":"Khu phố Hương Giang","Sothuacu":538,"Sotocu":22,"Phuongcu":"phường Long Hương","Nguoisudun":"PHAN THIỆN TIẾT; Sử dụng: PHAN THIỆN TIẾT.","Quyetdinh":"Quyết định 3693/QĐ-UBND","ID":"538.71","Shape_Length":0.0012825502005302948,"Shape_Area":7.6909196470641933e-08}},{"type":"Feature","id":75,"geometry":{"type":"Polygon","coordinates":[[[107.15746244900004,10.49046723500004],[107.15727586500009,10.49053686600007],[107.15708410700006,10.490191318000029],[107.15711820600006,10.490175391000037],[107.15729162500008,10.490093690000037],[107.15737593100005,10.490279471000065],[107.15740430500006,10.490346428000066],[107.15746244900004,10.49046723500004]]]},"properties":{"OBJECTID":75,"FID":74,"Shape_Leng":135.987846295,"Sothua":541,"So_To":71,"LoaidatHT":"HNK","Khuphomoi":"Khu phố Hương Giang","Sothuacu":541,"Sotocu":22,"Phuongcu":"phường Long Hương","Nguoisudun":"VÕ NHƯ HẢI (chết); Sử dụng: HỒ THỊ Ảnh (vợ).","Quyetdinh":"Quyết định 3693/QĐ-UBND","ID":"541.71","Shape_Length":0.0012344855374016889,"Shape_Area":8.5643764677093852e-08}},{"type":"Feature","id":76,"geometry":{"type":"Polygon","coordinates":[[[107.15672740500008,10.490428886000075],[107.15649439700007,10.490555389000065],[107.15646004900009,10.49048281000006],[107.15671740400006,10.490362602000062],[107.15672740500008,10.490428886000075]]]},"properties":{"OBJECTID":76,"FID":75,"Shape_Leng":76.546764124299997,"Sothua":528,"So_To":71,"LoaidatHT":"HNK","Khuphomoi":"Khu phố Hương Giang","Sothuacu":528,"Sotocu":22,"Phuongcu":"phường Long Hương","Nguoisudun":"PHẠM MINH KHA (Chết); Sử dụng: PHẠM MINH TUẤN (CON TRAI).","Quyetdinh":"Quyết định 3693/QĐ-UBND","ID":"528.71","Shape_Length":0.00069650896615500787,"Shape_Area":1.9758665853880793e-08}},{"type":"Feature","id":77,"geometry":{"type":"Polygon","coordinates":[[[107.15331225500006,10.490435515000058],[107.15294698800005,10.490550465000069],[107.15285693900006,10.490346961000057],[107.15322030800007,10.490173149000043],[107.15330893100008,10.490311012000063],[107.15331225500006,10.490435515000058]]]},"properties":{"OBJECTID":77,"FID":76,"Shape_Leng":142.60422772300001,"Sothua":534,"So_To":71,"LoaidatHT":"LUC","Khuphomoi":"Khu phố Hương Giang","Sothuacu":534,"Sotocu":22,"Phuongcu":"phường Long Hương","Nguoisudun":"HỒ THỊ LUYẾN; Sử dụng: HỒ THỊ LUYẾN.","Quyetdinh":"Quyết định 3693/QĐ-UBND","ID":"534.71","Shape_Length":0.0012967025481002079,"Shape_Area":1.032885819555746e-07}},{"type":"Feature","id":78,"geometry":{"type":"Polygon","coordinates":[[[107.15708213300007,10.490570499000057],[107.15705664600006,10.490570542000057],[107.15704916300007,10.490566098000045],[107.15704369300005,10.490560120000055],[107.15699161200007,10.490469431000065],[107.15689151600009,10.490281278000054],[107.15708410700006,10.490191318000029],[107.15727586500009,10.49053686600007],[107.15721863500005,10.490559633000032],[107.15708213300007,10.490570499000057]]]},"properties":{"OBJECTID":78,"FID":77,"Shape_Leng":128.39682551000001,"Sothua":535,"So_To":71,"LoaidatHT":"HNK","Khuphomoi":"Khu phố Hương Giang","Sothuacu":535,"Sotocu":22,"Phuongcu":"phường Long Hương","Nguoisudun":"ĐỖ VĂN PHƯỚC; Sử dụng: ĐỖ VĂN PHƯỚC.","Quyetdinh":"Quyết định 3693/QĐ-UBND","ID":"535.71","Shape_Length":0.0011662751629122649,"Shape_Area":7.9437843787017499e-08}},{"type":"Feature","id":79,"geometry":{"type":"Polygon","coordinates":[[[107.15414290900009,10.490445029000057],[107.15381397800007,10.490571802000034],[107.15370480000007,10.490339149000022],[107.15377886100003,10.49030502200003],[107.15381228700005,10.490262049000023],[107.15400721500004,10.490129329000069],[107.15419894300004,10.490426961000026],[107.15415091700004,10.490461137000068],[107.15414290900009,10.490445029000057]]]},"properties":{"OBJECTID":79,"FID":78,"Shape_Leng":155.40771371700001,"Sothua":537,"So_To":71,"LoaidatHT":"LUC","Khuphomoi":"Khu phố Hương Giang","Sothuacu":537,"Sotocu":22,"Phuongcu":"phường Long Hương","Nguoisudun":"NGUYỄN VĂN HỢI; Sử dụng: NGUYỄN VĂN HỢI.","Quyetdinh":"Quyết định 3693/QĐ-UBND","ID":"537.71","Shape_Length":0.0014122945852320953,"Shape_Area":1.1711082711224471e-07}},{"type":"Feature","id":80,"geometry":{"type":"Polygon","coordinates":[[[107.15484964900008,10.49047474200006],[107.15472407500005,10.490599274000033],[107.15467260100007,10.490573863000066],[107.15458148500005,10.490450099000043],[107.15450531700009,10.490343633000066],[107.15456768900003,10.490307405000067],[107.15469057800004,10.490297057000021],[107.15473501100007,10.490326614000026],[107.15484964900008,10.49047474200006]]]},"properties":{"OBJECTID":80,"FID":79,"Shape_Leng":105.07286773600001,"Sothua":529,"So_To":71,"LoaidatHT":"LUC","Khuphomoi":"Khu phố Hương Giang","Sothuacu":529,"Sotocu":22,"Phuongcu":"phường Long Hương","Nguoisudun":"PHAN NGỌC LÀNH; Sử dụng: PHAN NGỌC LÀNH.","Quyetdinh":"Quyết định 3693/QĐ-UBND","ID":"529.71","Shape_Length":0.00095497773820649439,"Shape_Area":5.7272572086775602e-08}},{"type":"Feature","id":81,"geometry":{"type":"Polygon","coordinates":[[[107.15214910900005,10.490457108000044],[107.15190063600005,10.490596507000021],[107.15162053900008,10.490173127000048],[107.15163947400004,10.490159781000045],[107.15181743500005,10.490014011000028],[107.15185932400004,10.489988413000049],[107.15203541700004,10.490244698000026],[107.15214910900005,10.490457108000044]]]},"properties":{"OBJECTID":81,"FID":80,"Shape_Leng":181.38653728,"Sothua":539,"So_To":71,"LoaidatHT":"LUC","Khuphomoi":"Khu phố Hương Giang","Sothuacu":539,"Sotocu":22,"Phuongcu":"phường Long Hương","Nguoisudun":"NGÔ VĂN TẤT.","Quyetdinh":"Quyết định 3693/QĐ-UBND","ID":"539.71","Shape_Length":0.0016467241383205783,"Shape_Area":1.5959738063349356e-07}},{"type":"Feature","id":82,"geometry":{"type":"Polygon","coordinates":[[[107.15244570600004,10.490518241000075],[107.15223948200008,10.49063403200006],[107.15214910900005,10.490457108000044],[107.15203541700004,10.490244698000026],[107.15224898900004,10.490107494000029],[107.15238085300007,10.490323373000024],[107.15248386000007,10.490486849000035],[107.15244570600004,10.490518241000075]]]},"properties":{"OBJECTID":82,"FID":81,"Shape_Leng":157.03486159100001,"Sothua":533,"So_To":71,"LoaidatHT":"LUC","Khuphomoi":"Khu phố Hương Giang","Sothuacu":533,"Sotocu":22,"Phuongcu":"phường Long Hương","Nguoisudun":"HUỲNH VĂN GIANG; Sử dụng: HUỲNH VĂN GIANG.","Quyetdinh":"Quyết định 3693/QĐ-UBND","ID":"533.71","Shape_Length":0.0014255427253674078,"Shape_Area":1.1944057027733886e-07}},{"type":"Feature","id":83,"geometry":{"type":"Polygon","coordinates":[[[107.15060608700009,10.490636562000077],[107.15058678600008,10.490649725000026],[107.15035549200007,10.490359793000039],[107.15028997600007,10.490272965000031],[107.15057318400005,10.490075589000071],[107.15083639400007,10.490443787000061],[107.15084048900007,10.490451842000027],[107.15071825500007,10.490548713000067],[107.15060608700009,10.490636562000077]]]},"properties":{"OBJECTID":83,"FID":82,"Shape_Leng":177.06984960200001,"Sothua":532,"So_To":71,"LoaidatHT":"LUC","Khuphomoi":"Khu phố Hương Giang","Sothuacu":532,"Sotocu":22,"Phuongcu":"phường Long Hương","Nguoisudun":"NGUYỄN THỊ NGỌC NƯƠNG; Sử dụng: NGUYỄN THỊ NGỌC NƯƠNG.","Quyetdinh":"Quyết định 3693/QĐ-UBND","ID":"532.71","Shape_Length":0.0016083026235301876,"Shape_Area":1.5797189095534607e-07}},{"type":"Feature","id":84,"geometry":{"type":"Polygon","coordinates":[[[107.15432404800003,10.49064327800005],[107.15423648500007,10.490667978000033],[107.15421129000003,10.490610247000063],[107.15415091700004,10.490461137000068],[107.15419894300004,10.490426961000026],[107.15443732300008,10.490262587000075],[107.15450531700009,10.490343633000066],[107.15458148500005,10.490450099000043],[107.15441621400004,10.490599872000075],[107.15432404800003,10.49064327800005]]]},"properties":{"OBJECTID":84,"FID":83,"Shape_Leng":134.796678695,"Sothua":525,"So_To":71,"LoaidatHT":"LUC","Khuphomoi":"Khu phố Hương Giang","Sothuacu":525,"Sotocu":22,"Phuongcu":"phường Long Hương","Nguoisudun":"PHAN VĂN SÀNG (già yếu); Sử dụng: LÂM THỊ KIM ANH (con dâu).","Quyetdinh":"Quyết định 3693/QĐ-UBND","ID":"525.71","Shape_Length":0.0012249528683838822,"Shape_Area":9.5554212921067873e-08}},{"type":"Feature","id":85,"geometry":{"type":"Polygon","coordinates":[[[107.15381899700009,10.490622894000069],[107.15351101000005,10.490689220000036],[107.15344376800005,10.49045402400003],[107.15354310200007,10.490388934000066],[107.15370480000007,10.490339149000022],[107.15381397800007,10.490571802000034],[107.15381899700009,10.490622894000069]]]},"properties":{"OBJECTID":85,"FID":84,"Shape_Leng":127.20944413700001,"Sothua":522,"So_To":71,"LoaidatHT":"LUC","Khuphomoi":"Khu phố Hương Giang","Sothuacu":522,"Sotocu":22,"Phuongcu":"phường Long Hương","Nguoisudun":"Đăng ký: ; Sử dụng: .","Quyetdinh":"Quyết định 3693/QĐ-UBND","ID":"522.71","Shape_Length":0.0011559504216186916,"Shape_Area":8.7036062589462496e-08}},{"type":"Feature","id":86,"geometry":{"type":"Polygon","coordinates":[[[107.15862946900006,10.49061940100006],[107.15858244500004,10.490703576000044],[107.15835147100006,10.490673220000076],[107.15816063300008,10.490625851000061],[107.15801754200004,10.490594936000036],[107.15800137000008,10.490595990000031],[107.15797990400006,10.490403013000048],[107.15801398500008,10.490399550000063],[107.15807667500007,10.490387823000049],[107.15814091200008,10.490379715000074],[107.15819306200007,10.490386141000045],[107.15827188800006,10.490392074000056],[107.15843199400007,10.490411177000055],[107.15848396600006,10.490415523000024],[107.15855453900008,10.490437806000045],[107.15857454200005,10.490439742000035],[107.15865164000007,10.490441512000075],[107.15870352800005,10.490490069000032],[107.15870452100006,10.490496129000064],[107.15862946900006,10.49061940100006]]]},"properties":{"OBJECTID":86,"FID":85,"Shape_Leng":195.78489050799999,"Sothua":524,"So_To":71,"LoaidatHT":"LUC","Khuphomoi":"Khu phố Hương Giang","Sothuacu":524,"Sotocu":22,"Phuongcu":"phường Long Hương","Nguoisudun":"NGUYỄN VĂN XU; Sử dụng: NGUYỄN VĂN XU.","Quyetdinh":"Quyết định 3693/QĐ-UBND","ID":"524.71","Shape_Length":0.0017832927101988168,"Shape_Area":1.6666620501575677e-07}},{"type":"Feature","id":87,"geometry":{"type":"Polygon","coordinates":[[[107.15457943600006,10.490613560000043],[107.15447349900006,10.490740208000034],[107.15445912900009,10.490706909000039],[107.15441621400004,10.490599872000075],[107.15458148500005,10.490450099000043],[107.15467260100007,10.490573863000066],[107.15460074800006,10.490604476000044],[107.15457943600006,10.490613560000043]]]},"properties":{"OBJECTID":87,"FID":86,"Shape_Leng":87.527005238300006,"Sothua":518,"So_To":71,"LoaidatHT":"LUC","Khuphomoi":"Khu phố Hương Giang","Sothuacu":518,"Sotocu":22,"Phuongcu":"phường Long Hương","Nguoisudun":"PHAN NGỌC LÀNH","Quyetdinh":"Quyết định 3693/QĐ-UBND","ID":"518.71","Shape_Length":0.00079469594198410248,"Shape_Area":3.2043297593145154e-08}},{"type":"Feature","id":88,"geometry":{"type":"Polygon","coordinates":[[[107.15431150900008,10.490750935000051],[107.15428847700008,10.490756859000044],[107.15423648500007,10.490667978000033],[107.15432404800003,10.49064327800005],[107.15441621400004,10.490599872000075],[107.15445912900009,10.490706909000039],[107.15436963800005,10.490736036000044],[107.15431150900008,10.490750935000051]]]},"properties":{"OBJECTID":88,"FID":87,"Shape_Leng":64.748262522700003,"Sothua":505,"So_To":71,"LoaidatHT":"LUC","Khuphomoi":"Khu phố Hương Giang","Sothuacu":505,"Sotocu":22,"Phuongcu":"phường Long Hương","Nguoisudun":"PHAN NGỌC LÀNH.","Quyetdinh":"Quyết định 3693/QĐ-UBND","ID":"505.71","Shape_Length":0.00058904762041816767,"Shape_Area":1.9450093159821342e-08}},{"type":"Feature","id":89,"geometry":{"type":"Polygon","coordinates":[[[107.15210230600007,10.490710352000065],[107.15201030000009,10.490765601000021],[107.15190063600005,10.490596507000021],[107.15214910900005,10.490457108000044],[107.15223948200008,10.49063403200006],[107.15210230600007,10.490710352000065]]]},"properties":{"OBJECTID":89,"FID":88,"Shape_Leng":104.45817402599999,"Sothua":514,"So_To":71,"LoaidatHT":"LUC","Khuphomoi":"Khu phố Hương Giang","Sothuacu":514,"Sotocu":22,"Phuongcu":"phường Long Hương","Nguoisudun":"NGÔ VĂN TẤT","Quyetdinh":"Quyết định 3693/QĐ-UBND","ID":"514.71","Shape_Length":0.00094941318619744242,"Shape_Area":5.4591743955389549e-08}},{"type":"Feature","id":90,"geometry":{"type":"Polygon","coordinates":[[[107.15421129000003,10.490610247000063],[107.15389307200007,10.490772120000031],[107.15381899700009,10.490622894000069],[107.15381397800007,10.490571802000034],[107.15414290900009,10.490445029000057],[107.15415091700004,10.490461137000068],[107.15421129000003,10.490610247000063]]]},"properties":{"OBJECTID":90,"FID":89,"Shape_Leng":121.66735226500001,"Sothua":517,"So_To":71,"LoaidatHT":"LUC","Khuphomoi":"Khu phố Hương Giang","Sothuacu":517,"Sotocu":22,"Phuongcu":"phường Long Hương","Nguoisudun":"BCH QUÂN SỰ PHƯỜNG","Quyetdinh":"Quyết định 3693/QĐ-UBND","ID":"517.71","Shape_Length":0.0011063335213473892,"Shape_Area":7.1409711018124757e-08}},{"type":"Feature","id":91,"geometry":{"type":"Polygon","coordinates":[[[107.14761366800008,10.490622950000045],[107.14734735700006,10.49077316100005],[107.14728064700006,10.49064347500007],[107.14725191300005,10.490526971000065],[107.14772746000006,10.490262335000068],[107.14787432600008,10.490466128000037],[107.14761366800008,10.490622950000045]]]},"properties":{"OBJECTID":91,"FID":90,"Shape_Leng":183.77416526600001,"Sothua":650,"So_To":23,"LoaidatHT":"LUC","Khuphomoi":"Khu phố Núi Dinh","Sothuacu":0,"Sotocu":23,"Phuongcu":"Phường Kim Dinh","Nguoisudun":" ","Quyetdinh":" ","ID":"650.23","Shape_Length":0.0016712039769863655,"Shape_Area":1.5073672271262756e-07}},{"type":"Feature","id":92,"geometry":{"type":"Polygon","coordinates":[[[107.15094279600004,10.490788726000062],[107.15089397700007,10.490807801000074],[107.15071825500007,10.490548713000067],[107.15084048900007,10.490451842000027],[107.15106362200004,10.490805951000027],[107.15094279600004,10.490788726000062]]]},"properties":{"OBJECTID":92,"FID":91,"Shape_Leng":116.96137039200001,"Sothua":508,"So_To":71,"LoaidatHT":"LUC","Khuphomoi":"Khu phố Hương Giang","Sothuacu":508,"Sotocu":22,"Phuongcu":"phường Long Hương","Nguoisudun":" NGUYỄN THỊ NGỌC NƯƠNG.","Quyetdinh":"Quyết định 3693/QĐ-UBND","ID":"508.71","Shape_Length":0.0010620302022933006,"Shape_Area":5.301584129642797e-08}},{"type":"Feature","id":93,"geometry":{"type":"Polygon","coordinates":[[[107.15126188800008,10.490837787000032],[107.15120835500005,10.490838319000034],[107.15115752800006,10.490761012000064],[107.15114267800004,10.49069290400007],[107.15103697600006,10.490505916000075],[107.15148484600007,10.490285794000044],[107.15162913700004,10.49021500300006],[107.15169835400008,10.490324531000056],[107.15184464700008,10.490543420000051],[107.15126188800008,10.490837787000032]]]},"properties":{"OBJECTID":93,"FID":92,"Shape_Leng":234.85019315599999,"Sothua":521,"So_To":71,"LoaidatHT":"LUC","Khuphomoi":"Khu phố Hương Giang","Sothuacu":521,"Sotocu":22,"Phuongcu":"phường Long Hương","Nguoisudun":"HUỲNH VĂN NHÀNH","Quyetdinh":"Quyết định 3693/QĐ-UBND","ID":"521.71","Shape_Length":0.0021360479078694318,"Shape_Area":2.6653578772166648e-07}},{"type":"Feature","id":94,"geometry":{"type":"Polygon","coordinates":[[[107.15089397700007,10.490807801000074],[107.15078162200007,10.490849902000036],[107.15067734900003,10.490728554000043],[107.15066240700008,10.490707460000067],[107.15060608700009,10.490636562000077],[107.15071825500007,10.490548713000067],[107.15089397700007,10.490807801000074]]]},"properties":{"OBJECTID":94,"FID":93,"Shape_Leng":93.797515735900006,"Sothua":506,"So_To":71,"LoaidatHT":"LUC","Khuphomoi":"Khu phố Hương Giang","Sothuacu":506,"Sotocu":22,"Phuongcu":"phường Long Hương","Nguoisudun":" NGUYỄN THỊ NGỌC NƯƠNG.","Quyetdinh":"Quyết định 3693/QĐ-UBND","ID":"506.71","Shape_Length":0.0008519057684204769,"Shape_Area":3.8337261981783635e-08}},{"type":"Feature","id":95,"geometry":{"type":"Polygon","coordinates":[[[107.14883117200009,10.490789121000034],[107.14872197900007,10.490849720000028],[107.14867451800006,10.490732728000069],[107.14868682600007,10.490651562000039],[107.14855642300006,10.490483965000067],[107.14850588400009,10.490163723000023],[107.14847254200004,10.490068005000069],[107.14839461700006,10.489879350000024],[107.14820684100005,10.489761913000052],[107.14809320300009,10.489665138000021],[107.14793286200006,10.489768537000032],[107.14789910000007,10.489653559000033],[107.14784623900005,10.489495692000048],[107.14760177000005,10.489594952000061],[107.14755742800008,10.489519285000029],[107.14747100600005,10.489378893000037],[107.14820198400008,10.488971528000036],[107.14828848600007,10.488923323000051],[107.14894217600005,10.488559026000075],[107.14955576000006,10.489000578000059],[107.14952702300008,10.489122489000067],[107.14949868000008,10.489229392000027],[107.14944502700007,10.489197194000042],[107.14923496000006,10.489648582000029],[107.14943797900008,10.489962602000048],[107.14946468300008,10.490136966000023],[107.14947113800008,10.490295107000065],[107.14948140600006,10.490513470000053],[107.14954208700004,10.490548664000073],[107.14952124800004,10.490554139000039],[107.14931468400005,10.490656818000048],[107.14924307500007,10.490697911000041],[107.14926263600006,10.490549673000032],[107.14883117200009,10.490789121000034]]]},"properties":{"OBJECTID":95,"FID":94,"Shape_Leng":853.396749215,"Sothua":31,"So_To":70,"LoaidatHT":"NTS","Khuphomoi":"Khu phố Hương Giang","Sothuacu":31,"Sotocu":21,"Phuongcu":"phường Long Hương","Nguoisudun":"HTX NN QUYẾT THẮNG","Quyetdinh":"Quyết định 3693/QĐ-UBND","ID":"31.70","Shape_Length":0.0077510697049005981,"Shape_Area":2.4022564568866977e-06}},{"type":"Feature","id":96,"geometry":{"type":"Polygon","coordinates":[[[107.15333990200008,10.490786362000051],[107.15319734000008,10.490860955000073],[107.15312822900006,10.490790485000048],[107.15303818100006,10.490777388000026],[107.15298010700008,10.49066797100005],[107.15294698800005,10.490550465000069],[107.15331225500006,10.490435515000058],[107.15344376800005,10.49045402400003],[107.15351101000005,10.490689220000036],[107.15351547000006,10.490697456000021],[107.15333990200008,10.490786362000051]]]},"properties":{"OBJECTID":96,"FID":95,"Shape_Leng":171.85337215999999,"Sothua":510,"So_To":71,"LoaidatHT":"LUC","Khuphomoi":"Khu phố Hương Giang","Sothuacu":510,"Sotocu":22,"Phuongcu":"phường Long Hương","Nguoisudun":"PHẠM NGỌC QU","Quyetdinh":"Quyết định 3693/QĐ-UBND","ID":"510.71","Shape_Length":0.0015630715033154079,"Shape_Area":1.5738646789142063e-07}},{"type":"Feature","id":97,"geometry":{"type":"Polygon","coordinates":[[[107.16330037200004,10.490753546000064],[107.16288733300007,10.490915794000045],[107.16280435200008,10.490691059000028],[107.16274862100005,10.490548377000039],[107.16272163800005,10.490469670000039],[107.16279924500009,10.490443504000041],[107.16282639800005,10.490432705000046],[107.16283983100004,10.490430288000027],[107.16324095600004,10.490336368000044],[107.16338816300004,10.490317291000054],[107.16334992900005,10.490488370000037],[107.16331995900003,10.49063704100007],[107.16330037200004,10.490753546000064]]]},"properties":{"OBJECTID":97,"FID":96,"Shape_Leng":225.55572882499999,"Sothua":288,"So_To":72,"LoaidatHT":"LUC","Khuphomoi":"Khu phố Hương Giang","Sothuacu":288,"Sotocu":23,"Phuongcu":"phường Long Hương","Nguoisudun":"NGUYỄN VĂN BẢY (chết); Sử dụng: NGUYỄN VĂN SƠN (con).","Quyetdinh":"Quyết định 3693/QĐ-UBND","ID":"288.72","Shape_Length":0.0020499947068814408,"Shape_Area":2.5057717494932777e-07}},{"type":"Feature","id":98,"geometry":{"type":"Polygon","coordinates":[[[107.15047897700003,10.490846076000025],[107.15037131400004,10.490919469000062],[107.15006150100004,10.49041601600004],[107.15008227400006,10.490349965000064],[107.15013259500006,10.490214895000065],[107.15015361700006,10.490161864000072],[107.15016976300006,10.490126905000068],[107.15028997600007,10.490272965000031],[107.15035549200007,10.490359793000039],[107.15058678600008,10.490649725000026],[107.15043466500003,10.490754406000065],[107.15047897700003,10.490846076000025]]]},"properties":{"OBJECTID":98,"FID":97,"Shape_Leng":218.911407035,"Sothua":520,"So_To":71,"LoaidatHT":"LUC","Khuphomoi":"Khu phố Hương Giang","Sothuacu":520,"Sotocu":22,"Phuongcu":"phường Long Hương","Nguoisudun":"BÙI THỊ HỬNG","Quyetdinh":"Quyết định 3693/QĐ-UBND","ID":"520.71","Shape_Length":0.0019856795016894354,"Shape_Area":1.8328610103200828e-07}},{"type":"Feature","id":99,"geometry":{"type":"Polygon","coordinates":[[[107.15653905300007,10.490707273000055],[107.15625286000005,10.49093864300005],[107.15612115400006,10.490829271000052],[107.15621074700005,10.490650515000027],[107.15625782600006,10.490577266000059],[107.15646004900009,10.49048281000006],[107.15649439700007,10.490555389000065],[107.15646796900006,10.490568992000021],[107.15653905300007,10.490707273000055]]]},"properties":{"OBJECTID":99,"FID":98,"Shape_Leng":144.75664837299999,"Sothua":511,"So_To":71,"LoaidatHT":"CLN","Khuphomoi":"Khu phố Hương Giang","Sothuacu":511,"Sotocu":22,"Phuongcu":"phường Long Hương","Nguoisudun":"BÙI TRỌNG DŨNG","Quyetdinh":"Quyết định 3693/QĐ-UBND","ID":"511.71","Shape_Length":0.0013149395030576964,"Shape_Area":1.0123733094613277e-07}},{"type":"Feature","id":100,"geometry":{"type":"Polygon","coordinates":[[[107.15421975800007,10.490863957000045],[107.15411574900008,10.490937177000035],[107.15405585400003,10.490920248000066],[107.15395870500004,10.490845657000023],[107.15389710500006,10.490813084000024],[107.15389307200007,10.490772120000031],[107.15421129000003,10.490610247000063],[107.15423648500007,10.490667978000033],[107.15428847700008,10.490756859000044],[107.15426540400006,10.490831766000042],[107.15421975800007,10.490863957000045]]]},"properties":{"OBJECTID":100,"FID":99,"Shape_Leng":118.76505329299999,"Sothua":501,"So_To":71,"LoaidatHT":"LUC","Khuphomoi":"Khu phố Hương Giang","Sothuacu":501,"Sotocu":22,"Phuongcu":"phường Long Hương","Nguoisudun":" BCH QUÂN SỰ PHƯỜNG.","Quyetdinh":"Quyết định 3693/QĐ-UBND","ID":"501.71","Shape_Length":0.0010799825705766917,"Shape_Area":7.3295172631487663e-08}},{"type":"Feature","id":101,"geometry":{"type":"Polygon","coordinates":[[[107.15405585400003,10.490920248000066],[107.15397072900004,10.490959327000041],[107.15391264600004,10.490950358000021],[107.15389710500006,10.490813084000024],[107.15395870500004,10.490845657000023],[107.15405585400003,10.490920248000066]]]},"properties":{"OBJECTID":101,"FID":100,"Shape_Leng":53.107759524099997,"Sothua":487,"So_To":71,"LoaidatHT":"LUC","Khuphomoi":"Khu phố Hương Giang","Sothuacu":487,"Sotocu":22,"Phuongcu":"phường Long Hương","Nguoisudun":"Đăng ký: NGUYỄN THÀNH BẰNG; Sử dụng: Tập đoàn Hương Sơn.","Quyetdinh":"Quyết định 3693/QĐ-UBND","ID":"487.71","Shape_Length":0.0004827523865043792,"Shape_Area":1.2295178703305567e-08}},{"type":"Feature","id":102,"geometry":{"type":"Polygon","coordinates":[[[107.15303818100006,10.490777388000026],[107.15268903900005,10.490963160000035],[107.15244570600004,10.490518241000075],[107.15248386000007,10.490486849000035],[107.15259468400006,10.490432359000067],[107.15285693900006,10.490346961000057],[107.15294698800005,10.490550465000069],[107.15298010700008,10.49066797100005],[107.15303818100006,10.490777388000026]]]},"properties":{"OBJECTID":102,"FID":101,"Shape_Leng":200.35151109899999,"Sothua":509,"So_To":71,"LoaidatHT":"LUC","Khuphomoi":"Khu phố Hương Giang","Sothuacu":509,"Sotocu":22,"Phuongcu":"phường Long Hương","Nguoisudun":"NGUYỄN NGỌC THANH.","Quyetdinh":"Quyết định 3693/QĐ-UBND","ID":"509.71","Shape_Length":0.0018198093040446882,"Shape_Area":2.0923480358238741e-07}},{"type":"Feature","id":103,"geometry":{"type":"Polygon","coordinates":[[[107.15072365900005,10.490825833000031],[107.15054023100004,10.490963817000022],[107.15047897700003,10.490846076000025],[107.15043466500003,10.490754406000065],[107.15058678600008,10.490649725000026],[107.15060373200004,10.490673446000073],[107.15072365900005,10.490825833000031]]]},"properties":{"OBJECTID":103,"FID":102,"Shape_Leng":95.999445026000004,"Sothua":495,"So_To":71,"LoaidatHT":"LUC","Khuphomoi":"Khu phố Hương Giang","Sothuacu":495,"Sotocu":22,"Phuongcu":"phường Long Hương","Nguoisudun":"NGUYỄN THỊ NGỌC NƯƠNG.","Quyetdinh":"Quyết định 3693/QĐ-UBND","ID":"495.71","Shape_Length":0.00087180209165851647,"Shape_Area":4.7115682073117592e-08}},{"type":"Feature","id":104,"geometry":{"type":"Polygon","coordinates":[[[107.15054023100004,10.490963817000022],[107.15048598300007,10.491003767000052],[107.15041393100006,10.490990341000042],[107.15037131400004,10.490919469000062],[107.15047897700003,10.490846076000025],[107.15054023100004,10.490963817000022]]]},"properties":{"OBJECTID":104,"FID":103,"Shape_Leng":53.525692799799998,"Sothua":486,"So_To":71,"LoaidatHT":"LUC","Khuphomoi":"Khu phố Hương Giang","Sothuacu":486,"Sotocu":22,"Phuongcu":"phường Long Hương","Nguoisudun":"Đăng ký: BÙI THỊ HỬNG; Sử dụng: BÙI THỊ HỬNG.","Quyetdinh":"Quyết định 3693/QĐ-UBND","ID":"486.71","Shape_Length":0.00048638231810855446,"Shape_Area":1.5430141031110291e-08}},{"type":"Feature","id":105,"geometry":{"type":"Polygon","coordinates":[[[107.15382934600007,10.490990796000062],[107.15372927800007,10.49100986600007],[107.15364095600006,10.491000840000027],[107.15351547000006,10.490697456000021],[107.15351101000005,10.490689220000036],[107.15381899700009,10.490622894000069],[107.15389307200007,10.490772120000031],[107.15389710500006,10.490813084000024],[107.15391264600004,10.490950358000021],[107.15382934600007,10.490990796000062]]]},"properties":{"OBJECTID":105,"FID":104,"Shape_Leng":141.09379629,"Sothua":498,"So_To":71,"LoaidatHT":"LUC","Khuphomoi":"Khu phố Hương Giang","Sothuacu":498,"Sotocu":22,"Phuongcu":"phường Long Hương","Nguoisudun":" BCH QUÂN SỰ PHƯỜNG.","Quyetdinh":"Quyết định 3693/QĐ-UBND","ID":"498.71","Shape_Length":0.0012818858538432593,"Shape_Area":1.0876919946904514e-07}},{"type":"Feature","id":106,"geometry":{"type":"Polygon","coordinates":[[[107.15194894000007,10.490702831000021],[107.15129713500005,10.491036306000069],[107.15120335600005,10.490872395000054],[107.15120835500005,10.490838319000034],[107.15126188800008,10.490837787000032],[107.15184464700008,10.490543420000051],[107.15194894000007,10.490702831000021]]]},"properties":{"OBJECTID":106,"FID":105,"Shape_Leng":203.516605836,"Sothua":496,"So_To":71,"LoaidatHT":"LUC","Khuphomoi":"Khu phố Hương Giang","Sothuacu":496,"Sotocu":22,"Phuongcu":"phường Long Hương","Nguoisudun":"NGÔ VĂN TẤT.","Quyetdinh":"Quyết định 3693/QĐ-UBND","ID":"496.71","Shape_Length":0.0018523587476696234,"Shape_Area":1.3970467796526229e-07}},{"type":"Feature","id":107,"geometry":{"type":"Polygon","coordinates":[[[107.15041393100006,10.490990341000042],[107.15022687900006,10.491064667000046],[107.15017923900007,10.490993695000043],[107.15003328000006,10.490744156000062],[107.14997899900004,10.490658615000029],[107.14998700400008,10.49062843300004],[107.15001108100006,10.490554974000077],[107.15006150100004,10.49041601600004],[107.15037131400004,10.490919469000062],[107.15041393100006,10.490990341000042]]]},"properties":{"OBJECTID":107,"FID":106,"Shape_Leng":177.25655406000001,"Sothua":494,"So_To":71,"LoaidatHT":"LUC","Khuphomoi":"Khu phố Hương Giang","Sothuacu":494,"Sotocu":22,"Phuongcu":"phường Long Hương","Nguoisudun":"NGUYỄN HUY QUỐC.","Quyetdinh":"Quyết định 3693/QĐ-UBND","ID":"494.71","Shape_Length":0.0016073505018184189,"Shape_Area":1.1467925818828504e-07}},{"type":"Feature","id":108,"geometry":{"type":"Polygon","coordinates":[[[107.16287663700007,10.490919933000043],[107.16256160800003,10.491087788000073],[107.16233168600007,10.490645071000074],[107.16232394200006,10.490633664000029],[107.16272163800005,10.490469670000039],[107.16274862100005,10.490548377000039],[107.16280435200008,10.490691059000028],[107.16288733300007,10.490915794000045],[107.16287663700007,10.490919933000043]]]},"properties":{"OBJECTID":108,"FID":107,"Shape_Leng":196.80471694799999,"Sothua":289,"So_To":72,"LoaidatHT":"LUC","Khuphomoi":"Khu phố Hương Giang","Sothuacu":289,"Sotocu":23,"Phuongcu":"phường Long Hương","Nguoisudun":"LÊ THỊ DUYÊN (già yếu); Sử dụng: TRƯƠNG NGỌC LÂM (con).","Quyetdinh":"Quyết định 3693/QĐ-UBND","ID":"289.72","Shape_Length":0.0017872056002262459,"Shape_Area":1.9588772430496968e-07}},{"type":"Feature","id":109,"geometry":{"type":"Polygon","coordinates":[[[107.15852488400009,10.49099667400003],[107.15828034800006,10.491084189000048],[107.15835147100006,10.490673220000076],[107.15858244500004,10.490703576000044],[107.15865322400003,10.490954510000051],[107.15852488400009,10.49099667400003]]]},"properties":{"OBJECTID":109,"FID":108,"Shape_Leng":143.754824692,"Sothua":491,"So_To":71,"LoaidatHT":"LUC","Khuphomoi":"Khu phố Hương Giang","Sothuacu":491,"Sotocu":22,"Phuongcu":"phường Long Hương","Nguoisudun":" NGUYỄN THỊ VẠN.","Quyetdinh":"Quyết định 3693/QĐ-UBND","ID":"491.71","Shape_Length":0.0013055762423618382,"Shape_Area":9.9453460248845917e-08}},{"type":"Feature","id":110,"geometry":{"type":"Polygon","coordinates":[[[107.15918803300008,10.491035880000027],[107.15908306100005,10.491087942000036],[107.15905012600007,10.49101663700003],[107.15894675000004,10.490757506000023],[107.15882634300004,10.490470769000069],[107.15915867900009,10.49037744900005],[107.15931375300005,10.490689747000033],[107.15917226400006,10.490776912000058],[107.15925852100008,10.49091115300007],[107.15929712600007,10.490978761000065],[107.15918803300008,10.491035880000027]]]},"properties":{"OBJECTID":110,"FID":109,"Shape_Leng":221.00063349600001,"Sothua":512,"So_To":71,"LoaidatHT":"LUC","Khuphomoi":"Khu phố Hương Giang","Sothuacu":512,"Sotocu":22,"Phuongcu":"phường Long Hương","Nguoisudun":"NGUYỄN THANH DŨNG","Quyetdinh":"Quyết định 3693/QĐ-UBND","ID":"512.71","Shape_Length":0.0020063121798768865,"Shape_Area":1.9244846524109159e-07}},{"type":"Feature","id":111,"geometry":{"type":"Polygon","coordinates":[[[107.15364095600006,10.491000840000027],[107.15332791300006,10.491083973000059],[107.15323958000005,10.490985441000021],[107.15319734000008,10.490860955000073],[107.15333990200008,10.490786362000051],[107.15351547000006,10.490697456000021],[107.15364095600006,10.491000840000027]]]},"properties":{"OBJECTID":111,"FID":110,"Shape_Leng":140.12004041200001,"Sothua":488,"So_To":71,"LoaidatHT":"LUC","Khuphomoi":"Khu phố Hương Giang","Sothuacu":488,"Sotocu":22,"Phuongcu":"phường Long Hương","Nguoisudun":"Đăng ký: HUỲNH THỊ KIM QUANG; Sử dụng: HUỲNH THỊ KIM QUANG.","Quyetdinh":"Quyết định 3693/QĐ-UBND","ID":"488.71","Shape_Length":0.0012736854959037162,"Shape_Area":1.0247864661205144e-07}},{"type":"Feature","id":112,"geometry":{"type":"Polygon","coordinates":[[[107.15268903900005,10.490963160000035],[107.15247949600007,10.491094948000068],[107.15223948200008,10.49063403200006],[107.15244570600004,10.490518241000075],[107.15268903900005,10.490963160000035]]]},"properties":{"OBJECTID":112,"FID":111,"Shape_Leng":166.49647607599999,"Sothua":497,"So_To":71,"LoaidatHT":"LUC","Khuphomoi":"Khu phố Hương Giang","Sothuacu":497,"Sotocu":22,"Phuongcu":"phường Long Hương","Nguoisudun":"PHẠM THỊ BE (già yếu); Sử dụng: NGUYỄN VĂN ĐẮC (con).","Quyetdinh":"Quyết định 3693/QĐ-UBND","ID":"497.71","Shape_Length":0.0015108251858846648,"Shape_Area":1.240707168238486e-07}},{"type":"Feature","id":113,"geometry":{"type":"Polygon","coordinates":[[[107.15884026600008,10.491172930000062],[107.15876393900004,10.491197741000065],[107.15865322400003,10.490954510000051],[107.15858244500004,10.490703576000044],[107.15862946900006,10.49061940100006],[107.15870452100006,10.490496129000064],[107.15872653300005,10.490498430000059],[107.15881653400004,10.490488381000034],[107.15900331100005,10.490942684000061],[107.15906815900007,10.49109388200003],[107.15884026600008,10.491172930000062]]]},"properties":{"OBJECTID":113,"FID":112,"Shape_Leng":204.93143511700001,"Sothua":492,"So_To":71,"LoaidatHT":"LUC","Khuphomoi":"Khu phố Hương Giang","Sothuacu":492,"Sotocu":22,"Phuongcu":"phường Long Hương","Nguoisudun":"NGUYỄN HỒNG QUÂN (chết); Sử dụng: NGUYỄN THỊ THU HƯƠNG (con).","Quyetdinh":"Quyết định 3693/QĐ-UBND","ID":"492.71","Shape_Length":0.0018585906634050486,"Shape_Area":1.9859151700365876e-07}},{"type":"Feature","id":114,"geometry":{"type":"Polygon","coordinates":[[[107.15247949600007,10.491094948000068],[107.15229812200005,10.491209610000055],[107.15216604500006,10.49100928200005],[107.15201030000009,10.490765601000021],[107.15210230600007,10.490710352000065],[107.15223948200008,10.49063403200006],[107.15247949600007,10.491094948000068]]]},"properties":{"OBJECTID":114,"FID":113,"Shape_Leng":168.32286234700001,"Sothua":489,"So_To":71,"LoaidatHT":"LUC","Khuphomoi":"Khu phố Hương Giang","Sothuacu":489,"Sotocu":22,"Phuongcu":"phường Long Hương","Nguoisudun":"Đăng ký: PHẠM THỊ BE (già yếu); Sử dụng: NGUYỄN VĂN ĐẮC (con).","Quyetdinh":"Quyết định 3693/QĐ-UBND","ID":"489.71","Shape_Length":0.0015276893817664718,"Shape_Area":1.2614374859378953e-07}},{"type":"Feature","id":115,"geometry":{"type":"Polygon","coordinates":[[[107.15132844300007,10.491097031000038],[107.15109449000005,10.491238446000068],[107.15096544600004,10.491076457000077],[107.15078162200007,10.490849902000036],[107.15089397700007,10.490807801000074],[107.15094279600004,10.490788726000062],[107.15106362200004,10.490805951000027],[107.15110883100004,10.49090648300006],[107.15120335600005,10.490872395000054],[107.15129713500005,10.491036306000069],[107.15132844300007,10.491097031000038]]]},"properties":{"OBJECTID":115,"FID":114,"Shape_Leng":168.83561077499999,"Sothua":484,"So_To":71,"LoaidatHT":"LUC","Khuphomoi":"Khu phố Hương Giang","Sothuacu":484,"Sotocu":22,"Phuongcu":"phường Long Hương","Nguoisudun":"Đăng ký: ĐẶNG THỊ NGÔN - LÊ THỊ CÚC; Sử dụng: ĐẶNG THỊ NGÔN - LÊ THỊ CÚC.","Quyetdinh":"Quyết định 3693/QĐ-UBND","ID":"484.71","Shape_Length":0.0015345489788916177,"Shape_Area":1.2550211861100508e-07}},{"type":"Feature","id":116,"geometry":{"type":"Polygon","coordinates":[[[107.15420659600005,10.491196511000055],[107.15395483800006,10.491313801000047],[107.15382934600007,10.490990796000062],[107.15391264600004,10.490950358000021],[107.15397072900004,10.490959327000041],[107.15405585400003,10.490920248000066],[107.15411574900008,10.490937177000035],[107.15418070700008,10.491125263000072],[107.15418957600008,10.491149782000036],[107.15418961200004,10.491149872000051],[107.15420659600005,10.491196511000055]]]},"properties":{"OBJECTID":116,"FID":115,"Shape_Leng":132.82195420900001,"Sothua":474,"So_To":71,"LoaidatHT":"LUC","Khuphomoi":"Khu phố Hương Giang","Sothuacu":474,"Sotocu":22,"Phuongcu":"phường Long Hương","Nguoisudun":"Đăng ký: NGUYỄN THỊ ĐIỂU; Sử dụng: NGUYỄN THỊ ĐIỂU.","Quyetdinh":"Quyết định 3693/QĐ-UBND","ID":"474.71","Shape_Length":0.0012063345194069212,"Shape_Area":9.1624426442408535e-08}},{"type":"Feature","id":117,"geometry":{"type":"Polygon","coordinates":[[[107.16556616000008,10.491312935000053],[107.16553310300009,10.491354826000077],[107.16548809800008,10.491337474000034],[107.16539108000006,10.491299972000036],[107.16539188600007,10.49129769700005],[107.16528726800004,10.491258899000059],[107.16523205400006,10.49124017400004],[107.16523645600006,10.491220652000038],[107.16534506500005,10.490739953000059],[107.16537374400008,10.490694077000057],[107.16565849600005,10.490545964000034],[107.16566407500005,10.490558250000049],[107.16588248200009,10.491039299000022],[107.16584720100008,10.491048727000077],[107.16586847000008,10.491111056000022],[107.16588227100004,10.491151499000068],[107.16558081100004,10.49129442800006],[107.16556616000008,10.491312935000053]]]},"properties":{"OBJECTID":117,"FID":116,"Shape_Leng":254.424414751,"Sothua":274,"So_To":72,"LoaidatHT":"HNK","Khuphomoi":"Khu phố Hương Giang","Sothuacu":0,"Sotocu":23,"Phuongcu":"phường Long Hương","Nguoisudun":" ","Quyetdinh":" ","ID":"274.72","Shape_Length":0.0023099504754609968,"Shape_Area":3.3378367823788948e-07}},{"type":"Feature","id":118,"geometry":{"type":"Polygon","coordinates":[[[107.15210988000007,10.490952759000038],[107.15146748900008,10.491331368000033],[107.15132844300007,10.491097031000038],[107.15129713500005,10.491036306000069],[107.15194894000007,10.490702831000021],[107.15205550100006,10.49087047200004],[107.15210988000007,10.490952759000038]]]},"properties":{"OBJECTID":118,"FID":117,"Shape_Leng":232.62134160700001,"Sothua":480,"So_To":71,"LoaidatHT":"LUC","Khuphomoi":"Khu phố Hương Giang","Sothuacu":480,"Sotocu":22,"Phuongcu":"phường Long Hương","Nguoisudun":"Đăng ký: ĐỖ PHƯỚC CHÂU; Sử dụng: ĐỖ PHƯỚC CHÂU.","Quyetdinh":"Quyết định 3693/QĐ-UBND","ID":"480.71","Shape_Length":0.0021158983230512305,"Shape_Area":2.3568794899371431e-07}},{"type":"Feature","id":119,"geometry":{"type":"Polygon","coordinates":[[[107.15055752400008,10.491234631000054],[107.15017328800008,10.491379288000076],[107.15007776400006,10.491173513000035],[107.15023607400008,10.491081411000039],[107.15041060300007,10.491010225000025],[107.15042065600005,10.491008254000064],[107.15048795000007,10.491025378000074],[107.15055752400008,10.491234631000054]]]},"properties":{"OBJECTID":119,"FID":118,"Shape_Leng":143.95482259299999,"Sothua":470,"So_To":71,"LoaidatHT":"LUC","Khuphomoi":"Khu phố Hương Giang","Sothuacu":470,"Sotocu":22,"Phuongcu":"phường Long Hương","Nguoisudun":"Đăng ký: NGUYỄN HUY QUỐC; Sử dụng: NGUYỄN HUY QUỐC.","Quyetdinh":"Quyết định 3693/QĐ-UBND","ID":"470.71","Shape_Length":0.0013092700065488743,"Shape_Area":1.0590325919291738e-07}},{"type":"Feature","id":120,"geometry":{"type":"Polygon","coordinates":[[[107.15966660500004,10.491339556000071],[107.15947157200009,10.491432408000037],[107.15943855800003,10.49135495400003],[107.15938693600003,10.491214359000026],[107.15937138300006,10.491178527000045],[107.15929712600007,10.490978761000065],[107.15925852100008,10.49091115300007],[107.15917226400006,10.490776912000058],[107.15931375300005,10.490689747000033],[107.15938671300006,10.490657787000032],[107.15950878900009,10.490594635000036],[107.15955038300007,10.490579613000023],[107.15957341600006,10.490573418000054],[107.15967986300006,10.490754890000062],[107.15972100800008,10.490832088000047],[107.15976518000008,10.49090287100006],[107.15981246400008,10.49097094800004],[107.15985372500006,10.491034856000056],[107.15989490800007,10.491092976000061],[107.15990645800008,10.491119668000067],[107.15992581500007,10.491173409000055],[107.15993016700008,10.491190866000068],[107.15977853700008,10.49127810400006],[107.15966660500004,10.491339556000071]]]},"properties":{"OBJECTID":120,"FID":119,"Shape_Leng":265.344992537,"Sothua":299,"So_To":72,"LoaidatHT":"LUC","Khuphomoi":"Khu phố Hương Giang","Sothuacu":299,"Sotocu":23,"Phuongcu":"phường Long Hương","Nguoisudun":"NGUYỄN HỮU SANG (chết); Sử dụng: LÊ VĂN SANG (con rễ).","Quyetdinh":"Quyết định 3693/QĐ-UBND","ID":"299.72","Shape_Length":0.0024092451837023771,"Shape_Area":3.4597578427486292e-07}},{"type":"Feature","id":121,"geometry":{"type":"Polygon","coordinates":[[[107.16303387900007,10.491246791000037],[107.16277553400005,10.491439523000054],[107.16272945800006,10.491360599000075],[107.16268428200004,10.491289361000042],[107.16256160800003,10.491087788000073],[107.16287663700007,10.490919933000043],[107.16288733300007,10.490915794000045],[107.16330037200004,10.490753546000064],[107.16330369600007,10.490783478000026],[107.16334618600007,10.491019982000068],[107.16303387900007,10.491246791000037]]]},"properties":{"OBJECTID":121,"FID":120,"Shape_Leng":242.278323129,"Sothua":263,"So_To":72,"LoaidatHT":"LUC","Khuphomoi":"Khu phố Hương Giang","Sothuacu":263,"Sotocu":23,"Phuongcu":"phường Long Hương","Nguoisudun":"HUỲNH THỊ NGỌC ĐÔNG; Sử dụng: HUỲNH THỊ NGỌC ĐÔNG.","Quyetdinh":"Quyết định 3693/QĐ-UBND","ID":"263.72","Shape_Length":0.002202600105552838,"Shape_Area":2.5945318699021934e-07}},{"type":"Feature","id":122,"geometry":{"type":"Polygon","coordinates":[[[107.15323958000005,10.490985441000021],[107.15246021600007,10.491525631000059],[107.15229812200005,10.491209610000055],[107.15247949600007,10.491094948000068],[107.15268903900005,10.490963160000035],[107.15303818100006,10.490777388000026],[107.15312822900006,10.490790485000048],[107.15319734000008,10.490860955000073],[107.15323958000005,10.490985441000021]]]},"properties":{"OBJECTID":122,"FID":121,"Shape_Leng":272.92412618399999,"Sothua":476,"So_To":71,"LoaidatHT":"LUC","Khuphomoi":"Khu phố Hương Giang","Sothuacu":476,"Sotocu":22,"Phuongcu":"phường Long Hương","Nguoisudun":"Đăng ký: NGUYỄN THẾ KHOA; Sử dụng: NGUYỄN THẾ KHOA.","Quyetdinh":"Quyết định 3693/QĐ-UBND","ID":"476.71","Shape_Length":0.0024821996284707087,"Shape_Area":3.0507478546209465e-07}},{"type":"Feature","id":123,"geometry":{"type":"Polygon","coordinates":[[[107.15395483800006,10.491313801000047],[107.15342864400009,10.491558929000064],[107.15332218100008,10.49131026200007],[107.15332167500009,10.491288473000054],[107.15332791300006,10.491083973000059],[107.15364095600006,10.491000840000027],[107.15372927800007,10.49100986600007],[107.15382934600007,10.490990796000062],[107.15395483800006,10.491313801000047]]]},"properties":{"OBJECTID":123,"FID":122,"Shape_Leng":213.27524412899999,"Sothua":469,"So_To":71,"LoaidatHT":"LUC","Khuphomoi":"Khu phố Hương Giang","Sothuacu":469,"Sotocu":22,"Phuongcu":"phường Long Hương","Nguoisudun":"Đăng ký: ĐỖ TỨ QUÝ (chết); Sử dụng: ĐỖ AN BÌNH (em đại diện).","Quyetdinh":"Quyết định 3693/QĐ-UBND","ID":"469.71","Shape_Length":0.0019384489162511034,"Shape_Area":2.4197759489316544e-07}},{"type":"Feature","id":124,"geometry":{"type":"Polygon","coordinates":[[[107.15193427400004,10.491441463000058],[107.15162729900004,10.491598834000058],[107.15146748900008,10.491331368000033],[107.15210988000007,10.490952759000038],[107.15220861100005,10.491106554000055],[107.15228166500003,10.491216992000034],[107.15193427400004,10.491441463000058]]]},"properties":{"OBJECTID":124,"FID":123,"Shape_Leng":234.30309761199999,"Sothua":468,"So_To":71,"LoaidatHT":"LUC","Khuphomoi":"Khu phố Hương Giang","Sothuacu":468,"Sotocu":22,"Phuongcu":"phường Long Hương","Nguoisudun":"Đăng ký: NGUYỄN VĂN CƯ; Sử dụng: NGUYỄN VĂN CƯ.","Quyetdinh":"Quyết định 3693/QĐ-UBND","ID":"468.71","Shape_Length":0.002130972323316977,"Shape_Area":2.4236455257123241e-07}},{"type":"Feature","id":125,"geometry":{"type":"Polygon","coordinates":[[[107.15026653300004,10.491582979000043],[107.15013655400008,10.491622244000041],[107.15005463600005,10.49146594900003],[107.14992059800005,10.491193287000044],[107.14998200000008,10.491186531000039],[107.15007776400006,10.491173513000035],[107.15017328800008,10.491379288000076],[107.15022277000008,10.491490677000058],[107.15026653300004,10.491582979000043]]]},"properties":{"OBJECTID":125,"FID":124,"Shape_Leng":135.06024649099999,"Sothua":461,"So_To":71,"LoaidatHT":"LUC","Khuphomoi":"Khu phố Hương Giang","Sothuacu":461,"Sotocu":22,"Phuongcu":"phường Long Hương","Nguoisudun":"Đăng ký: NGUYỄN HUY QUỐC; Sử dụng: NGUYỄN HUY QUỐC.","Quyetdinh":"Quyết định 3693/QĐ-UBND","ID":"461.71","Shape_Length":0.0012253882800318644,"Shape_Area":6.67591663140205e-08}},{"type":"Feature","id":126,"geometry":{"type":"Polygon","coordinates":[[[107.14752739300008,10.491444895000029],[107.14724558600005,10.491624912000077],[107.14714910800006,10.491487667000058],[107.14739602300006,10.491305775000058],[107.14742277300007,10.491314143000068],[107.14752739300008,10.491444895000029]]]},"properties":{"OBJECTID":126,"FID":125,"Shape_Leng":110.457233665,"Sothua":634,"So_To":23,"LoaidatHT":"HNK","Khuphomoi":"Khu phố Núi Dinh","Sothuacu":0,"Sotocu":23,"Phuongcu":"Phường Kim Dinh","Nguoisudun":" ","Quyetdinh":" ","ID":"634.23","Shape_Length":0.0010043218281931719,"Shape_Area":5.8456202263777351e-08}},{"type":"Feature","id":127,"geometry":{"type":"Polygon","coordinates":[[[107.15162729900004,10.491598834000058],[107.15145501600006,10.491689554000061],[107.15137153300009,10.491586961000053],[107.15130947600005,10.491507281000054],[107.15116967200004,10.491334062000021],[107.15109449000005,10.491238446000068],[107.15132844300007,10.491097031000038],[107.15146748900008,10.491331368000033],[107.15162729900004,10.491598834000058]]]},"properties":{"OBJECTID":127,"FID":126,"Shape_Leng":179.47531203400001,"Sothua":463,"So_To":71,"LoaidatHT":"LUC","Khuphomoi":"Khu phố Hương Giang","Sothuacu":463,"Sotocu":22,"Phuongcu":"phường Long Hương","Nguoisudun":"Đăng ký: ĐẶNG THỊ NGÔN - LÊ THỊ CÚC; Sử dụng: ĐẶNG THỊ NGÔN - LÊ THỊ CÚC.","Quyetdinh":"Quyết định 3693/QĐ-UBND","ID":"463.71","Shape_Length":0.0016296317861814126,"Shape_Area":1.3519842051605853e-07}},{"type":"Feature","id":128,"geometry":{"type":"Polygon","coordinates":[[[107.15217289300006,10.491677253000034],[107.15214386800005,10.491712006000057],[107.15193427400004,10.491441463000058],[107.15228166500003,10.491216992000034],[107.15239870600004,10.491445681000073],[107.15244667800005,10.491535007000039],[107.15217289300006,10.491677253000034]]]},"properties":{"OBJECTID":128,"FID":127,"Shape_Leng":161.554210646,"Sothua":454,"So_To":71,"LoaidatHT":"LUC","Khuphomoi":"Khu phố Hương Giang","Sothuacu":454,"Sotocu":22,"Phuongcu":"phường Long Hương","Nguoisudun":"Đăng ký: HUỲNH VĂN GIANG; Sử dụng: HUỲNH VĂN GIANG.","Quyetdinh":"Quyết định 3693/QĐ-UBND","ID":"454.71","Shape_Length":0.0014679394401723089,"Shape_Area":1.3031760596278809e-07}},{"type":"Feature","id":129,"geometry":{"type":"Polygon","coordinates":[[[107.16360917200006,10.491758405000041],[107.16359005100009,10.491773650000027],[107.16356788400009,10.491707699000074],[107.16339015400007,10.491102880000028],[107.16336865500006,10.491022284000053],[107.16354410400004,10.491092495000032],[107.16381478900007,10.491429235000055],[107.16380713100006,10.491469183000049],[107.16379313500005,10.491527834000067],[107.16378270300004,10.49158576800005],[107.16378056600007,10.49160493200003],[107.16370059300004,10.491674311000054],[107.16360917200006,10.491758405000041]]]},"properties":{"OBJECTID":129,"FID":128,"Shape_Leng":202.75095562199999,"Sothua":234,"So_To":72,"LoaidatHT":"LUC","Khuphomoi":"Khu phố Hương Giang","Sothuacu":234,"Sotocu":23,"Phuongcu":"phường Long Hương","Nguoisudun":" LÊ VĂN CHƠN (chết); Sử dụng: MAI THỊ DÊ (vợ).","Quyetdinh":"Quyết định 3693/QĐ-UBND","ID":"234.72","Shape_Length":0.0018380706183343724,"Shape_Area":1.5790271720341408e-07}},{"type":"Feature","id":130,"geometry":{"type":"Polygon","coordinates":[[[107.15978329000006,10.491759281000043],[107.15954372100003,10.491780535000032],[107.15950452100009,10.49154439800003],[107.15947157200009,10.491432408000037],[107.15966660500004,10.491339556000071],[107.15977853700008,10.49127810400006],[107.15993016700008,10.491190866000068],[107.16000601100006,10.491276084000049],[107.16014021100005,10.491419997000037],[107.16015061200005,10.49142697800005],[107.16020061500006,10.491505819000054],[107.16020936900009,10.491514515000063],[107.16020664500007,10.491553658000043],[107.15997906000007,10.491710641000054],[107.15989092600006,10.491747547000045],[107.15978329000006,10.491759281000043]]]},"properties":{"OBJECTID":130,"FID":129,"Shape_Leng":226.96368263599999,"Sothua":298,"So_To":72,"LoaidatHT":"LUC","Khuphomoi":"Khu phố Hương Giang","Sothuacu":298,"Sotocu":23,"Phuongcu":"phường Long Hương","Nguoisudun":"LÊ QUANG TRUNG; Sử dụng: LÊ QUANG TRUNG.","Quyetdinh":"Quyết định 3693/QĐ-UBND","ID":"298.72","Shape_Length":0.0020638673361691152,"Shape_Area":2.7517332225417773e-07}},{"type":"Feature","id":131,"geometry":{"type":"Polygon","coordinates":[[[107.14729460900008,10.491689468000061],[107.14716986800005,10.491759391000073],[107.14704291500004,10.491555996000045],[107.14714910800006,10.491487667000058],[107.14724558600005,10.491624912000077],[107.14729460900008,10.491689468000061]]]},"properties":{"OBJECTID":131,"FID":130,"Shape_Leng":83.453156425499998,"Sothua":626,"So_To":23,"LoaidatHT":"HNK","Khuphomoi":"Khu phố Núi Dinh","Sothuacu":0,"Sotocu":23,"Phuongcu":"Phường Kim Dinh","Nguoisudun":" ","Quyetdinh":" ","ID":"626.23","Shape_Length":0.00075786457931022112,"Shape_Area":3.2560246939284511e-08}},{"type":"Feature","id":132,"geometry":{"type":"Polygon","coordinates":[[[107.16380283900008,10.491711658000042],[107.16359897800004,10.491796739000051],[107.16359669200006,10.491788218000067],[107.16378776400006,10.491614799000047],[107.16384460500007,10.49169422600005],[107.16380283900008,10.491711658000042]]]},"properties":{"OBJECTID":132,"FID":131,"Shape_Leng":69.323919626700004,"Sothua":231,"So_To":72,"LoaidatHT":"LUC","Khuphomoi":"Khu phố Hương Giang","Sothuacu":231,"Sotocu":23,"Phuongcu":"phường Long Hương","Nguoisudun":"UBND phường","Quyetdinh":"Quyết định 3693/QĐ-UBND","ID":"231.72","Shape_Length":0.0006306898179974619,"Shape_Area":1.3680564705920207e-08}},{"type":"Feature","id":133,"geometry":{"type":"Polygon","coordinates":[[[107.14716986800005,10.491759391000073],[107.14708380900004,10.491808502000026],[107.14696169200005,10.491608191000068],[107.14704291500004,10.491555996000045],[107.14716986800005,10.491759391000073]]]},"properties":{"OBJECTID":133,"FID":132,"Shape_Leng":73.818385087799996,"Sothua":622,"So_To":23,"LoaidatHT":"HNK","Khuphomoi":"Khu phố Núi Dinh","Sothuacu":0,"Sotocu":23,"Phuongcu":"Phường Kim Dinh","Nguoisudun":" ","Quyetdinh":"Quyết định 3693/QĐ-UBND","ID":"622.23","Shape_Length":0.00066999731224748327,"Shape_Area":2.3191258126499707e-08}},{"type":"Feature","id":134,"geometry":{"type":"Polygon","coordinates":[[[107.15270665800006,10.491731056000049],[107.15262956800007,10.491820057000041],[107.15262254700008,10.491813624000031],[107.15246021600007,10.491525631000059],[107.15323958000005,10.490985441000021],[107.15332791300006,10.491083973000059],[107.15332167500009,10.491288473000054],[107.15323449200008,10.491352320000033],[107.15314822000005,10.491418248000059],[107.15299051100004,10.491531057000032],[107.15287262500004,10.49159972800004],[107.15277788100008,10.491652984000041],[107.15270665800006,10.491731056000049]]]},"properties":{"OBJECTID":134,"FID":133,"Shape_Leng":275.57323128500002,"Sothua":464,"So_To":71,"LoaidatHT":"LUC","Khuphomoi":"Khu phố Hương Giang","Sothuacu":464,"Sotocu":22,"Phuongcu":"phường Long Hương","Nguoisudun":"Đăng ký: NGUYỄN THỊ SÂM; Sử dụng: NGUYỄN THỊ SÂM.","Quyetdinh":"Quyết định 3693/QĐ-UBND","ID":"464.71","Shape_Length":0.0025043902376930319,"Shape_Area":2.8447670998825773e-07}},{"type":"Feature","id":135,"geometry":{"type":"Polygon","coordinates":[[[107.16167613000005,10.491470309000022],[107.16131166300005,10.49183959800007],[107.16124899400006,10.491791744000068],[107.16096549700006,10.491564287000074],[107.16100955400009,10.491503250000051],[107.16102298900006,10.491500021000036],[107.16120035700004,10.491376124000055],[107.16140835300007,10.491239626000038],[107.16142051400004,10.491233591000025],[107.16159734100006,10.491395845000056],[107.16167613000005,10.491470309000022]]]},"properties":{"OBJECTID":135,"FID":134,"Shape_Leng":206.48605338499999,"Sothua":259,"So_To":72,"LoaidatHT":"LUC","Khuphomoi":"Khu phố Hương Giang","Sothuacu":259,"Sotocu":23,"Phuongcu":"phường Long Hương","Nguoisudun":"Đăng ký: PHAN VĂN TÀI; Sử dụng: PHAN VĂN TÀI.","Quyetdinh":"Quyết định 3693/QĐ-UBND","ID":"259.72","Shape_Length":0.0018773794977990674,"Shape_Area":2.1739932045581463e-07}},{"type":"Feature","id":136,"geometry":{"type":"Polygon","coordinates":[[[107.16402237700004,10.491848403000063],[107.16401368100009,10.491857799000059],[107.16392900500006,10.491659000000027],[107.16384460500007,10.49169422600005],[107.16378776400006,10.491614799000047],[107.16379732000007,10.491585343000054],[107.16382587400005,10.49146089900006],[107.16383249400008,10.491438490000064],[107.16399600700004,10.491249018000076],[107.16401477100004,10.491229794000049],[107.16432131500005,10.491298529000062],[107.16440487000006,10.49131604300004],[107.16441205200005,10.491383412000062],[107.16440317600006,10.491391442000065],[107.16430999100004,10.491539274000047],[107.16433372400007,10.491549625000061],[107.16425513700005,10.49161005600007],[107.16419033100004,10.49167828800006],[107.16402237700004,10.491848403000063]]]},"properties":{"OBJECTID":136,"FID":135,"Shape_Leng":219.00796865800001,"Sothua":233,"So_To":72,"LoaidatHT":"LUC","Khuphomoi":"Khu phố Hương Giang","Sothuacu":233,"Sotocu":23,"Phuongcu":"phường Long Hương","Nguoisudun":"NGUYỄN THỊ ANH (già yếu); Sử dụng: NGUYỄN THỊ NGỌC HIỀN (con).","Quyetdinh":"Quyết định 3693/QĐ-UBND","ID":"233.72","Shape_Length":0.0019893411292930554,"Shape_Area":2.2183585539313447e-07}},{"type":"Feature","id":137,"geometry":{"type":"Polygon","coordinates":[[[107.15020292500009,10.49183356900005],[107.15006720500008,10.491864957000075],[107.15000123300007,10.491683197000043],[107.15013655400008,10.491622244000041],[107.15026653300004,10.491582979000043],[107.15055798400005,10.491470154000069],[107.15081882300007,10.491362062000064],[107.15093108100007,10.491369777000045],[107.15108752600008,10.491677379000066],[107.15063743400003,10.491769474000023],[107.15059006600006,10.491746149000051],[107.15049054200006,10.491767208000056],[107.15020292500009,10.49183356900005]]]},"properties":{"OBJECTID":137,"FID":136,"Shape_Leng":283.05560794000002,"Sothua":444,"So_To":71,"LoaidatHT":"LUC","Khuphomoi":"Khu phố Hương Giang","Sothuacu":444,"Sotocu":22,"Phuongcu":"phường Long Hương","Nguoisudun":"Đăng ký: BÙI VĂN BA; Sử dụng: BÙI VĂN BA.","Quyetdinh":"Quyết định 3693/QĐ-UBND","ID":"444.71","Shape_Length":0.0025784765235919156,"Shape_Area":2.816991778290161e-07}},{"type":"Feature","id":138,"geometry":{"type":"Polygon","coordinates":[[[107.16357302800009,10.491807570000049],[107.16332196300004,10.491912352000043],[107.16331044100008,10.491906942000071],[107.16323131500008,10.491865659000041],[107.16319270400004,10.491848861000051],[107.16302965400007,10.491743412000062],[107.16291030400004,10.491668964000041],[107.16286203700008,10.491589584000053],[107.16277553400005,10.491439523000054],[107.16303387900007,10.491246791000037],[107.16334618600007,10.491019982000068],[107.16346144700009,10.491422345000046],[107.16348469300004,10.491496977000054],[107.16357302800009,10.491807570000049]]]},"properties":{"OBJECTID":138,"FID":137,"Shape_Leng":280.24871324999998,"Sothua":235,"So_To":72,"LoaidatHT":"LUC","Khuphomoi":"Khu phố Hương Giang","Sothuacu":235,"Sotocu":23,"Phuongcu":"phường Long Hương","Nguoisudun":"NGUYỄN VĂN BỘ (già yếu); Sử dụng: NGUYỄN TẤN DŨNG (con).","Quyetdinh":"Quyết định 3693/QĐ-UBND","ID":"235.72","Shape_Length":0.0025450089349694474,"Shape_Area":3.9448750590158339e-07}},{"type":"Feature","id":139,"geometry":{"type":"Polygon","coordinates":[[[107.15342864400009,10.491558929000064],[107.15269234400006,10.491901942000027],[107.15263821500008,10.491836618000036],[107.15272592700006,10.49173470900007],[107.15278314500006,10.49167116700005],[107.15280582900004,10.49165602000005],[107.15297684100005,10.491561771000022],[107.15312988300008,10.49145302200003],[107.15323189200006,10.491374375000021],[107.15332218100008,10.49131026200007],[107.15342864400009,10.491558929000064]]]},"properties":{"OBJECTID":139,"FID":138,"Shape_Leng":223.95808674899999,"Sothua":450,"So_To":71,"LoaidatHT":"LUC","Khuphomoi":"Khu phố Hương Giang","Sothuacu":450,"Sotocu":22,"Phuongcu":"phường Long Hương","Nguoisudun":"Đăng ký: PHẠM VĂN THƯA; Sử dụng: PHẠM VĂN THƯA.","Quyetdinh":"Quyết định 3693/QĐ-UBND","ID":"450.71","Shape_Length":0.0020374063780221842,"Shape_Area":1.5952881898046869e-07}},{"type":"Feature","id":140,"geometry":{"type":"Polygon","coordinates":[[[107.16283825600004,10.491750111000044],[107.16271625200005,10.491920944000071],[107.16251402000006,10.491713799000024],[107.16242712400003,10.491626935000056],[107.16268333100004,10.491405448000023],[107.16271279000006,10.49138289900003],[107.16276342800006,10.491464544000053],[107.16278937600003,10.491511245000027],[107.16288827700004,10.491674981000074],[107.16283825600004,10.491750111000044]]]},"properties":{"OBJECTID":140,"FID":139,"Shape_Leng":157.42799987699999,"Sothua":236,"So_To":72,"LoaidatHT":"LUC","Khuphomoi":"Khu phố Hương Giang","Sothuacu":236,"Sotocu":23,"Phuongcu":"phường Long Hương","Nguoisudun":"NGUYỄN VĂN NĂM (chết); Sử dụng: NGUYỄN HÀO HIỆP (con).","Quyetdinh":"Quyết định 3693/QĐ-UBND","ID":"236.72","Shape_Length":0.0014291019851806826,"Shape_Area":1.2449124720649067e-07}},{"type":"Feature","id":141,"geometry":{"type":"Polygon","coordinates":[[[107.15081180200008,10.491876939000065],[107.15073748300006,10.491902477000053],[107.15065327700006,10.491891107000072],[107.15063743400003,10.491769474000023],[107.15108752600008,10.491677379000066],[107.15114602900007,10.49175235000007],[107.15115841800008,10.491770908000035],[107.15081180200008,10.491876939000065]]]},"properties":{"OBJECTID":141,"FID":140,"Shape_Leng":134.48666257599999,"Sothua":441,"So_To":71,"LoaidatHT":"LUC","Khuphomoi":"Khu phố Hương Giang","Sothuacu":441,"Sotocu":22,"Phuongcu":"phường Long Hương","Nguoisudun":"Đăng ký: ĐẶNG THỊ NGÔN - LÊ THỊ CÚC; Sử dụng: ĐẶNG THỊ NGÔN - LÊ THỊ CÚC.","Quyetdinh":"Quyết định 3693/QĐ-UBND","ID":"441.71","Shape_Length":0.0012255127132196799,"Shape_Area":6.3510816517834783e-08}},{"type":"Feature","id":142,"geometry":{"type":"Polygon","coordinates":[[[107.14772051200003,10.491729062000047],[107.14744767500008,10.491899603000036],[107.14729460900008,10.491689468000061],[107.14724558600005,10.491624912000077],[107.14752739300008,10.491444895000029],[107.14772051200003,10.491729062000047]]]},"properties":{"OBJECTID":142,"FID":141,"Shape_Leng":147.55125758700001,"Sothua":624,"So_To":23,"LoaidatHT":"LUC","Khuphomoi":"Khu phố Núi Dinh","Sothuacu":0,"Sotocu":23,"Phuongcu":"Phường Kim Dinh","Nguoisudun":" ","Quyetdinh":"Quyết định 3693/QĐ-UBND","ID":"624.23","Shape_Length":0.0013407597450340017,"Shape_Area":1.1191758094133426e-07}},{"type":"Feature","id":143,"geometry":{"type":"Polygon","coordinates":[[[107.15442646300005,10.491832921000025],[107.15421561900007,10.491928272000052],[107.15414766400005,10.491779418000021],[107.15407046300004,10.491598944000032],[107.15437865100006,10.491454998000052],[107.15439153400007,10.491467503000024],[107.15435096000004,10.491522217000067],[107.15434239600006,10.491605651000043],[107.15435004800008,10.491616966000038],[107.15440398000004,10.491695092000043],[107.15442646300005,10.491832921000025]]]},"properties":{"OBJECTID":143,"FID":142,"Shape_Leng":148.64380537700001,"Sothua":445,"So_To":71,"LoaidatHT":"LUC","Khuphomoi":"Khu phố Hương Giang","Sothuacu":445,"Sotocu":22,"Phuongcu":"phường Long Hương","Nguoisudun":"Đăng ký: NGUYỄN KIM HẢO; Sử dụng: NGUYỄN KIM HẢO.","Quyetdinh":"Quyết định 3693/QĐ-UBND","ID":"445.71","Shape_Length":0.0013496609065055422,"Shape_Area":9.622069266946671e-08}},{"type":"Feature","id":144,"geometry":{"type":"Polygon","coordinates":[[[107.14708380900004,10.491808502000026],[107.14682277800006,10.491967763000048],[107.14679385300008,10.491856141000028],[107.14682659700009,10.491835680000065],[107.14676653300006,10.491717851000033],[107.14696169200005,10.491608191000068],[107.14708380900004,10.491808502000026]]]},"properties":{"OBJECTID":144,"FID":143,"Shape_Leng":115.62948476299999,"Sothua":616,"So_To":23,"LoaidatHT":"HNK","Khuphomoi":"Khu phố Núi Dinh","Sothuacu":0,"Sotocu":23,"Phuongcu":"Phường Kim Dinh","Nguoisudun":" ","Quyetdinh":"Quyết định 3693/QĐ-UBND","ID":"616.23","Shape_Length":0.001050412295186614,"Shape_Area":6.1269810896755453e-08}},{"type":"Feature","id":145,"geometry":{"type":"Polygon","coordinates":[[[107.16418492500009,10.49192953000005],[107.16406616500007,10.492026775000056],[107.16401148500006,10.492004885000028],[107.16398978700005,10.491933239000048],[107.16398036000004,10.491893803000039],[107.16397971000004,10.491892846000042],[107.16398221000009,10.491891804000034],[107.16402123000006,10.491875525000069],[107.16401368100009,10.491857799000059],[107.16402237700004,10.491848403000063],[107.16419033100004,10.49167828800006],[107.16425513700005,10.49161005600007],[107.16429596000006,10.491713832000073],[107.16426184900007,10.491878862000021],[107.16425443300005,10.491887347000045],[107.16423943900008,10.491893918000073],[107.16422207600004,10.491896780000047],[107.16418492500009,10.49192953000005]]]},"properties":{"OBJECTID":145,"FID":144,"Shape_Leng":122.745120625,"Sothua":232,"So_To":72,"LoaidatHT":"LUC","Khuphomoi":"Khu phố Hương Giang","Sothuacu":232,"Sotocu":23,"Phuongcu":"phường Long Hương","Nguoisudun":"NGUYỄN THỊ ANH (già yếu); Sử dụng: NGUYỄN THỊ NGỌC HIỀN (con).","Quyetdinh":"Quyết định 3693/QĐ-UBND","ID":"232.72","Shape_Length":0.0011139704197866602,"Shape_Area":6.3904894458085187e-08}},{"type":"Feature","id":146,"geometry":{"type":"Polygon","coordinates":[[[107.15267381900009,10.491910578000045],[107.15240005500004,10.492038108000031],[107.15263358700008,10.491868253000064],[107.15267381900009,10.491910578000045]]]},"properties":{"OBJECTID":146,"FID":145,"Shape_Leng":71.297172811600007,"Sothua":426,"So_To":71,"LoaidatHT":"LUC","Khuphomoi":"Khu phố Hương Giang","Sothuacu":0,"Sotocu":22,"Phuongcu":"phường Long Hương","Nguoisudun":" ","Quyetdinh":"Quyết định 3693/QĐ-UBND","ID":"426.71","Shape_Length":0.0006491760052973703,"Shape_Area":8.3589241282608866e-09}},{"type":"Feature","id":147,"geometry":{"type":"Polygon","coordinates":[[[107.15240005500004,10.492038108000031],[107.15239175400006,10.492041975000063],[107.15214386800005,10.491712006000057],[107.15217289300006,10.491677253000034],[107.15244667800005,10.491535007000039],[107.15263358700008,10.491868253000064],[107.15240005500004,10.492038108000031]]]},"properties":{"OBJECTID":147,"FID":146,"Shape_Leng":159.25320098200001,"Sothua":440,"So_To":71,"LoaidatHT":"LUC","Khuphomoi":"Khu phố Hương Giang","Sothuacu":440,"Sotocu":22,"Phuongcu":"phường Long Hương","Nguoisudun":"Đăng ký: PHAN VĂN ANH; Sử dụng: PHAN VĂN ANH.","Quyetdinh":"Quyết định 3693/QĐ-UBND","ID":"440.71","Shape_Length":0.0014465293323864758,"Shape_Area":1.3137331515236638e-07}},{"type":"Feature","id":148,"geometry":{"type":"Polygon","coordinates":[[[107.14725259300008,10.492016315000058],[107.14721308100007,10.492040833000033],[107.14708380900004,10.491808502000026],[107.14716986800005,10.491759391000073],[107.14729460900008,10.491689468000061],[107.14744767500008,10.491899603000036],[107.14725259300008,10.492016315000058]]]},"properties":{"OBJECTID":148,"FID":147,"Shape_Leng":114.651278792,"Sothua":608,"So_To":23,"LoaidatHT":"LUC","Khuphomoi":"Khu phố Núi Dinh","Sothuacu":0,"Sotocu":23,"Phuongcu":"Phường Kim Dinh","Nguoisudun":" ","Quyetdinh":"Quyết định 3693/QĐ-UBND","ID":"608.23","Shape_Length":0.0010417650867365015,"Shape_Area":6.7607107643170906e-08}},{"type":"Feature","id":149,"geometry":{"type":"Polygon","coordinates":[[[107.16329519600004,10.491923525000061],[107.16288381200008,10.492095218000031],[107.16268379100006,10.491985076000049],[107.16275798200007,10.491882145000034],[107.16290369100005,10.491688029000045],[107.16298297000009,10.491745044000027],[107.16304401100007,10.491784666000058],[107.16309657000005,10.491816769000025],[107.16321529000004,10.491885792000062],[107.16329519600004,10.491923525000061]]]},"properties":{"OBJECTID":149,"FID":148,"Shape_Leng":164.95927760199999,"Sothua":229,"So_To":72,"LoaidatHT":"LUC","Khuphomoi":"Khu phố Hương Giang","Sothuacu":229,"Sotocu":23,"Phuongcu":"phường Long Hương","Nguoisudun":" NGÔ THỊ THÙY DUNG","Quyetdinh":"Quyết định 3693/QĐ-UBND","ID":"229.72","Shape_Length":0.0015014227549144017,"Shape_Area":1.2070040456908957e-07}},{"type":"Feature","id":150,"geometry":{"type":"Polygon","coordinates":[[[107.16157907800005,10.492068833000076],[107.16153679700005,10.49210862700005],[107.16149064300004,10.49207111100003],[107.16147031000008,10.492050369000026],[107.16131940800005,10.491850552000074],[107.16131166300005,10.49183959800007],[107.16167613000005,10.491470309000022],[107.16184342100007,10.491651984000043],[107.16184732300007,10.491665643000033],[107.16190042400007,10.491749101000039],[107.16167296300006,10.491985648000025],[107.16157907800005,10.492068833000076]]]},"properties":{"OBJECTID":150,"FID":149,"Shape_Leng":191.93168286,"Sothua":260,"So_To":72,"LoaidatHT":"LUC","Khuphomoi":"Khu phố Hương Giang","Sothuacu":260,"Sotocu":23,"Phuongcu":"phường Long Hương","Nguoisudun":"Đăng ký: PHAN VĂN TÀI; Sử dụng: PHAN VĂN TÀI.","Quyetdinh":"Quyết định 3693/QĐ-UBND","ID":"260.72","Shape_Length":0.0017429450558695172,"Shape_Area":1.8889372784863555e-07}},{"type":"Feature","id":151,"geometry":{"type":"Polygon","coordinates":[[[107.14783641900004,10.491928367000071],[107.14757959600007,10.492085287000066],[107.14744767500008,10.491899603000036],[107.14772051200003,10.491729062000047],[107.14783641900004,10.491928367000071]]]},"properties":{"OBJECTID":151,"FID":150,"Shape_Leng":118.94400877299999,"Sothua":603,"So_To":23,"LoaidatHT":"LUC","Khuphomoi":"Khu phố Núi Dinh","Sothuacu":0,"Sotocu":23,"Phuongcu":"Phường Kim Dinh","Nguoisudun":" ","Quyetdinh":"Quyết định 3693/QĐ-UBND","ID":"603.23","Shape_Length":0.0010810535786737875,"Shape_Area":7.1266819610995216e-08}},{"type":"Feature","id":152,"geometry":{"type":"Polygon","coordinates":[[[107.16248712700008,10.492119968000054],[107.16244923200009,10.492159137000044],[107.16235953500006,10.492056354000056],[107.16220428100007,10.491934735000029],[107.16217955900004,10.491867333000073],[107.16226952800008,10.491778083000042],[107.16242712400003,10.491626935000056],[107.16251402000006,10.491713799000024],[107.16271625200005,10.491920944000071],[107.16268924000008,10.491954166000028],[107.16265949300004,10.491984218000027],[107.16252062100006,10.492088928000044],[107.16248712700008,10.492119968000054]]]},"properties":{"OBJECTID":152,"FID":151,"Shape_Leng":167.531225393,"Sothua":237,"So_To":72,"LoaidatHT":"LUC","Khuphomoi":"Khu phố Hương Giang","Sothuacu":237,"Sotocu":23,"Phuongcu":"phường Long Hương","Nguoisudun":"NGUYỄN VĂN NĂM (chết); Sử dụng: NGUYỄN HÀO HIỆP (con).","Quyetdinh":"Quyết định 3693/QĐ-UBND","ID":"237.72","Shape_Length":0.0015220725239903014,"Shape_Area":1.4619984706077657e-07}},{"type":"Feature","id":153,"geometry":{"type":"Polygon","coordinates":[[[107.14809718200007,10.492143859000066],[107.14801873000005,10.492179965000048],[107.14789995300004,10.492000364000035],[107.14783641900004,10.491928367000071],[107.14772051200003,10.491729062000047],[107.14793912100004,10.491586626000071],[107.14826618000006,10.492052411000031],[107.14827593000007,10.492064545000062],[107.14814256500006,10.492153890000054],[107.14809718200007,10.492143859000066]]]},"properties":{"OBJECTID":153,"FID":152,"Shape_Leng":185.10269667099999,"Sothua":606,"So_To":23,"LoaidatHT":"LUC","Khuphomoi":"Khu phố Núi Dinh","Sothuacu":0,"Sotocu":23,"Phuongcu":"Phường Kim Dinh","Nguoisudun":" ","Quyetdinh":"Quyết định 3693/QĐ-UBND","ID":"606.23","Shape_Length":0.0016808960530955224,"Shape_Area":1.5587308101055161e-07}},{"type":"Feature","id":154,"geometry":{"type":"Polygon","coordinates":[[[107.14721308100007,10.492040833000033],[107.14696740200009,10.492197411000063],[107.14693728900005,10.492133162000073],[107.14693693400005,10.492127736000043],[107.14687061400008,10.492031956000062],[107.14682277800006,10.491967763000048],[107.14708380900004,10.491808502000026],[107.14721308100007,10.492040833000033]]]},"properties":{"OBJECTID":154,"FID":153,"Shape_Leng":125.031268195,"Sothua":596,"So_To":23,"LoaidatHT":"LUC","Khuphomoi":"Khu phố Núi Dinh","Sothuacu":0,"Sotocu":23,"Phuongcu":"Phường Kim Dinh","Nguoisudun":" ","Quyetdinh":"Quyết định 3693/QĐ-UBND","ID":"596.23","Shape_Length":0.0011359358981912903,"Shape_Area":7.8517289711276254e-08}},{"type":"Feature","id":155,"geometry":{"type":"Polygon","coordinates":[[[107.15239175400006,10.492041975000063],[107.15201737200005,10.492216389000021],[107.15162729900004,10.491598834000058],[107.15193427400004,10.491441463000058],[107.15214386800005,10.491712006000057],[107.15239175400006,10.492041975000063]]]},"properties":{"OBJECTID":155,"FID":154,"Shape_Leng":246.960118865,"Sothua":435,"So_To":71,"LoaidatHT":"LUC","Khuphomoi":"Khu phố Hương Giang","Sothuacu":435,"Sotocu":22,"Phuongcu":"phường Long Hương","Nguoisudun":"Đăng ký: ; Sử dụng: .","Quyetdinh":"Quyết định 3693/QĐ-UBND","ID":"435.71","Shape_Length":0.0022433503045228352,"Shape_Area":2.7883381249489507e-07}},{"type":"Feature","id":156,"geometry":{"type":"Polygon","coordinates":[[[107.16288381200008,10.492095218000031],[107.16249132200005,10.492259023000031],[107.16243702300005,10.492238676000056],[107.16251733700005,10.492134580000027],[107.16268379100006,10.491985076000049],[107.16288381200008,10.492095218000031]]]},"properties":{"OBJECTID":156,"FID":155,"Shape_Leng":117.171776249,"Sothua":228,"So_To":72,"LoaidatHT":"LUC","Khuphomoi":"Khu phố Hương Giang","Sothuacu":228,"Sotocu":23,"Phuongcu":"phường Long Hương","Nguoisudun":"VƯƠNG THÀNH BẠC (già yếu); Sử dụng: VƯƠNG THỊ TÂM (con).","Quyetdinh":"Quyết định 3693/QĐ-UBND","ID":"228.72","Shape_Length":0.0010668423467718095,"Shape_Area":5.0052609854098806e-08}},{"type":"Feature","id":157,"geometry":{"type":"Polygon","coordinates":[[[107.15201737200005,10.492216389000021],[107.15189259800007,10.492274515000076],[107.15188818300004,10.492228496000052],[107.15187806200004,10.492218352000066],[107.15176032200009,10.492068409000069],[107.15169105400008,10.491984468000055],[107.15150906300005,10.49175475100003],[107.15145501600006,10.491689554000061],[107.15162729900004,10.491598834000058],[107.15201737200005,10.492216389000021]]]},"properties":{"OBJECTID":157,"FID":156,"Shape_Leng":198.37282031999999,"Sothua":425,"So_To":71,"LoaidatHT":"LUC","Khuphomoi":"Khu phố Hương Giang","Sothuacu":425,"Sotocu":22,"Phuongcu":"phường Long Hương","Nguoisudun":"Đăng ký: ĐẶNG QUANG TẠO; Sử dụng: ĐẶNG QUANG TẠO.","Quyetdinh":"Quyết định 3693/QĐ-UBND","ID":"425.71","Shape_Length":0.0018005827695118167,"Shape_Area":1.1130152415464513e-07}},{"type":"Feature","id":158,"geometry":{"type":"Polygon","coordinates":[[[107.16244923200009,10.492159137000044],[107.16232387400004,10.49231585900003],[107.16167296300006,10.491985648000025],[107.16190042400007,10.491749101000039],[107.16200919100004,10.491815936000023],[107.16208779600004,10.491842480000059],[107.16217955900004,10.491867333000073],[107.16220428100007,10.491934735000029],[107.16235953500006,10.492056354000056],[107.16244923200009,10.492159137000044]]]},"properties":{"OBJECTID":158,"FID":157,"Shape_Leng":216.514626846,"Sothua":238,"So_To":72,"LoaidatHT":"LUC","Khuphomoi":"Khu phố Hương Giang","Sothuacu":238,"Sotocu":23,"Phuongcu":"phường Long Hương","Nguoisudun":"NGUYỄN THỊ BẢI (già yếu); Sử dụng: NGUYỄN THỊ TUYẾT NGA (con).","Quyetdinh":"Quyết định 3693/QĐ-UBND","ID":"238.72","Shape_Length":0.001969859964275668,"Shape_Area":2.0193456841896286e-07}},{"type":"Feature","id":159,"geometry":{"type":"Polygon","coordinates":[[[107.16249132200005,10.492259023000031],[107.16234519300008,10.492320011000061],[107.16236794000008,10.492297949000033],[107.16243702300005,10.492238676000056],[107.16249132200005,10.492259023000031]]]},"properties":{"OBJECTID":159,"FID":158,"Shape_Leng":37.223148913300001,"Sothua":7,"So_To":72,"LoaidatHT":"LUC","Khuphomoi":"Khu phố Hương Giang","Sothuacu":0,"Sotocu":23,"Phuongcu":"phường Long Hương","Nguoisudun":" ","Quyetdinh":"Quyết định 3693/QĐ-UBND","ID":"7.72","Shape_Length":0.00033904584833700248,"Shape_Area":3.2303501944573719e-09}},{"type":"Feature","id":160,"geometry":{"type":"Polygon","coordinates":[[[107.15186028400007,10.492289571000072],[107.15176832100008,10.49233240500007],[107.15167277200004,10.492275738000046],[107.15128914800005,10.491769074000047],[107.15142878400007,10.491696556000022],[107.15187132000005,10.492256040000029],[107.15186028400007,10.492289571000072]]]},"properties":{"OBJECTID":160,"FID":159,"Shape_Leng":193.162330247,"Sothua":419,"So_To":71,"LoaidatHT":"LUC","Khuphomoi":"Khu phố Hương Giang","Sothuacu":419,"Sotocu":22,"Phuongcu":"phường Long Hương","Nguoisudun":"Đăng ký: ĐẶNG THỊ NGÔN - LÊ THỊ CÚC; Sử dụng: ĐẶNG THỊ NGÔN - LÊ THỊ CÚC.","Quyetdinh":"Quyết định 3693/QĐ-UBND","ID":"419.71","Shape_Length":0.0017540392231633693,"Shape_Area":1.1705691099740058e-07}},{"type":"Feature","id":161,"geometry":{"type":"Polygon","coordinates":[[[107.15450036400006,10.492312510000033],[107.15431117900005,10.492355915000076],[107.15428614500007,10.492214556000022],[107.15421696400006,10.491941836000024],[107.15421561900007,10.491928272000052],[107.15442646300005,10.491832921000025],[107.15450942600006,10.491968694000036],[107.15458027700004,10.49208473300007],[107.15447596800004,10.492123595000066],[107.15449712000009,10.492193704000044],[107.15452462600007,10.492284619000031],[107.15450036400006,10.492312510000033]]]},"properties":{"OBJECTID":161,"FID":160,"Shape_Leng":162.576152963,"Sothua":415,"So_To":71,"LoaidatHT":"LUC","Khuphomoi":"Khu phố Hương Giang","Sothuacu":415,"Sotocu":22,"Phuongcu":"phường Long Hương","Nguoisudun":"Đăng ký: NGUYỄN TIẾT CƯỜNG; Sử dụng: NGUYỄN TIẾT CƯỜNG.","Quyetdinh":"Quyết định 3693/QĐ-UBND","ID":"415.71","Shape_Length":0.0014756176986392409,"Shape_Area":1.1537792730282801e-07}},{"type":"Feature","id":162,"geometry":{"type":"Polygon","coordinates":[[[107.14803886200008,10.492209387000059],[107.14778847600007,10.492391634000057],[107.14768206000008,10.492244153000058],[107.14764126400007,10.492177080000033],[107.14789995300004,10.492000364000035],[107.14801873000005,10.492179965000048],[107.14803886200008,10.492209387000059]]]},"properties":{"OBJECTID":162,"FID":161,"Shape_Leng":124.84790606,"Sothua":576,"So_To":23,"LoaidatHT":"LUC","Khuphomoi":"Khu phố Núi Dinh","Sothuacu":0,"Sotocu":23,"Phuongcu":"Phường Kim Dinh","Nguoisudun":" ","Quyetdinh":"Quyết định 3693/QĐ-UBND","ID":"576.23","Shape_Length":0.001134320775567002,"Shape_Area":8.0084795981628709e-08}},{"type":"Feature","id":163,"geometry":{"type":"Polygon","coordinates":[[[107.16231883000006,10.492331014000058],[107.16206646700005,10.492436337000072],[107.16199601700004,10.492406387000074],[107.16190227800007,10.492363902000022],[107.16175672800006,10.492327558000056],[107.16173855300008,10.492325355000048],[107.16168797600005,10.492308083000069],[107.16153679700005,10.49210862700005],[107.16157907800005,10.492068833000076],[107.16167296300006,10.491985648000025],[107.16232387400004,10.49231585900003],[107.16231883000006,10.492331014000058]]]},"properties":{"OBJECTID":163,"FID":162,"Shape_Leng":203.61345036500001,"Sothua":239,"So_To":72,"LoaidatHT":"LUC","Khuphomoi":"Khu phố Hương Giang","Sothuacu":239,"Sotocu":23,"Phuongcu":"phường Long Hương","Nguoisudun":"PHẠM THỊ HUẨN","Quyetdinh":"Quyết định 3693/QĐ-UBND","ID":"239.72","Shape_Length":0.0018543262445046543,"Shape_Area":1.6358069400029658e-07}},{"type":"Feature","id":164,"geometry":{"type":"Polygon","coordinates":[[[107.14737463800009,10.492253786000049],[107.14708502000008,10.492410100000029],[107.14700841800004,10.492292601000031],[107.14696740200009,10.492197411000063],[107.14721308100007,10.492040833000033],[107.14725259300008,10.492016315000058],[107.14737463800009,10.492253786000049]]]},"properties":{"OBJECTID":164,"FID":163,"Shape_Leng":129.62630184099999,"Sothua":573,"So_To":23,"LoaidatHT":"LUC","Khuphomoi":"Khu phố Núi Dinh","Sothuacu":0,"Sotocu":23,"Phuongcu":"Phường Kim Dinh","Nguoisudun":" ","Quyetdinh":"Quyết định 3693/QĐ-UBND","ID":"573.23","Shape_Length":0.0011778539447485639,"Shape_Area":8.6222956872662129e-08}},{"type":"Feature","id":165,"geometry":{"type":"Polygon","coordinates":[[[107.15176832100008,10.49233240500007],[107.15155673800007,10.492430973000069],[107.15128596400007,10.49233196800003],[107.15111991500004,10.492268459000059],[107.15095148400007,10.492207927000038],[107.15080404500009,10.492158104000055],[107.15066984900005,10.492109210000024],[107.15052123600009,10.492051790000062],[107.15020345400006,10.491938538000056],[107.15020292500009,10.49183356900005],[107.15049054200006,10.491767208000056],[107.15059006600006,10.491746149000051],[107.15063743400003,10.491769474000023],[107.15065327700006,10.491891107000072],[107.15073748300006,10.491902477000053],[107.15081180200008,10.491876939000065],[107.15115841800008,10.491770908000035],[107.15128914800005,10.491769074000047],[107.15167277200004,10.492275738000046],[107.15176832100008,10.49233240500007]]]},"properties":{"OBJECTID":165,"FID":164,"Shape_Leng":412.17789871899998,"Sothua":418,"So_To":71,"LoaidatHT":"LUC","Khuphomoi":"Khu phố Hương Giang","Sothuacu":418,"Sotocu":22,"Phuongcu":"phường Long Hương","Nguoisudun":"Đăng ký: NGUYỄN THỊ THU VÂN; Sử dụng: NGUYỄN THỊ THU VÂN.","Quyetdinh":"Quyết định 3693/QĐ-UBND","ID":"418.71","Shape_Length":0.0037543158791959615,"Shape_Area":4.9543357343932907e-07}},{"type":"Feature","id":166,"geometry":{"type":"Polygon","coordinates":[[[107.16140359800005,10.492449683000075],[107.16120005400006,10.492502559000059],[107.16116016700005,10.492436303000034],[107.16098389500007,10.492318171000022],[107.16095633600008,10.492302388000041],[107.16095508300003,10.492288915000074],[107.16095225200007,10.492095158000041],[107.16131940800005,10.491850552000074],[107.16147031000008,10.492050369000026],[107.16149064300004,10.49207111100003],[107.16153679700005,10.49210862700005],[107.16168797600005,10.492308083000069],[107.16167528100004,10.492306432000021],[107.16152490800005,10.492405968000071],[107.16148988100008,10.492426246000036],[107.16148009600005,10.492431833000069],[107.16140359800005,10.492449683000075]]]},"properties":{"OBJECTID":166,"FID":165,"Shape_Leng":230.20207091,"Sothua":240,"So_To":72,"LoaidatHT":"LUC","Khuphomoi":"Khu phố Hương Giang","Sothuacu":240,"Sotocu":23,"Phuongcu":"phường Long Hương","Nguoisudun":"HỒ TẤN NHÂN","Quyetdinh":"Quyết định 3693/QĐ-UBND","ID":"240.72","Shape_Length":0.0020926967996212306,"Shape_Area":2.8211123888319831e-07}},{"type":"Feature","id":167,"geometry":{"type":"Polygon","coordinates":[[[107.16206646700005,10.492436337000072],[107.16182142400004,10.49253860500005],[107.16173855300008,10.492325355000048],[107.16175672800006,10.492327558000056],[107.16190227800007,10.492363902000022],[107.16199601700004,10.492406387000074],[107.16206646700005,10.492436337000072]]]},"properties":{"OBJECTID":167,"FID":166,"Shape_Leng":92.529142503700001,"Sothua":226,"So_To":72,"LoaidatHT":"LUC","Khuphomoi":"Khu phố Hương Giang","Sothuacu":226,"Sotocu":23,"Phuongcu":"phường Long Hương","Nguoisudun":"LÝ THỊ THƯƠNG","Quyetdinh":"Quyết định 3693/QĐ-UBND","ID":"226.72","Shape_Length":0.00084211000299775122,"Shape_Area":3.3207609260506101e-08}},{"type":"Feature","id":168,"geometry":{"type":"Polygon","coordinates":[[[107.15461791400008,10.492467786000077],[107.15440618200006,10.492549393000047],[107.15431365600006,10.492493616000047],[107.15431117900005,10.492355915000076],[107.15450036400006,10.492312510000033],[107.15463609700004,10.492274340000051],[107.15467856200007,10.49247278200005],[107.15461791400008,10.492467786000077]]]},"properties":{"OBJECTID":168,"FID":167,"Shape_Leng":117.806519904,"Sothua":398,"So_To":71,"LoaidatHT":"LUC","Khuphomoi":"Khu phố Hương Giang","Sothuacu":398,"Sotocu":22,"Phuongcu":"phường Long Hương","Nguoisudun":"Đăng ký: NGUYỄN TIẾT CƯỜNG; Sử dụng: NGUYỄN TIẾT CƯỜNG.","Quyetdinh":"Quyết định 3693/QĐ-UBND","ID":"398.71","Shape_Length":0.0010715617214121828,"Shape_Area":6.6592610359163457e-08}},{"type":"Feature","id":169,"geometry":{"type":"Polygon","coordinates":[[[107.15153626600005,10.492440509000062],[107.15117312000007,10.492609681000033],[107.15114356600009,10.492605556000058],[107.15095240000005,10.492586662000065],[107.15090473600009,10.49257508900007],[107.15044492600003,10.492447466000044],[107.15041029700006,10.492402918000039],[107.15039352200006,10.492385076000062],[107.15024923300007,10.492359579000038],[107.15015726700005,10.492345392000061],[107.15000477100006,10.491885543000024],[107.15017786000004,10.491946536000057],[107.15061486400003,10.492104676000054],[107.15079460900006,10.492171738000025],[107.15133750900009,10.492368592000048],[107.15142086000009,10.492397138000058],[107.15153626600005,10.492440509000062]]]},"properties":{"OBJECTID":169,"FID":168,"Shape_Leng":393.22107092499999,"Sothua":403,"So_To":71,"LoaidatHT":"LUC","Khuphomoi":"Khu phố Hương Giang","Sothuacu":403,"Sotocu":22,"Phuongcu":"phường Long Hương","Nguoisudun":"Đăng ký: VÕ THỊ KIM HƯƠNG; Sử dụng: VÕ THỊ KIM HƯƠNG.","Quyetdinh":"Quyết định 3693/QĐ-UBND","ID":"403.71","Shape_Length":0.0035827478381872295,"Shape_Area":4.6203907908446948e-07}},{"type":"Feature","id":170,"geometry":{"type":"Polygon","coordinates":[[[107.14762885700009,10.492545934000077],[107.14745579000004,10.492615765000039],[107.14740076000004,10.492492611000046],[107.14719201600008,10.492587780000065],[107.14715195600007,10.492517184000064],[107.14751918200005,10.492336334000072],[107.14762885700009,10.492545934000077]]]},"properties":{"OBJECTID":170,"FID":169,"Shape_Leng":140.520320927,"Sothua":540,"So_To":23,"LoaidatHT":"LUC","Khuphomoi":"Khu phố Núi Dinh","Sothuacu":0,"Sotocu":23,"Phuongcu":"Phường Kim Dinh","Nguoisudun":" ","Quyetdinh":"Quyết định 3693/QĐ-UBND","ID":"540.23","Shape_Length":0.0012780020385257899,"Shape_Area":6.0819472440815932e-08}},{"type":"Feature","id":171,"geometry":{"type":"Polygon","coordinates":[[[107.16182142400004,10.49253860500005],[107.16157225500007,10.492642596000053],[107.16148988100008,10.492426246000036],[107.16152490800005,10.492405968000071],[107.16167528100004,10.492306432000021],[107.16168797600005,10.492308083000069],[107.16173855300008,10.492325355000048],[107.16182142400004,10.49253860500005]]]},"properties":{"OBJECTID":171,"FID":170,"Shape_Leng":111.98594595,"Sothua":225,"So_To":72,"LoaidatHT":"LUC","Khuphomoi":"Khu phố Hương Giang","Sothuacu":225,"Sotocu":23,"Phuongcu":"phường Long Hương","Nguoisudun":"NGUYỄN PHI LONG","Quyetdinh":"Quyết định 3693/QĐ-UBND","ID":"225.72","Shape_Length":0.0010173378066739324,"Shape_Area":6.7325943541534919e-08}},{"type":"Feature","id":172,"geometry":{"type":"Polygon","coordinates":[[[107.15038509600004,10.492586225000025],[107.15020979300004,10.492631552000034],[107.15017578200008,10.492456090000076],[107.15016478300004,10.492380033000074],[107.15029327900004,10.492399714000044],[107.15035026400005,10.492409767000026],[107.15038206600008,10.492451868000046],[107.15040902900006,10.492491971000049],[107.15038509600004,10.492586225000025]]]},"properties":{"OBJECTID":172,"FID":171,"Shape_Leng":90.583328707600003,"Sothua":392,"So_To":71,"LoaidatHT":"LUC","Khuphomoi":"Khu phố Hương Giang","Sothuacu":392,"Sotocu":22,"Phuongcu":"phường Long Hương","Nguoisudun":"Đăng ký: NGUYỄN THỊ TUYẾT NGA; Sử dụng: NGUYỄN THỊ TUYẾT NGA.","Quyetdinh":"Quyết định 3693/QĐ-UBND","ID":"392.71","Shape_Length":0.00082283553890039908,"Shape_Area":4.3149821351874783e-08}},{"type":"Feature","id":173,"geometry":{"type":"Polygon","coordinates":[[[107.14720438900008,10.49261393300003],[107.14704464500005,10.492691293000064],[107.14698865800005,10.492590288000031],[107.14715004500005,10.492514196000059],[107.14715195600007,10.492517184000064],[107.14719201600008,10.492587780000065],[107.14720438900008,10.49261393300003]]]},"properties":{"OBJECTID":173,"FID":172,"Shape_Leng":64.3404159384,"Sothua":530,"So_To":23,"LoaidatHT":"LUC","Khuphomoi":"Khu phố Núi Dinh","Sothuacu":0,"Sotocu":23,"Phuongcu":"Phường Kim Dinh","Nguoisudun":" ","Quyetdinh":"Quyết định 3693/QĐ-UBND","ID":"530.23","Shape_Length":0.000585049008808445,"Shape_Area":2.0449959160013571e-08}},{"type":"Feature","id":174,"geometry":{"type":"Polygon","coordinates":[[[107.15113754300006,10.49262625800003],[107.15095376300008,10.492711872000029],[107.15040998500007,10.492659777000028],[107.15038509600004,10.492586225000025],[107.15040902900006,10.492491971000049],[107.15051222600005,10.49250898300005],[107.15060164300007,10.492518644000029],[107.15095930300004,10.492607379000049],[107.15113302300006,10.492625607000036],[107.15113754300006,10.49262625800003]]]},"properties":{"OBJECTID":174,"FID":173,"Shape_Leng":182.71080832600001,"Sothua":382,"So_To":71,"LoaidatHT":"LUC","Khuphomoi":"Khu phố Hương Giang","Sothuacu":382,"Sotocu":22,"Phuongcu":"phường Long Hương","Nguoisudun":"Đăng ký: NGUYỄN HUY QUỐC; Sử dụng: NGUYỄN HUY QUỐC.","Quyetdinh":"Quyết định 3693/QĐ-UBND","ID":"382.71","Shape_Length":0.0016661757193383343,"Shape_Area":8.9616221459386249e-08}},{"type":"Feature","id":175,"geometry":{"type":"Polygon","coordinates":[[[107.15019215900008,10.492632784000023],[107.14973238700009,10.49272232800007],[107.14966164900005,10.492548785000054],[107.14963621800007,10.492471617000035],[107.14960750700004,10.492390734000026],[107.14963639200005,10.492381477000038],[107.14977303300009,10.492346203000068],[107.14983308600006,10.492329139000049],[107.15014706500006,10.492377287000068],[107.15017063400006,10.492519639000022],[107.15019215900008,10.492632784000023]]]},"properties":{"OBJECTID":175,"FID":174,"Shape_Leng":179.60164708400001,"Sothua":386,"So_To":71,"LoaidatHT":"LUC","Khuphomoi":"Khu phố Hương Giang","Sothuacu":386,"Sotocu":22,"Phuongcu":"phường Long Hương","Nguoisudun":"Đăng ký: NGUYỄN THỊ TƯ; Sử dụng: NGUYỄN THỊ TƯ.","Quyetdinh":"Quyết định 3693/QĐ-UBND","ID":"386.71","Shape_Length":0.0016338911281322528,"Shape_Area":1.6681315745684316e-07}},{"type":"Feature","id":176,"geometry":{"type":"Polygon","coordinates":[[[107.14745579000004,10.492615765000039],[107.14727568400008,10.492735310000057],[107.14720438900008,10.49261393300003],[107.14719201600008,10.492587780000065],[107.14740076000004,10.492492611000046],[107.14745579000004,10.492615765000039]]]},"properties":{"OBJECTID":176,"FID":175,"Shape_Leng":82.5408203227,"Sothua":528,"So_To":23,"LoaidatHT":"LUC","Khuphomoi":"Khu phố Núi Dinh","Sothuacu":0,"Sotocu":23,"Phuongcu":"Phường Kim Dinh","Nguoisudun":" ","Quyetdinh":"Quyết định 3693/QĐ-UBND","ID":"528.23","Shape_Length":0.00075017303218053431,"Shape_Area":3.3940359192993258e-08}},{"type":"Feature","id":177,"geometry":{"type":"Polygon","coordinates":[[[107.14708502000008,10.492410100000029],[107.14640069600006,10.49273753600005],[107.14633999800009,10.49261645100006],[107.14671760300007,10.49245406600005],[107.14680136700008,10.492410557000028],[107.14690607800009,10.492352440000047],[107.14700841800004,10.492292601000031],[107.14708502000008,10.492410100000029]]]},"properties":{"OBJECTID":177,"FID":176,"Shape_Leng":195.262882128,"Sothua":538,"So_To":23,"LoaidatHT":"LUC","Khuphomoi":"Khu phố Núi Dinh","Sothuacu":0,"Sotocu":23,"Phuongcu":"Phường Kim Dinh","Nguoisudun":" ","Quyetdinh":"Quyết định 3693/QĐ-UBND","ID":"538.23","Shape_Length":0.0017780753762354105,"Shape_Area":9.5573165703385286e-08}},{"type":"Feature","id":178,"geometry":{"type":"Polygon","coordinates":[[[107.16120005400006,10.492502559000059],[107.16109151100005,10.492799901000069],[107.16080917600004,10.492731208000066],[107.16080860400007,10.492695766000054],[107.16079925000008,10.492618356000037],[107.16089765500004,10.492464116000065],[107.16092216400006,10.492401597000026],[107.16095633600008,10.492302388000041],[107.16098389500007,10.492318171000022],[107.16116016700005,10.492436303000034],[107.16120005400006,10.492502559000059]]]},"properties":{"OBJECTID":178,"FID":177,"Shape_Leng":153.89566262700001,"Sothua":242,"So_To":72,"LoaidatHT":"LUC","Khuphomoi":"Khu phố Hương Giang","Sothuacu":242,"Sotocu":23,"Phuongcu":"phường Long Hương","Nguoisudun":"NGUYỄN THANH CAO (chết); Sử dụng: ĐẶNG THỊ OANH ( vợ).","Quyetdinh":"Quyết định 3693/QĐ-UBND","ID":"242.72","Shape_Length":0.0013968536801199491,"Shape_Area":1.2371454706554123e-07}},{"type":"Feature","id":179,"geometry":{"type":"Polygon","coordinates":[[[107.14780271500007,10.492728894000038],[107.14759601300005,10.492806708000046],[107.14745579000004,10.492615765000039],[107.14762885700009,10.492545934000077],[107.14782305800009,10.492460321000067],[107.14784921100005,10.492493642000056],[107.14796828500005,10.492661761000022],[107.14780271500007,10.492728894000038]]]},"properties":{"OBJECTID":179,"FID":178,"Shape_Leng":141.05509702000001,"Sothua":525,"So_To":23,"LoaidatHT":"LUC","Khuphomoi":"Khu phố Núi Dinh","Sothuacu":0,"Sotocu":23,"Phuongcu":"Phường Kim Dinh","Nguoisudun":" ","Quyetdinh":"Quyết định 3693/QĐ-UBND","ID":"525.23","Shape_Length":0.0012836600473886397,"Shape_Area":9.4065622579978264e-08}},{"type":"Feature","id":180,"geometry":{"type":"Polygon","coordinates":[[[107.15464791500006,10.492782473000034],[107.15454369800005,10.492820975000029],[107.15440618200006,10.492549393000047],[107.15461791400008,10.492467786000077],[107.15467856200007,10.49247278200005],[107.15467715700004,10.492490952000026],[107.15467537900008,10.492513100000053],[107.15467444400008,10.492572046000021],[107.15471972600005,10.492730893000044],[107.15464791500006,10.492782473000034]]]},"properties":{"OBJECTID":180,"FID":179,"Shape_Leng":116.31166694700001,"Sothua":381,"So_To":71,"LoaidatHT":"LUC","Khuphomoi":"Khu phố Hương Giang","Sothuacu":381,"Sotocu":22,"Phuongcu":"phường Long Hương","Nguoisudun":"Đăng ký: NGUYỄN TIẾT CƯỜNG; Sử dụng: NGUYỄN TIẾT CƯỜNG.","Quyetdinh":"Quyết định 3693/QĐ-UBND","ID":"381.71","Shape_Length":0.0010562704226533307,"Shape_Area":6.8485829132580942e-08}},{"type":"Feature","id":181,"geometry":{"type":"Polygon","coordinates":[[[107.14674557800004,10.492726166000068],[107.14645580400008,10.492867924000052],[107.14640069600006,10.49273753600005],[107.14708502000008,10.492410100000029],[107.14715004500005,10.492514196000059],[107.14698865800005,10.492590288000031],[107.14674557800004,10.492726166000068]]]},"properties":{"OBJECTID":181,"FID":180,"Shape_Leng":197.95078725499999,"Sothua":526,"So_To":23,"LoaidatHT":"LUC","Khuphomoi":"Khu phố Núi Dinh","Sothuacu":0,"Sotocu":23,"Phuongcu":"Phường Kim Dinh","Nguoisudun":" ","Quyetdinh":"Quyết định 3693/QĐ-UBND","ID":"526.23","Shape_Length":0.0018024130140876459,"Shape_Area":1.0159765875539545e-07}},{"type":"Feature","id":182,"geometry":{"type":"Polygon","coordinates":[[[107.14715298200008,10.492789865000077],[107.14694169300009,10.492877978000024],[107.14688276200008,10.492788088000054],[107.14703393700006,10.492701489000069],[107.14704464500005,10.492691293000064],[107.14720438900008,10.49261393300003],[107.14727568400008,10.492735310000057],[107.14715298200008,10.492789865000077]]]},"properties":{"OBJECTID":182,"FID":181,"Shape_Leng":107.453482552,"Sothua":517,"So_To":23,"LoaidatHT":"LUC","Khuphomoi":"Khu phố Núi Dinh","Sothuacu":0,"Sotocu":23,"Phuongcu":"Phường Kim Dinh","Nguoisudun":" ","Quyetdinh":"Quyết định 3693/QĐ-UBND","ID":"517.23","Shape_Length":0.00097795899117574013,"Shape_Area":4.6462411734605349e-08}},{"type":"Feature","id":183,"geometry":{"type":"Polygon","coordinates":[[[107.14759601300005,10.492806708000046],[107.14738492700008,10.492932432000032],[107.14736689500006,10.492902924000077],[107.14727568400008,10.492735310000057],[107.14745579000004,10.492615765000039],[107.14759601300005,10.492806708000046]]]},"properties":{"OBJECTID":183,"FID":182,"Shape_Leng":101.719746736,"Sothua":514,"So_To":23,"LoaidatHT":"LUC","Khuphomoi":"Khu phố Núi Dinh","Sothuacu":0,"Sotocu":23,"Phuongcu":"Phường Kim Dinh","Nguoisudun":"UBND phường","Quyetdinh":"Quyết định 3693/QĐ-UBND","ID":"514.23","Shape_Length":0.00092416575169266429,"Shape_Area":5.3414030685472478e-08}},{"type":"Feature","id":184,"geometry":{"type":"Polygon","coordinates":[[[107.14824130700003,10.49291579100003],[107.14815784000007,10.492947548000075],[107.14800045700008,10.492700970000044],[107.14810937500005,10.492641143000071],[107.14827391000006,10.492542816000025],[107.14834662300007,10.492639513000029],[107.14844403300003,10.492815005000068],[107.14844119800006,10.492816356000048],[107.14837216200004,10.492849315000058],[107.14824130700003,10.49291579100003]]]},"properties":{"OBJECTID":184,"FID":183,"Shape_Leng":137.082187148,"Sothua":516,"So_To":23,"LoaidatHT":"LUC","Khuphomoi":"Khu phố Núi Dinh","Sothuacu":0,"Sotocu":23,"Phuongcu":"Phường Kim Dinh","Nguoisudun":" ","Quyetdinh":"Quyết định 3693/QĐ-UBND","ID":"516.23","Shape_Length":0.0012458845034089383,"Shape_Area":9.8463448581848462e-08}},{"type":"Feature","id":185,"geometry":{"type":"Polygon","coordinates":[[[107.15095376300008,10.492711872000029],[107.15029327300005,10.493019556000036],[107.15029300300006,10.493017493000025],[107.15023604100008,10.492758177000042],[107.15020979300004,10.492631552000034],[107.15038509600004,10.492586225000025],[107.15040998500007,10.492659777000028],[107.15095376300008,10.492711872000029]]]},"properties":{"OBJECTID":185,"FID":184,"Shape_Leng":212.07497652999999,"Sothua":359,"So_To":71,"LoaidatHT":"LUC","Khuphomoi":"Khu phố Hương Giang","Sothuacu":359,"Sotocu":22,"Phuongcu":"phường Long Hương","Nguoisudun":"Đăng ký: NGUYỄN THỊ TUYẾT NGA; Sử dụng: NGUYỄN THỊ TUYẾT NGA.","Quyetdinh":"Quyết định 3693/QĐ-UBND","ID":"359.71","Shape_Length":0.0019305209230079281,"Shape_Area":1.4569997457559197e-07}},{"type":"Feature","id":186,"geometry":{"type":"Polygon","coordinates":[[[107.14815784000007,10.492947548000075],[107.14798594000007,10.493027598000026],[107.14795480000004,10.492974377000053],[107.14780271500007,10.492728894000038],[107.14796828500005,10.492661761000022],[107.14800045700008,10.492700970000044],[107.14815784000007,10.492947548000075]]]},"properties":{"OBJECTID":186,"FID":185,"Shape_Leng":116.917739875,"Sothua":512,"So_To":23,"LoaidatHT":"LUC","Khuphomoi":"Khu phố Núi Dinh","Sothuacu":0,"Sotocu":23,"Phuongcu":"Phường Kim Dinh","Nguoisudun":" ","Quyetdinh":"Quyết định 3693/QĐ-UBND","ID":"512.23","Shape_Length":0.0010619678049024251,"Shape_Area":6.3684915237459546e-08}},{"type":"Feature","id":187,"geometry":{"type":"Polygon","coordinates":[[[107.16094231400007,10.492905587000052],[107.16057024900005,10.493060890000038],[107.16056995000008,10.493053714000041],[107.16057753700005,10.492761428000051],[107.16073808900006,10.492738399000075],[107.16080917600004,10.492731208000066],[107.16109151100005,10.492799901000069],[107.16109420900005,10.49282278000004],[107.16100134800007,10.493043928000077],[107.16099788500009,10.493035792000057],[107.16106984200007,10.492858177000073],[107.16106775000009,10.49285320000007],[107.16094231400007,10.492905587000052]]]},"properties":{"OBJECTID":187,"FID":186,"Shape_Leng":201.48836138499999,"Sothua":243,"So_To":72,"LoaidatHT":"LUC","Khuphomoi":"Khu phố Hương Giang","Sothuacu":243,"Sotocu":23,"Phuongcu":"phường Long Hương","Nguoisudun":"Đăng ký: NGUYỄN THANH CAO (chết); Sử dụng: ĐẶNG THỊ OANH ( vợ).","Quyetdinh":"Quyết định 3693/QĐ-UBND","ID":"243.72","Shape_Length":0.0018316650855765364,"Shape_Area":1.0252087024124822e-07}},{"type":"Feature","id":188,"geometry":{"type":"Polygon","coordinates":[[[107.14736689500006,10.492902924000077],[107.14702313500004,10.493043041000021],[107.14694169300009,10.492877978000024],[107.14715298200008,10.492789865000077],[107.14727568400008,10.492735310000057],[107.14736689500006,10.492902924000077]]]},"properties":{"OBJECTID":188,"FID":187,"Shape_Leng":121.933532789,"Sothua":508,"So_To":23,"LoaidatHT":"LUC","Khuphomoi":"Khu phố Núi Dinh","Sothuacu":0,"Sotocu":23,"Phuongcu":"Phường Kim Dinh","Nguoisudun":" ","Quyetdinh":"Quyết định 3693/QĐ-UBND","ID":"508.23","Shape_Length":0.0011093138868793957,"Shape_Area":6.8216346963852758e-08}},{"type":"Feature","id":189,"geometry":{"type":"Polygon","coordinates":[[[107.16054737500008,10.493070438000075],[107.16052903600007,10.493078092000076],[107.16004927100005,10.493033761000049],[107.16004966300005,10.49297174000003],[107.16012011500004,10.492720527000074],[107.16020698400007,10.492725390000032],[107.16029488400005,10.492763978000028],[107.16054567600008,10.492750067000031],[107.16054795100007,10.492754953000031],[107.16054843400008,10.492837500000064],[107.16054638000008,10.493005391000054],[107.16054737500008,10.493070438000075]]]},"properties":{"OBJECTID":189,"FID":188,"Shape_Leng":173.717821504,"Sothua":245,"So_To":72,"LoaidatHT":"LUC","Khuphomoi":"Khu phố Hương Giang","Sothuacu":245,"Sotocu":23,"Phuongcu":"phường Long Hương","Nguoisudun":"Đăng ký: NGUYỄN VĂN NON (chết); Sử dụng: TRẦN THỊ THU HÀ (vợ).","Quyetdinh":"Quyết định 3693/QĐ-UBND","ID":"245.72","Shape_Length":0.0015796841294104134,"Shape_Area":1.4694044171613682e-07}},{"type":"Feature","id":190,"geometry":{"type":"Polygon","coordinates":[[[107.14694825400005,10.493075358000056],[107.14689148800005,10.493093603000034],[107.14686013100004,10.493010998000045],[107.14674557800004,10.492726166000068],[107.14698865800005,10.492590288000031],[107.14704464500005,10.492691293000064],[107.14703393700006,10.492701489000069],[107.14688276200008,10.492788088000054],[107.14694169300009,10.492877978000024],[107.14702313500004,10.493043041000021],[107.14694825400005,10.493075358000056]]]},"properties":{"OBJECTID":190,"FID":189,"Shape_Leng":155.413458529,"Sothua":511,"So_To":23,"LoaidatHT":"LUC","Khuphomoi":"Khu phố Núi Dinh","Sothuacu":0,"Sotocu":23,"Phuongcu":"Phường Kim Dinh","Nguoisudun":" ","Quyetdinh":"Quyết định 3693/QĐ-UBND","ID":"511.23","Shape_Length":0.0014110613316712999,"Shape_Area":7.0226515472668947e-08}},{"type":"Feature","id":191,"geometry":{"type":"Polygon","coordinates":[[[107.14798594000007,10.493027598000026],[107.14778595500007,10.493128299000034],[107.14759601300005,10.492806708000046],[107.14780271500007,10.492728894000038],[107.14795480000004,10.492974377000053],[107.14798594000007,10.493027598000026]]]},"properties":{"OBJECTID":191,"FID":190,"Shape_Leng":128.66523076300001,"Sothua":506,"So_To":23,"LoaidatHT":"LUC","Khuphomoi":"Khu phố Núi Dinh","Sothuacu":0,"Sotocu":23,"Phuongcu":"Phường Kim Dinh","Nguoisudun":" ","Quyetdinh":"Quyết định 3693/QĐ-UBND","ID":"506.23","Shape_Length":0.0011687047544457574,"Shape_Area":7.9945342494202447e-08}},{"type":"Feature","id":192,"geometry":{"type":"Polygon","coordinates":[[[107.14676961800006,10.493048799000064],[107.14656452800006,10.493143794000048],[107.14653709700008,10.49306191900007],[107.14673749800005,10.492982286000029],[107.14676961800006,10.493048799000064]]]},"properties":{"OBJECTID":192,"FID":191,"Shape_Leng":66.1425627956,"Sothua":497,"So_To":23,"LoaidatHT":"LUC","Khuphomoi":"Khu phố Núi Dinh","Sothuacu":0,"Sotocu":23,"Phuongcu":"Phường Kim Dinh","Nguoisudun":"UBND phường","Quyetdinh":"Quyết định 3693/QĐ-UBND","ID":"497.23","Shape_Length":0.0006018757188304165,"Shape_Area":1.7642317634724343e-08}},{"type":"Feature","id":193,"geometry":{"type":"Polygon","coordinates":[[[107.15027643000008,10.493027407000056],[107.14990034700008,10.493202602000054],[107.14986120200007,10.493097778000049],[107.14973238700009,10.49272232800007],[107.15019215900008,10.492632784000023],[107.15025862400006,10.492938680000066],[107.15027643000008,10.493027407000056]]]},"properties":{"OBJECTID":193,"FID":192,"Shape_Leng":197.689357067,"Sothua":355,"So_To":71,"LoaidatHT":"LUC","Khuphomoi":"Khu phố Hương Giang","Sothuacu":355,"Sotocu":22,"Phuongcu":"phường Long Hương","Nguoisudun":"Đăng ký: NGUYỄN THỊ TƯ; Sử dụng: NGUYỄN THỊ TƯ.","Quyetdinh":"Quyết định 3693/QĐ-UBND","ID":"355.71","Shape_Length":0.0017956554918460374,"Shape_Area":2.0033787494827191e-07}},{"type":"Feature","id":194,"geometry":{"type":"Polygon","coordinates":[[[107.15813908700005,10.493165918000045],[107.15784416600007,10.49323064500004],[107.15778617000007,10.49293489300004],[107.15790193300006,10.492925706000051],[107.15798131700006,10.492926848000025],[107.15813402200007,10.492990281000061],[107.15816168900005,10.49300177300006],[107.15813908700005,10.493165918000045]]]},"properties":{"OBJECTID":194,"FID":193,"Shape_Leng":127.57282821,"Sothua":343,"So_To":71,"LoaidatHT":"LUC","Khuphomoi":"Khu phố Hương Giang","Sothuacu":343,"Sotocu":22,"Phuongcu":"phường Long Hương","Nguoisudun":"Đăng ký: ĐẶNG THỊ XUÂN; Sử dụng: ĐẶNG THỊ XUÂN.","Quyetdinh":"Quyết định 3693/QĐ-UBND","ID":"343.71","Shape_Length":0.0011598527585435911,"Shape_Area":8.5531219804459589e-08}},{"type":"Feature","id":195,"geometry":{"type":"Polygon","coordinates":[[[107.16052903600007,10.493078092000076],[107.16000684300008,10.493296060000034],[107.16003875700005,10.493086452000057],[107.16004927100005,10.493033761000049],[107.16052903600007,10.493078092000076]]]},"properties":{"OBJECTID":195,"FID":194,"Shape_Leng":144.21857442999999,"Sothua":220,"So_To":72,"LoaidatHT":"LUC","Khuphomoi":"Khu phố Hương Giang","Sothuacu":220,"Sotocu":23,"Phuongcu":"phường Long Hương","Nguoisudun":"UBND phường","Quyetdinh":"Quyết định 3693/QĐ-UBND","ID":"220.72","Shape_Length":0.0013134204094361062,"Shape_Area":6.4122496669792437e-08}},{"type":"Feature","id":196,"geometry":{"type":"Polygon","coordinates":[[[107.15902784500008,10.493274076000034],[107.15876843700005,10.493302977000042],[107.15870616500007,10.493286316000024],[107.15854398500005,10.493252472000052],[107.15855077100008,10.493191186000047],[107.15853787900005,10.493100570000024],[107.15856542200004,10.49307684200005],[107.15859323000006,10.493057547000035],[107.15870345100006,10.492887869000072],[107.15876912300007,10.492893957000035],[107.15883135100006,10.492933312000048],[107.15890283000005,10.492960117000052],[107.15893022900008,10.492964055000073],[107.15897615400007,10.49302571100003],[107.15899703900004,10.493092021000052],[107.15902866400006,10.493179417000022],[107.15904127100004,10.493227810000064],[107.15903353800007,10.49325925900007],[107.15902784500008,10.493274076000034]]]},"properties":{"OBJECTID":196,"FID":195,"Shape_Leng":164.787592066,"Sothua":342,"So_To":71,"LoaidatHT":"LUC","Khuphomoi":"Khu phố Hương Giang","Sothuacu":342,"Sotocu":22,"Phuongcu":"phường Long Hương","Nguoisudun":"Đăng ký: LÊ THỊ HẬU (già yếu); Sử dụng: VÕ THỊ THU VÂN (con).","Quyetdinh":"Quyết định 3693/QĐ-UBND","ID":"342.71","Shape_Length":0.0014980860150460803,"Shape_Area":1.4889015032317432e-07}},{"type":"Feature","id":197,"geometry":{"type":"Polygon","coordinates":[[[107.15844044100004,10.493369723000058],[107.15828466200009,10.493380916000035],[107.15827449800008,10.49324907700003],[107.15817289900008,10.493256211000073],[107.15813908700005,10.493165918000045],[107.15816168900005,10.49300177300006],[107.15848456200007,10.493083382000066],[107.15853787900005,10.493100570000024],[107.15855077100008,10.493191186000047],[107.15854398500005,10.493252472000052],[107.15853227200006,10.493359045000034],[107.15844044100004,10.493369723000058]]]},"properties":{"OBJECTID":197,"FID":196,"Shape_Leng":153.43227779099999,"Sothua":338,"So_To":71,"LoaidatHT":"LUC","Khuphomoi":"Khu phố Hương Giang","Sothuacu":338,"Sotocu":22,"Phuongcu":"phường Long Hương","Nguoisudun":"Đăng ký: LÊ KIM CÚC; Sử dụng: LÊ KIM CÚC.","Quyetdinh":"Quyết định 3693/QĐ-UBND","ID":"338.71","Shape_Length":0.0013942694614224994,"Shape_Area":1.1059509473201705e-07}},{"type":"Feature","id":198,"geometry":{"type":"Polygon","coordinates":[[[107.15785055000003,10.493332009000028],[107.15760168600008,10.493388323000033],[107.15751766000005,10.492946236000023],[107.15768009700008,10.492940662000024],[107.15774716000004,10.492936086000043],[107.15778617000007,10.49293489300004],[107.15784416600007,10.49323064500004],[107.15785055000003,10.493332009000028]]]},"properties":{"OBJECTID":198,"FID":197,"Shape_Leng":151.729033297,"Sothua":339,"So_To":71,"LoaidatHT":"LUC","Khuphomoi":"Khu phố Hương Giang","Sothuacu":339,"Sotocu":22,"Phuongcu":"phường Long Hương","Nguoisudun":"Đăng ký: PHẠM MINH KHA (Chết); Sử dụng: PHẠM MINH TUẤN (CON TRAI).","Quyetdinh":"Quyết định 3693/QĐ-UBND","ID":"339.71","Shape_Length":0.0013768867669815357,"Shape_Area":1.1292727002861747e-07}},{"type":"Feature","id":199,"geometry":{"type":"Polygon","coordinates":[[[107.15760168600008,10.493388323000033],[107.15735313100004,10.49342673700005],[107.15734793600006,10.493372209000029],[107.15733236500006,10.493297681000058],[107.15732128100007,10.493217465000043],[107.15730149300003,10.493102968000073],[107.15728350600006,10.493050044000029],[107.15726695300003,10.49301104500006],[107.15729042000004,10.492969048000077],[107.15729948700005,10.492957312000044],[107.15751766000005,10.492946236000023],[107.15760168600008,10.493388323000033]]]},"properties":{"OBJECTID":199,"FID":198,"Shape_Leng":155.33394828199999,"Sothua":337,"So_To":71,"LoaidatHT":"LUC","Khuphomoi":"Khu phố Hương Giang","Sothuacu":337,"Sotocu":22,"Phuongcu":"phường Long Hương","Nguoisudun":"Đăng ký: PHẠM HỒNG LO (già yếu); Sử dụng: PHẠM THỊ HỒNG THANH (con).","Quyetdinh":"Quyết định 3693/QĐ-UBND","ID":"337.71","Shape_Length":0.0014092487958730052,"Shape_Area":1.1352453930920963e-07}},{"type":"Feature","id":200,"geometry":{"type":"Polygon","coordinates":[[[107.15795450800005,10.493429395000021],[107.15788111600006,10.493447973000059],[107.15785055000003,10.493332009000028],[107.15784416600007,10.49323064500004],[107.15813908700005,10.493165918000045],[107.15817289900008,10.493256211000073],[107.15827449800008,10.49324907700003],[107.15828466200009,10.493380916000035],[107.15826355100006,10.493385126000021],[107.15818762900005,10.493389234000063],[107.15795450800005,10.493429395000021]]]},"properties":{"OBJECTID":200,"FID":199,"Shape_Leng":138.90349478600001,"Sothua":328,"So_To":71,"LoaidatHT":"LUC","Khuphomoi":"Khu phố Hương Giang","Sothuacu":328,"Sotocu":22,"Phuongcu":"phường Long Hương","Nguoisudun":"Đăng ký: NGÔ THIỆN NHƠN; Sử dụng: NGÔ THIỆN NHƠN.","Quyetdinh":"Quyết định 3693/QĐ-UBND","ID":"328.71","Shape_Length":0.0012637470974520499,"Shape_Area":8.4329701132857305e-08}},{"type":"Feature","id":201,"geometry":{"type":"Polygon","coordinates":[[[107.14750677800004,10.493270258000052],[107.14716799500007,10.493434164000064],[107.14710480100007,10.493328082000062],[107.14700223200003,10.493223101000069],[107.14694825400005,10.493075358000056],[107.14702313500004,10.493043041000021],[107.14736689500006,10.492902924000077],[107.14738492700008,10.492932432000032],[107.14755826800007,10.493240068000034],[107.14750677800004,10.493270258000052]]]},"properties":{"OBJECTID":201,"FID":200,"Shape_Leng":187.45358123,"Sothua":489,"So_To":23,"LoaidatHT":"LUC","Khuphomoi":"Khu phố Núi Dinh","Sothuacu":0,"Sotocu":23,"Phuongcu":"Phường Kim Dinh","Nguoisudun":" ","Quyetdinh":"Quyết định 3693/QĐ-UBND","ID":"489.23","Shape_Length":0.0017040487083164421,"Shape_Area":1.8425677057035037e-07}},{"type":"Feature","id":202,"geometry":{"type":"Polygon","coordinates":[[[107.15693065400006,10.493504607000034],[107.15691146700004,10.49350610700003],[107.15679799900005,10.493365668000024],[107.15674460200006,10.493293963000042],[107.15672580200004,10.493284073000041],[107.15669082900007,10.493228405000025],[107.15675061100006,10.493208716000026],[107.15681395000007,10.49319274100003],[107.15701807000005,10.493126036000035],[107.15707211100005,10.493290957000056],[107.15711740500006,10.493443928000033],[107.15698813800009,10.493492960000026],[107.15693065400006,10.493504607000034]]]},"properties":{"OBJECTID":202,"FID":201,"Shape_Leng":137.44176218499999,"Sothua":329,"So_To":71,"LoaidatHT":"LUC","Khuphomoi":"Khu phố Hương Giang","Sothuacu":329,"Sotocu":22,"Phuongcu":"phường Long Hương","Nguoisudun":"Đăng ký: NGUYỄN VĂN CẨN (chết); Sử dụng: VŨ THỊ THẠCH (vợ).","Quyetdinh":"Quyết định 3693/QĐ-UBND","ID":"329.71","Shape_Length":0.0012491797512982389,"Shape_Area":9.4163525227087501e-08}},{"type":"Feature","id":203,"geometry":{"type":"Polygon","coordinates":[[[107.15917396800006,10.493585634000056],[107.15892408000008,10.493604246000075],[107.15904722500005,10.493267241000069],[107.15923654000005,10.493251499000053],[107.15924263900007,10.493263355000067],[107.15923905100004,10.493565231000048],[107.15917396800006,10.493585634000056]]]},"properties":{"OBJECTID":203,"FID":202,"Shape_Leng":130.245198504,"Sothua":323,"So_To":71,"LoaidatHT":"LUC","Khuphomoi":"Khu phố Hương Giang","Sothuacu":323,"Sotocu":22,"Phuongcu":"phường Long Hương","Nguoisudun":"Đăng ký: NGUYỄN THỊ NGA; Sử dụng: NGUYỄN THỊ NGA.","Quyetdinh":"Quyết định 3693/QĐ-UBND","ID":"323.71","Shape_Length":0.0011827842389895945,"Shape_Area":8.3273411267698029e-08}},{"type":"Feature","id":204,"geometry":{"type":"Polygon","coordinates":[[[107.15902784500008,10.493274076000034],[107.15891275200005,10.493604316000074],[107.15852542600004,10.493596995000075],[107.15852402700006,10.493564083000024],[107.15853227200006,10.493359045000034],[107.15854398500005,10.493252472000052],[107.15870616500007,10.493286316000024],[107.15876843700005,10.493302977000042],[107.15902784500008,10.493274076000034]]]},"properties":{"OBJECTID":204,"FID":203,"Shape_Leng":173.07994236900001,"Sothua":322,"So_To":71,"LoaidatHT":"LUC","Khuphomoi":"Khu phố Hương Giang","Sothuacu":322,"Sotocu":22,"Phuongcu":"phường Long Hương","Nguoisudun":"Đăng ký: NGUYỄN THỊ NGA; Sử dụng: NGUYỄN THỊ NGA.","Quyetdinh":"Quyết định 3693/QĐ-UBND","ID":"322.71","Shape_Length":0.0015736254419089787,"Shape_Area":1.3973847893118725e-07}},{"type":"Feature","id":205,"geometry":{"type":"Polygon","coordinates":[[[107.15786823200006,10.493593330000067],[107.15764017300006,10.493614695000076],[107.15760168600008,10.493388323000033],[107.15785055000003,10.493332009000028],[107.15788111600006,10.493447973000059],[107.15786823200006,10.493593330000067]]]},"properties":{"OBJECTID":205,"FID":204,"Shape_Leng":107.841910902,"Sothua":320,"So_To":71,"LoaidatHT":"LUC","Khuphomoi":"Khu phố Hương Giang","Sothuacu":320,"Sotocu":22,"Phuongcu":"phường Long Hương","Nguoisudun":"Đăng ký: PHẠM MINH KHA (Chết); Sử dụng: PHẠM MINH TUẤN (CON TRAI).","Quyetdinh":"Quyết định 3693/QĐ-UBND","ID":"320.71","Shape_Length":0.00097968549019936081,"Shape_Area":6.2207321222428214e-08}},{"type":"Feature","id":206,"geometry":{"type":"Polygon","coordinates":[[[107.15764017300006,10.493614695000076],[107.15741700800004,10.493655777000072],[107.15738383400009,10.493518381000058],[107.15736704800008,10.49345786400005],[107.15735313100004,10.49342673700005],[107.15760168600008,10.493388323000033],[107.15764017300006,10.493614695000076]]]},"properties":{"OBJECTID":206,"FID":205,"Shape_Leng":104.141150466,"Sothua":315,"So_To":71,"LoaidatHT":"LUC","Khuphomoi":"Khu phố Hương Giang","Sothuacu":315,"Sotocu":22,"Phuongcu":"phường Long Hương","Nguoisudun":"Đăng ký: PHẠM VĂN ĐỰC; Sử dụng: PHẠM VĂN ĐỰC.","Quyetdinh":"Quyết định 3693/QĐ-UBND","ID":"315.71","Shape_Length":0.00094628375139590147,"Shape_Area":5.4992125004367974e-08}},{"type":"Feature","id":207,"geometry":{"type":"Polygon","coordinates":[[[107.15135306600007,10.493589806000045],[107.15077885800008,10.493710326000041],[107.15070079800006,10.493233013000065],[107.15069165100005,10.49317708500007],[107.15117379400004,10.492951894000043],[107.15118830600005,10.493003535000071],[107.15135306600007,10.493589806000045]]]},"properties":{"OBJECTID":207,"FID":206,"Shape_Leng":255.68068864,"Sothua":332,"So_To":71,"LoaidatHT":"LUC","Khuphomoi":"Khu phố Hương Giang","Sothuacu":332,"Sotocu":22,"Phuongcu":"phường Long Hương","Nguoisudun":"Đăng ký: TRẦN THỊ ĐẠT; Sử dụng: TRẦN THỊ ĐẠT.","Quyetdinh":"Quyết định 3693/QĐ-UBND","ID":"332.71","Shape_Length":0.0023218081207526855,"Shape_Area":3.3231801669094654e-07}},{"type":"Feature","id":208,"geometry":{"type":"Polygon","coordinates":[[[107.15739278400008,10.493664140000021],[107.15700284200005,10.493782485000054],[107.15694244400004,10.493597752000028],[107.15691690700004,10.493527365000034],[107.15712001300005,10.493465902000025],[107.15732302700007,10.493404440000063],[107.15732591900007,10.493420448000052],[107.15734626300008,10.493483412000046],[107.15739278400008,10.493664140000021]]]},"properties":{"OBJECTID":208,"FID":207,"Shape_Leng":150.67168794700001,"Sothua":311,"So_To":71,"LoaidatHT":"LUC","Khuphomoi":"Khu phố Hương Giang","Sothuacu":311,"Sotocu":22,"Phuongcu":"phường Long Hương","Nguoisudun":"Đăng ký: LÊ VĂN RÔ; Sử dụng: LÊ VĂN RÔ.","Quyetdinh":"Quyết định 3693/QĐ-UBND","ID":"311.71","Shape_Length":0.001370108740248173,"Shape_Area":1.118032221541184e-07}},{"type":"Feature","id":209,"geometry":{"type":"Polygon","coordinates":[[[107.15848140900005,10.49378117200007],[107.15791675600008,10.493825868000044],[107.15786823200006,10.493593330000067],[107.15788111600006,10.493447973000059],[107.15795450800005,10.493429395000021],[107.15818762900005,10.493389234000063],[107.15826355100006,10.493385126000021],[107.15828466200009,10.493380916000035],[107.15844044100004,10.493369723000058],[107.15853227200006,10.493359045000034],[107.15852402700006,10.493564083000024],[107.15852542600004,10.493596995000075],[107.15848140900005,10.49378117200007]]]},"properties":{"OBJECTID":209,"FID":208,"Shape_Leng":223.851277616,"Sothua":310,"So_To":71,"LoaidatHT":"LUC","Khuphomoi":"Khu phố Hương Giang","Sothuacu":310,"Sotocu":22,"Phuongcu":"phường Long Hương","Nguoisudun":"Đăng ký: TRẦN NGỌC ĐÔNG; Sử dụng: TRẦN NGỌC ĐÔNG.","Quyetdinh":"Quyết định 3693/QĐ-UBND","ID":"310.71","Shape_Length":0.0020358542277881166,"Shape_Area":2.577335145859522e-07}},{"type":"Feature","id":210,"geometry":{"type":"Polygon","coordinates":[[[107.15793491600004,10.493931864000047],[107.15771394500007,10.493972770000028],[107.15764017300006,10.493614695000076],[107.15786823200006,10.493593330000067],[107.15791675600008,10.493825868000044],[107.15793491600004,10.493931864000047]]]},"properties":{"OBJECTID":210,"FID":209,"Shape_Leng":128.301423927,"Sothua":302,"So_To":71,"LoaidatHT":"LUC","Khuphomoi":"Khu phố Hương Giang","Sothuacu":302,"Sotocu":22,"Phuongcu":"phường Long Hương","Nguoisudun":"Đăng ký: PHẠM MINH KHA (Chết); Sử dụng: PHẠM MINH TUẤN (CON TRAI).","Quyetdinh":"Quyết định 3693/QĐ-UBND","ID":"302.71","Shape_Length":0.0011644655831322059,"Shape_Area":8.0846398615316096e-08}},{"type":"Feature","id":211,"geometry":{"type":"Polygon","coordinates":[[[107.15763991800009,10.493988364000074],[107.15750777600005,10.494011896000075],[107.15741700800004,10.493655777000072],[107.15764017300006,10.493614695000076],[107.15771394500007,10.493972770000028],[107.15763991800009,10.493988364000074]]]},"properties":{"OBJECTID":211,"FID":210,"Shape_Leng":128.91598942900001,"Sothua":297,"So_To":71,"LoaidatHT":"LUC","Khuphomoi":"Khu phố Hương Giang","Sothuacu":297,"Sotocu":22,"Phuongcu":"phường Long Hương","Nguoisudun":"Đăng ký: PHẠM VĂN ĐỰC; Sử dụng: PHẠM VĂN ĐỰC.","Quyetdinh":"Quyết định 3693/QĐ-UBND","ID":"297.71","Shape_Length":0.0011698873725118353,"Shape_Area":8.0115607279923906e-08}},{"type":"Feature","id":212,"geometry":{"type":"Polygon","coordinates":[[[107.15848140900005,10.49378117200007],[107.15843198600004,10.494069130000071],[107.15825475900004,10.494021786000076],[107.15807151000007,10.493969549000042],[107.15794870100007,10.493937134000021],[107.15793491600004,10.493931864000047],[107.15791675600008,10.493825868000044],[107.15848140900005,10.49378117200007]]]},"properties":{"OBJECTID":212,"FID":211,"Shape_Leng":162.759060847,"Sothua":290,"So_To":71,"LoaidatHT":"LUC","Khuphomoi":"Khu phố Hương Giang","Sothuacu":290,"Sotocu":22,"Phuongcu":"phường Long Hương","Nguoisudun":"Đăng ký: NGUYỄN THỊ THẠNH (chết); Sử dụng: NGÔ THỊ NGA (CON).","Quyetdinh":"Quyết định 3693/QĐ-UBND","ID":"290.71","Shape_Length":0.0014818917192439037,"Shape_Area":1.0567340953078521e-07}},{"type":"Feature","id":213,"geometry":{"type":"Polygon","coordinates":[[[107.15869140400008,10.494035437000036],[107.15843198600004,10.494069130000071],[107.15848140900005,10.49378117200007],[107.15852542600004,10.493596995000075],[107.15891275200005,10.493604316000074],[107.15890419400006,10.493685398000025],[107.15890807300008,10.493759000000068],[107.15893109000007,10.494002160000036],[107.15869140400008,10.494035437000036]]]},"properties":{"OBJECTID":213,"FID":212,"Shape_Leng":195.02740879500001,"Sothua":296,"So_To":71,"LoaidatHT":"LUC","Khuphomoi":"Khu phố Hương Giang","Sothuacu":296,"Sotocu":22,"Phuongcu":"phường Long Hương","Nguoisudun":"Đăng ký: NGUYỄN THỊ NGA; Sử dụng: NGUYỄN THỊ NGA.","Quyetdinh":"Quyết định 3693/QĐ-UBND","ID":"296.71","Shape_Length":0.0017719928653947053,"Shape_Area":1.909173662110913e-07}},{"type":"Feature","id":214,"geometry":{"type":"Polygon","coordinates":[[[107.15721829900008,10.494046978000029],[107.15707518100004,10.49407754200007],[107.15707472900004,10.494074918000024],[107.15707268200003,10.494075439000028],[107.15707262700005,10.494075366000061],[107.15700956700005,10.493992975000026],[107.15700259900007,10.493958063000036],[107.15700414600008,10.493865394000068],[107.15700284200005,10.493782485000054],[107.15739278400008,10.493664140000021],[107.15741012600006,10.493719595000073],[107.15748802800005,10.494019906000062],[107.15731180000006,10.494022922000056],[107.15721829900008,10.494046978000029]]]},"properties":{"OBJECTID":214,"FID":213,"Shape_Leng":166.639235719,"Sothua":291,"So_To":71,"LoaidatHT":"LUC","Khuphomoi":"Khu phố Hương Giang","Sothuacu":291,"Sotocu":22,"Phuongcu":"phường Long Hương","Nguoisudun":"Đăng ký: NGUYỄN VĂN ỚN; Sử dụng: NGUYỄN VĂN ỚN.","Quyetdinh":"Quyết định 3693/QĐ-UBND","ID":"291.71","Shape_Length":0.001514825718537524,"Shape_Area":1.4141821523959588e-07}},{"type":"Feature","id":215,"geometry":{"type":"Polygon","coordinates":[[[107.15169897200008,10.493949299000064],[107.15093821500005,10.494166752000069],[107.15083983400007,10.493972996000025],[107.15077885800008,10.493710326000041],[107.15135306600007,10.493589806000045],[107.15164235200007,10.493558887000063],[107.15168238700005,10.493594585000039],[107.15169897200008,10.493949299000064]]]},"properties":{"OBJECTID":215,"FID":214,"Shape_Leng":281.84583137200002,"Sothua":294,"So_To":71,"LoaidatHT":"LUC","Khuphomoi":"Khu phố Hương Giang","Sothuacu":294,"Sotocu":22,"Phuongcu":"phường Long Hương","Nguoisudun":"Đăng ký: TRẦN THỊ THANH PHƯƠNG; Sử dụng: TRẦN THỊ THANH PHƯƠNG.","Quyetdinh":"Quyết định 3693/QĐ-UBND","ID":"294.71","Shape_Length":0.002564575524844989,"Shape_Area":3.8616091728717234e-07}},{"type":"Feature","id":216,"geometry":{"type":"Polygon","coordinates":[[[107.15841370500004,10.494170899000039],[107.15795232000005,10.494195717000025],[107.15793743600005,10.493952030000059],[107.15842611000005,10.494085032000044],[107.15841370500004,10.494170899000039]]]},"properties":{"OBJECTID":216,"FID":215,"Shape_Leng":142.70277246500001,"Sothua":287,"So_To":71,"LoaidatHT":"LUC","Khuphomoi":"Khu phố Hương Giang","Sothuacu":287,"Sotocu":22,"Phuongcu":"phường Long Hương","Nguoisudun":"Đăng ký: NGUYỄN THỊ VẠN; Sử dụng: NGUYỄN THỊ VẠN.","Quyetdinh":"Quyết định 3693/QĐ-UBND","ID":"287.71","Shape_Length":0.0012994017608252769,"Shape_Area":7.8206888877809503e-08}},{"type":"Feature","id":217,"geometry":{"type":"Polygon","coordinates":[[[107.15059937700005,10.494074436000062],[107.15041072800005,10.49419318200006],[107.15035161100008,10.494129753000038],[107.15029025000007,10.494066891000045],[107.15028442500005,10.494056121000028],[107.15007414000007,10.493525645000034],[107.15006850900005,10.493511439000031],[107.15005323900004,10.49347526300005],[107.15069165100005,10.49317708500007],[107.15070079800006,10.493233013000065],[107.15077885800008,10.493710326000041],[107.15083983400007,10.493972996000025],[107.15059937700005,10.494074436000062]]]},"properties":{"OBJECTID":217,"FID":216,"Shape_Leng":309.63595934300002,"Sothua":309,"So_To":71,"LoaidatHT":"LUC","Khuphomoi":"Khu phố Hương Giang","Sothuacu":309,"Sotocu":22,"Phuongcu":"phường Long Hương","Nguoisudun":"Đăng ký: NGUYỄN VĂN TỐT; Sử dụng: NGUYỄN VĂN TỐT.","Quyetdinh":"Quyết định 3693/QĐ-UBND","ID":"309.71","Shape_Length":0.0028104612312546923,"Shape_Area":4.8080708537176995e-07}},{"type":"Feature","id":218,"geometry":{"type":"Polygon","coordinates":[[[107.15414020200006,10.49415053000007],[107.15369191200006,10.494349588000034],[107.15350845900008,10.494023221000077],[107.15364632000006,10.493972036000059],[107.15371946100004,10.49394161400005],[107.15398375900008,10.493839945000047],[107.15403463500007,10.493844471000045],[107.15408582700007,10.494017523000025],[107.15410727900007,10.494073799000034],[107.15414020200006,10.49415053000007]]]},"properties":{"OBJECTID":218,"FID":217,"Shape_Leng":192.40814727899999,"Sothua":283,"So_To":71,"LoaidatHT":"LUC","Khuphomoi":"Khu phố Hương Giang","Sothuacu":283,"Sotocu":22,"Phuongcu":"phường Long Hương","Nguoisudun":"Đăng ký: ĐOÀN VĂN BA; Sử dụng: ĐOÀN VĂN BA.","Quyetdinh":"Quyết định 3693/QĐ-UBND","ID":"283.71","Shape_Length":0.0017496053084798127,"Shape_Area":1.855348893582314e-07}},{"type":"Feature","id":219,"geometry":{"type":"Polygon","coordinates":[[[107.15794566900007,10.494378426000026],[107.15759589400005,10.494415927000034],[107.15758194000006,10.494355778000056],[107.15756548400009,10.494266602000039],[107.15752907300003,10.494101714000067],[107.15751130700005,10.494028357000047],[107.15765085000004,10.49400483900007],[107.15778766100004,10.493976162000024],[107.15792355300005,10.493950468000037],[107.15793743600005,10.493952030000059],[107.15795232000005,10.494195717000025],[107.15794566900007,10.494378426000026]]]},"properties":{"OBJECTID":219,"FID":218,"Shape_Leng":177.136823612,"Sothua":279,"So_To":71,"LoaidatHT":"LUC","Khuphomoi":"Khu phố Hương Giang","Sothuacu":279,"Sotocu":22,"Phuongcu":"phường Long Hương","Nguoisudun":"Đăng ký: NGUYỄN THỊ THẠNH (chết); Sử dụng: NGÔ THỊ NGA (CON).","Quyetdinh":"Quyết định 3693/QĐ-UBND","ID":"279.71","Shape_Length":0.0016090822204305722,"Shape_Area":1.627436252441698e-07}},{"type":"Feature","id":220,"geometry":{"type":"Polygon","coordinates":[[[107.15748418800007,10.494405684000071],[107.15727157700007,10.494421199000044],[107.15720491000008,10.494409864000033],[107.15717003300006,10.49435130300003],[107.15717351000006,10.494252490000065],[107.15721829900008,10.494046978000029],[107.15731180000006,10.494022922000056],[107.15748802800005,10.494019906000062],[107.15749655300004,10.494052831000033],[107.15752967200007,10.494218979000038],[107.15756195800009,10.494391182000072],[107.15748418800007,10.494405684000071]]]},"properties":{"OBJECTID":220,"FID":219,"Shape_Leng":152.89464271899999,"Sothua":278,"So_To":71,"LoaidatHT":"LUC","Khuphomoi":"Khu phố Hương Giang","Sothuacu":278,"Sotocu":22,"Phuongcu":"phường Long Hương","Nguoisudun":"Đăng ký: PHẠM VĂN ĐỰC; Sử dụng: PHẠM VĂN ĐỰC.","Quyetdinh":"Quyết định 3693/QĐ-UBND","ID":"278.71","Shape_Length":0.0013887116383804866,"Shape_Area":1.3040554962809906e-07}},{"type":"Feature","id":221,"geometry":{"type":"Polygon","coordinates":[[[107.15369191200006,10.494349588000034],[107.15329795900004,10.494510776000027],[107.15312333500003,10.494296715000075],[107.15327277200004,10.494211105000034],[107.15325931500007,10.49413052400007],[107.15333264500003,10.494097029000045],[107.15350845900008,10.494023221000077],[107.15369191200006,10.494349588000034]]]},"properties":{"OBJECTID":221,"FID":220,"Shape_Leng":176.14106694399999,"Sothua":270,"So_To":71,"LoaidatHT":"LUC","Khuphomoi":"Khu phố Hương Giang","Sothuacu":270,"Sotocu":22,"Phuongcu":"phường Long Hương","Nguoisudun":"Đăng ký: ĐOÀN ANH KIỆT; Sử dụng: ĐOÀN ANH KIỆT.","Quyetdinh":"Quyết định 3693/QĐ-UBND","ID":"270.71","Shape_Length":0.0016015143544988622,"Shape_Area":1.5121973345817848e-07}},{"type":"Feature","id":222,"geometry":{"type":"Polygon","coordinates":[[[107.15109550700004,10.494509074000064],[107.15107183100008,10.494516804000057],[107.15093821500005,10.494166752000069],[107.15169897200008,10.493949299000064],[107.15172214300009,10.493966341000032],[107.15179337300003,10.494307509000066],[107.15180940500005,10.494384294000042],[107.15170666500006,10.494461945000069],[107.15163011400006,10.494412708000027],[107.15154579800009,10.494410379000044],[107.15146138300008,10.494412390000036],[107.15140306600006,10.494429549000074],[107.15109550700004,10.494509074000064]]]},"properties":{"OBJECTID":222,"FID":221,"Shape_Leng":265.32782376699998,"Sothua":273,"So_To":71,"LoaidatHT":"LUC","Khuphomoi":"Khu phố Hương Giang","Sothuacu":273,"Sotocu":22,"Phuongcu":"phường Long Hương","Nguoisudun":"Đăng ký: NGUYỄN VĂN TỐT; Sử dụng: NGUYỄN VĂN TỐT.","Quyetdinh":"Quyết định 3693/QĐ-UBND","ID":"273.71","Shape_Length":0.0024135974942323508,"Shape_Area":3.1461319648314223e-07}},{"type":"Feature","id":223,"geometry":{"type":"Polygon","coordinates":[[[107.15101341900004,10.494535952000035],[107.15086150600007,10.494579335000026],[107.15080683500008,10.494552831000021],[107.15066383400006,10.494426890000057],[107.15044505600008,10.494230014000038],[107.15041072800005,10.49419318200006],[107.15059937700005,10.494074436000062],[107.15083983400007,10.493972996000025],[107.15093821500005,10.494166752000069],[107.15107183100008,10.494516804000057],[107.15101341900004,10.494535952000035]]]},"properties":{"OBJECTID":223,"FID":222,"Shape_Leng":208.09995730399999,"Sothua":269,"So_To":71,"LoaidatHT":"LUC","Khuphomoi":"Khu phố Hương Giang","Sothuacu":269,"Sotocu":22,"Phuongcu":"phường Long Hương","Nguoisudun":"Đăng ký: NGUYỄN THỊ NỮ; Sử dụng: NGUYỄN THỊ NỮ.","Quyetdinh":"Quyết định 3693/QĐ-UBND","ID":"269.71","Shape_Length":0.0018913114641515329,"Shape_Area":2.1209386610112849e-07}},{"type":"Feature","id":224,"geometry":{"type":"Polygon","coordinates":[[[107.15939021600008,10.494589873000052],[107.15914943100006,10.494721607000031],[107.15912389700009,10.494649773000049],[107.15901235500007,10.494408348000036],[107.15900975100004,10.494335743000022],[107.15900589100005,10.494300114000055],[107.15910451300005,10.494273716000066],[107.15964089400006,10.494107452000037],[107.15967818800004,10.494095858000037],[107.15981846400007,10.494360029000063],[107.15939021600008,10.494589873000052]]]},"properties":{"OBJECTID":224,"FID":223,"Shape_Leng":243.30769405800001,"Sothua":176,"So_To":72,"LoaidatHT":"LUC","Khuphomoi":"Khu phố Hương Giang","Sothuacu":176,"Sotocu":23,"Phuongcu":"phường Long Hương","Nguoisudun":"VÕ VĂN DẬN (chết); Sử dụng: VÕ TRUNG DŨNG (con).","Quyetdinh":"Quyết định 3693/QĐ-UBND","ID":"176.72","Shape_Length":0.0022129799642924149,"Shape_Area":2.737181653790239e-07}},{"type":"Feature","id":225,"geometry":{"type":"Polygon","coordinates":[[[107.15761757600006,10.494687835000036],[107.15739515300004,10.494722409000076],[107.15724264700003,10.494693736000045],[107.15719451000007,10.494546637000042],[107.15727157700007,10.494421199000044],[107.15748418800007,10.494405684000071],[107.15756195800009,10.494391182000072],[107.15761757600006,10.494687835000036]]]},"properties":{"OBJECTID":225,"FID":224,"Shape_Leng":140.39638692700001,"Sothua":259,"So_To":71,"LoaidatHT":"LUC","Khuphomoi":"Khu phố Hương Giang","Sothuacu":259,"Sotocu":22,"Phuongcu":"phường Long Hương","Nguoisudun":"Đăng ký: TRẦN NGỌC ĐÔNG; Sử dụng: TRẦN NGỌC ĐÔNG.","Quyetdinh":"Quyết định 3693/QĐ-UBND","ID":"259.71","Shape_Length":0.0012763766977343307,"Shape_Area":1.0848573542031724e-07}},{"type":"Feature","id":226,"geometry":{"type":"Polygon","coordinates":[[[107.15911055400005,10.494652461000044],[107.15856228000007,10.494970864000038],[107.15846756400003,10.494672692000051],[107.15850035800008,10.494626010000047],[107.15863846000008,10.494543089000047],[107.15894467200008,10.49445098700005],[107.15899948100008,10.494404798000062],[107.15899983900005,10.49440850600007],[107.15903703500004,10.494496997000056],[107.15911055400005,10.494652461000044]]]},"properties":{"OBJECTID":226,"FID":225,"Shape_Leng":201.106475985,"Sothua":247,"So_To":71,"LoaidatHT":"LUC","Khuphomoi":"Khu phố Hương Giang","Sothuacu":247,"Sotocu":22,"Phuongcu":"phường Long Hương","Nguoisudun":"Đăng ký: NGUYỄN THỊ BẠCH TUYẾT; Sử dụng: NGUYỄN THỊ BẠCH TUYẾT.","Quyetdinh":"Quyết định 3693/QĐ-UBND","ID":"247.71","Shape_Length":0.0018281367839114999,"Shape_Area":1.8593571117009506e-07}},{"type":"Feature","id":227,"geometry":{"type":"Polygon","coordinates":[[[107.15183423300005,10.494727452000063],[107.15135883500005,10.494960270000036],[107.15129321800003,10.494878415000073],[107.15114582800004,10.494516492000059],[107.15121126600008,10.494502059000069],[107.15128182500007,10.494484291000049],[107.15147404200007,10.49443302800006],[107.15153661900007,10.494433055000059],[107.15162275700004,10.494437647000041],[107.15168816200008,10.494487226000047],[107.15169764500007,10.494497008000053],[107.15183423300005,10.494727452000063]]]},"properties":{"OBJECTID":227,"FID":226,"Shape_Leng":206.30779466199999,"Sothua":249,"So_To":71,"LoaidatHT":"LUC","Khuphomoi":"Khu phố Hương Giang","Sothuacu":249,"Sotocu":22,"Phuongcu":"phường Long Hương","Nguoisudun":"Đăng ký: VÕ NGỌC ẤN- NGUYỄN THỊ HẠNH VÕ NGỌC THẠCH; Sử dụng: VÕ NGỌC Ấn- NGUYỄN THỊ HẠNH VÕ NGỌC THẠCH.","Quyetdinh":"Quyết định 3693/QĐ-UBND","ID":"249.71","Shape_Length":0.00187616251081615,"Shape_Area":2.2487156334762288e-07}},{"type":"Feature","id":228,"geometry":{"type":"Polygon","coordinates":[[[107.15976913200006,10.49484201100006],[107.15935643700004,10.495011580000039],[107.15930772300004,10.494975053000076],[107.15927056800007,10.494913143000076],[107.15914943100006,10.494721607000031],[107.15939021600008,10.494589873000052],[107.15981846400007,10.494360029000063],[107.16002036700007,10.494740403000037],[107.15998060400005,10.49475648400005],[107.15976913200006,10.49484201100006]]]},"properties":{"OBJECTID":228,"FID":227,"Shape_Leng":249.321960058,"Sothua":175,"So_To":72,"LoaidatHT":"LUC","Khuphomoi":"Khu phố Hương Giang","Sothuacu":175,"Sotocu":23,"Phuongcu":"phường Long Hương","Nguoisudun":"NGUYỄN VĂN AN + TRẦN TUYẾT VÂN","Quyetdinh":"Quyết định 3693/QĐ-UBND","ID":"175.72","Shape_Length":0.0022680293738249501,"Shape_Area":2.9136399883317393e-07}},{"type":"Feature","id":229,"geometry":{"type":"Polygon","coordinates":[[[107.15735508900008,10.495037689000071],[107.15728422200004,10.495072998000069],[107.15725520000007,10.495057755000062],[107.15718618600005,10.494840187000023],[107.15722408400006,10.494741883000074],[107.15722532400008,10.494738663000021],[107.15724264700003,10.494693736000045],[107.15739515300004,10.494722409000076],[107.15761757600006,10.494687835000036],[107.15762628300007,10.494721123000033],[107.15764238200006,10.494805958000029],[107.15766149200005,10.494892879000076],[107.15735508900008,10.495037689000071]]]},"properties":{"OBJECTID":229,"FID":228,"Shape_Leng":156.890239157,"Sothua":240,"So_To":71,"LoaidatHT":"LUC","Khuphomoi":"Khu phố Hương Giang","Sothuacu":240,"Sotocu":22,"Phuongcu":"phường Long Hương","Nguoisudun":"Đăng ký: PHẠM HỒNG LO (già yếu); Sử dụng: PHẠM THỊ HỒNG THANH (con).","Quyetdinh":"Quyết định 3693/QĐ-UBND","ID":"240.71","Shape_Length":0.001426092171624077,"Shape_Area":1.2418409577453603e-07}},{"type":"Feature","id":230,"geometry":{"type":"Polygon","coordinates":[[[107.15896670100005,10.495117540000024],[107.15862901700007,10.49523408500005],[107.15859710200004,10.495202653000035],[107.15858878500006,10.49520480700005],[107.15856228000007,10.494970864000038],[107.15911055400005,10.494652461000044],[107.15914009800008,10.494729094000036],[107.15918015500006,10.494802492000076],[107.15922615300008,10.494874003000064],[107.15929126800006,10.494981351000035],[107.15901772400008,10.495092862000035],[107.15896670100005,10.495117540000024]]]},"properties":{"OBJECTID":230,"FID":229,"Shape_Leng":220.83967698199999,"Sothua":233,"So_To":71,"LoaidatHT":"LUC","Khuphomoi":"Khu phố Hương Giang","Sothuacu":233,"Sotocu":22,"Phuongcu":"phường Long Hương","Nguoisudun":"Đăng ký: NGUYỄN VĂN TRƯỜNG; Sử dụng: NGUYỄN VĂN TRƯỜNG.","Quyetdinh":"Quyết định 3693/QĐ-UBND","ID":"233.71","Shape_Length":0.0020084837481697958,"Shape_Area":2.1980620573223667e-07}},{"type":"Feature","id":231,"geometry":{"type":"Polygon","coordinates":[[[107.16429082000008,10.495247057000029],[107.16429085900006,10.495247469000049],[107.16411146000007,10.495239447000074],[107.16408840100007,10.495210564000047],[107.16405926600004,10.495110335000049],[107.16402574300008,10.495010729000057],[107.16401033200003,10.494947775000071],[107.16400202400007,10.494896405000077],[107.16399395500008,10.494863572000042],[107.16401800700004,10.494849964000025],[107.16409599000008,10.494819187000076],[107.16409955800003,10.494816391000029],[107.16419881800005,10.494738209000047],[107.16450270700005,10.495136820000027],[107.16456274800004,10.495215054000028],[107.16428891300006,10.495230860000049],[107.16429082000008,10.495247057000029]]]},"properties":{"OBJECTID":231,"FID":230,"Shape_Leng":188.17616464,"Sothua":395,"So_To":72,"LoaidatHT":"HNK","Khuphomoi":"Khu phố Hương Giang","Sothuacu":395,"Sotocu":23,"Phuongcu":"phường Long Hương","Nguoisudun":"VÕ ĐỨC TIẾN","Quyetdinh":"Quyết định 3693/QĐ-UBND","ID":"395.72","Shape_Length":0.0017098967900409489,"Shape_Area":1.6174699885314288e-07}},{"type":"Feature","id":232,"geometry":{"type":"Polygon","coordinates":[[[107.15209218700005,10.495123486000068],[107.15157040800005,10.495389489000047],[107.15135883500005,10.494960270000036],[107.15183423300005,10.494727452000063],[107.15187910700007,10.494764876000033],[107.15188739800004,10.494776555000044],[107.15209218700005,10.495123486000068]]]},"properties":{"OBJECTID":232,"FID":231,"Shape_Leng":227.65143411700001,"Sothua":226,"So_To":71,"LoaidatHT":"LUC","Khuphomoi":"Khu phố Hương Giang","Sothuacu":226,"Sotocu":22,"Phuongcu":"phường Long Hương","Nguoisudun":"Đăng ký: VÕ NGỌC ẤN- NGUYỄN THỊ HẠNH VÕ NGỌC THẠCH; Sử dụng: VÕ NGỌC Ấn- NGUYỄN THỊ HẠNH VÕ NGỌC THẠCH.","Quyetdinh":"Quyết định 3693/QĐ-UBND","ID":"226.71","Shape_Length":0.0020691672291406811,"Shape_Area":2.6858462631664192e-07}},{"type":"Feature","id":233,"geometry":{"type":"Polygon","coordinates":[[[107.15946154700003,10.495465549000073],[107.15913078100004,10.495546485000034],[107.15896670100005,10.495117540000024],[107.15901772400008,10.495092862000035],[107.15929126800006,10.494981351000035],[107.15933579100005,10.495012083000063],[107.15940055800007,10.495061297000063],[107.15940905800005,10.495107242000074],[107.15946246800007,10.495461663000071],[107.15946154700003,10.495465549000073]]]},"properties":{"OBJECTID":233,"FID":232,"Shape_Leng":186.81329736199999,"Sothua":214,"So_To":71,"LoaidatHT":"LUC","Khuphomoi":"Khu phố Hương Giang","Sothuacu":214,"Sotocu":22,"Phuongcu":"phường Long Hương","Nguoisudun":"Đăng ký: VÕ ĐÔNG SƠ; Sử dụng: VÕ ĐÔNG SƠ.","Quyetdinh":"Quyết định 3693/QĐ-UBND","ID":"214.71","Shape_Length":0.0016964417682900734,"Shape_Area":1.886198490956519e-07}},{"type":"Feature","id":234,"geometry":{"type":"Polygon","coordinates":[[[107.15157040800005,10.495389489000047],[107.15128382300009,10.495535415000063],[107.15125719400004,10.495464121000055],[107.15121725200004,10.495379421000052],[107.15110328100008,10.495121353000059],[107.15098529900007,10.494859390000045],[107.15087434100008,10.494602685000075],[107.15087326200006,10.494593913000074],[107.15087353600006,10.494593832000021],[107.15106795600008,10.494536778000054],[107.15114582800004,10.494516492000059],[107.15129321800003,10.494878415000073],[107.15135883500005,10.494960270000036],[107.15157040800005,10.495389489000047]]]},"properties":{"OBJECTID":234,"FID":233,"Shape_Leng":287.43607111300003,"Sothua":229,"So_To":71,"LoaidatHT":"LUC","Khuphomoi":"Khu phố Hương Giang","Sothuacu":229,"Sotocu":22,"Phuongcu":"phường Long Hương","Nguoisudun":"Đăng ký: VÕ NGỌC ẤN- NGUYỄN THỊ HẠNH VÕ NGỌC THẠCH; Sử dụng: VÕ NGỌC Ấn- NGUYỄN THỊ HẠNH VÕ NGỌC THẠCH.","Quyetdinh":"Quyết định 3693/QĐ-UBND","ID":"229.71","Shape_Length":0.0026068640278826059,"Shape_Area":2.9418200787354755e-07}},{"type":"Feature","id":235,"geometry":{"type":"Polygon","coordinates":[[[107.15913078100004,10.495546485000034],[107.15878948300008,10.49564177700006],[107.15873608800007,10.495568535000075],[107.15866478700008,10.495399604000056],[107.15866182100007,10.495374193000032],[107.15862901700007,10.49523408500005],[107.15896670100005,10.495117540000024],[107.15913078100004,10.495546485000034]]]},"properties":{"OBJECTID":235,"FID":234,"Shape_Leng":177.73079832499999,"Sothua":212,"So_To":71,"LoaidatHT":"LUC","Khuphomoi":"Khu phố Hương Giang","Sothuacu":212,"Sotocu":22,"Phuongcu":"phường Long Hương","Nguoisudun":"Đăng ký: ĐỖ VĂN PHƯỚC; Sử dụng: ĐỖ VĂN PHƯỚC.","Quyetdinh":"Quyết định 3693/QĐ-UBND","ID":"212.71","Shape_Length":0.0016143184565175685,"Shape_Area":1.6688150353411666e-07}},{"type":"Feature","id":236,"geometry":{"type":"Polygon","coordinates":[[[107.15271361400005,10.495628968000062],[107.15247908200007,10.495737383000062],[107.15244319600004,10.495680899000035],[107.15233055800007,10.495489919000022],[107.15260583400004,10.49538158200005],[107.15271361400005,10.495628968000062]]]},"properties":{"OBJECTID":236,"FID":235,"Shape_Leng":122.44004246199999,"Sothua":199,"So_To":71,"LoaidatHT":"LUC","Khuphomoi":"Khu phố Hương Giang","Sothuacu":199,"Sotocu":22,"Phuongcu":"phường Long Hương","Nguoisudun":"Đăng ký: ĐỖ THỊ NẶNG; Sử dụng: ĐỖ THỊ NẶNG.","Quyetdinh":"Quyết định 3693/QĐ-UBND","ID":"199.71","Shape_Length":0.0011126919058948,"Shape_Area":7.7203855097657576e-08}},{"type":"Feature","id":237,"geometry":{"type":"Polygon","coordinates":[[[107.15211881400006,10.495624325000051],[107.15178416000003,10.495826758000021],[107.15157040800005,10.495389489000047],[107.15209218700005,10.495123486000068],[107.15213934400003,10.495209375000059],[107.15227284700006,10.495429597000054],[107.15231445600006,10.495502004000059],[107.15211881400006,10.495624325000051]]]},"properties":{"OBJECTID":237,"FID":236,"Shape_Leng":234.748933421,"Sothua":204,"So_To":71,"LoaidatHT":"LUC","Khuphomoi":"Khu phố Hương Giang","Sothuacu":204,"Sotocu":22,"Phuongcu":"phường Long Hương","Nguoisudun":"Đăng ký: VÕ NGỌC ẤN- NGUYỄN THỊ HẠNH VÕ NGỌC THẠCH; Sử dụng: VÕ NGỌC Ấn- NGUYỄN THỊ HẠNH VÕ NGỌC THẠCH.","Quyetdinh":"Quyết định 3693/QĐ-UBND","ID":"204.71","Shape_Length":0.0021332623543231289,"Shape_Area":2.792596217978409e-07}},{"type":"Feature","id":238,"geometry":{"type":"Polygon","coordinates":[[[107.15969009000008,10.495816499000057],[107.15954788000005,10.495849325000052],[107.15950322400005,10.495599707000054],[107.15949304900005,10.495521934000067],[107.15949661300004,10.495521036000071],[107.15958261900005,10.495499769000048],[107.15969193500007,10.495469864000029],[107.15975892700004,10.495454167000048],[107.15999400800007,10.495681988000058],[107.16003094200005,10.495715871000073],[107.15985104500004,10.495774665000056],[107.15969009000008,10.495816499000057]]]},"properties":{"OBJECTID":238,"FID":237,"Shape_Leng":163.29296163999999,"Sothua":144,"So_To":72,"LoaidatHT":"LUC","Khuphomoi":"Khu phố Hương Giang","Sothuacu":144,"Sotocu":23,"Phuongcu":"phường Long Hương","Nguoisudun":"ĐẶNG THỊ XUÂN","Quyetdinh":"Quyết định 3693/QĐ-UBND","ID":"144.72","Shape_Length":0.0014854236043023656,"Shape_Area":1.2956884704084003e-07}},{"type":"Feature","id":239,"geometry":{"type":"Polygon","coordinates":[[[107.14799821900004,10.495842844000038],[107.14774817100005,10.495942455000034],[107.14780004400006,10.495809650000069],[107.14781923300006,10.495807335000052],[107.14798685100004,10.495815880000066],[107.14799821900004,10.495842844000038]]]},"properties":{"OBJECTID":239,"FID":238,"Shape_Leng":68.996713123899994,"Sothua":317,"So_To":23,"LoaidatHT":"LUK","Khuphomoi":"Khu phố Núi Dinh","Sothuacu":0,"Sotocu":23,"Phuongcu":"Phường Kim Dinh","Nguoisudun":" ","Quyetdinh":"Quyết định 3693/QĐ-UBND","ID":"317.23","Shape_Length":0.0006281610313612502,"Shape_Area":1.6779375103220009e-08}},{"type":"Feature","id":240,"geometry":{"type":"Polygon","coordinates":[[[107.16067004500007,10.495964151000067],[107.16065085000008,10.495969992000028],[107.16036025100004,10.495631767000077],[107.16037579100004,10.495627004000028],[107.16048052100007,10.495607217000043],[107.16067004500007,10.495964151000067]]]},"properties":{"OBJECTID":240,"FID":239,"Shape_Leng":109.39105024600001,"Sothua":503,"So_To":72,"LoaidatHT":"LUC","Khuphomoi":"Khu phố Hương Giang","Sothuacu":503,"Sotocu":23,"Phuongcu":"phường Long Hương","Nguoisudun":"ĐẶNG THỊ YẾN (CHẾT); Sử dụng: ĐẶNG THỊ NGỌC BÍCH (con).","Quyetdinh":"Quyết định 3693/QĐ-UBND","ID":"503.72","Shape_Length":0.00099294980649339087,"Shape_Area":2.7981111516907772e-08}},{"type":"Feature","id":241,"geometry":{"type":"Polygon","coordinates":[[[107.16014475100008,10.49582222500004],[107.16033532800009,10.496008645000074],[107.16018096200008,10.495996605000073],[107.15996336700005,10.495942497000044],[107.15985104500004,10.495774665000056],[107.16003094200005,10.495715871000073],[107.16006686500003,10.495753097000033],[107.16014475100008,10.49582222500004]]]},"properties":{"OBJECTID":241,"FID":240,"Shape_Leng":131.03460516600001,"Sothua":142,"So_To":72,"LoaidatHT":"LUC","Khuphomoi":"Khu phố Hương Giang","Sothuacu":142,"Sotocu":23,"Phuongcu":"phường Long Hương","Nguoisudun":"ĐẶNG THỊ XUÂN","Quyetdinh":"Quyết định 3693/QĐ-UBND","ID":"142.72","Shape_Length":0.0011927317358022983,"Shape_Area":6.5913228916678163e-08}},{"type":"Feature","id":242,"geometry":{"type":"Polygon","coordinates":[[[107.16065085000008,10.495969992000028],[107.16048565300008,10.496032250000042],[107.16011286600008,10.495678683000051],[107.16034886200003,10.495615923000059],[107.16036025100004,10.495631767000077],[107.16065085000008,10.495969992000028]]]},"properties":{"OBJECTID":242,"FID":241,"Shape_Leng":153.92780750399999,"Sothua":140,"So_To":72,"LoaidatHT":"LUC","Khuphomoi":"Khu phố Hương Giang","Sothuacu":140,"Sotocu":23,"Phuongcu":"phường Long Hương","Nguoisudun":"ĐẶNG THỊ YẾN (CHẾT); Sử dụng: ĐẶNG THỊ NGỌC BÍCH (con).","Quyetdinh":"Quyết định 3693/QĐ-UBND","ID":"140.72","Shape_Length":0.0013999592130007818,"Shape_Area":9.1688304648337849e-08}},{"type":"Feature","id":243,"geometry":{"type":"Polygon","coordinates":[[[107.14839927000008,10.495887453000023],[107.14807119600005,10.496039084000074],[107.14799821900004,10.495842844000038],[107.14830697000008,10.495761607000077],[107.14839927000008,10.495887453000023]]]},"properties":{"OBJECTID":243,"FID":242,"Shape_Leng":114.972973246,"Sothua":312,"So_To":23,"LoaidatHT":"LUK","Khuphomoi":"Khu phố Núi Dinh","Sothuacu":0,"Sotocu":23,"Phuongcu":"Phường Kim Dinh","Nguoisudun":"UBND phường","Quyetdinh":"Quyết định 3693/QĐ-UBND","ID":"312.23","Shape_Length":0.0010461153014851084,"Shape_Area":6.0900035350502357e-08}},{"type":"Feature","id":244,"geometry":{"type":"Polygon","coordinates":[[[107.15286056400004,10.495982572000059],[107.15259655000006,10.496077369000034],[107.15249061100008,10.495775287000072],[107.15247908200007,10.495737383000062],[107.15271361400005,10.495628968000062],[107.15272009600005,10.495631331000027],[107.15272657700007,10.495633694000048],[107.15273378900008,10.495636330000025],[107.15274717100004,10.495664650000037],[107.15280421200004,10.495785370000021],[107.15285370700008,10.495890339000027],[107.15285459800003,10.495901824000043],[107.15286056400004,10.495982572000059]]]},"properties":{"OBJECTID":244,"FID":243,"Shape_Leng":142.46469151900001,"Sothua":171,"So_To":71,"LoaidatHT":"LUC","Khuphomoi":"Khu phố Hương Giang","Sothuacu":171,"Sotocu":22,"Phuongcu":"phường Long Hương","Nguoisudun":"Đăng ký: ĐỖ THỊ NẶNG; Sử dụng: ĐỖ THỊ NẶNG.","Quyetdinh":"Quyết định 3693/QĐ-UBND","ID":"171.71","Shape_Length":0.0012934900755523305,"Shape_Area":1.0784119135177421e-07}},{"type":"Feature","id":245,"geometry":{"type":"Polygon","coordinates":[[[107.15181578500005,10.495960446000026],[107.15152029500007,10.49608149200003],[107.15144279100008,10.495909926000024],[107.15128382300009,10.495535415000063],[107.15157040800005,10.495389489000047],[107.15178416000003,10.495826758000021],[107.15181578500005,10.495960446000026]]]},"properties":{"OBJECTID":245,"FID":244,"Shape_Leng":204.98423160999999,"Sothua":183,"So_To":71,"LoaidatHT":"LUC","Khuphomoi":"Khu phố Hương Giang","Sothuacu":183,"Sotocu":22,"Phuongcu":"phường Long Hương","Nguoisudun":"Đăng ký: VÕ NGỌC ẤN- NGUYỄN THỊ HẠNH VÕ NGỌC THẠCH; Sử dụng: VÕ NGỌC Ấn- NGUYỄN THỊ HẠNH VÕ NGỌC THẠCH.","Quyetdinh":"Quyết định 3693/QĐ-UBND","ID":"183.71","Shape_Length":0.0018601281347809134,"Shape_Area":2.0295946012056284e-07}},{"type":"Feature","id":246,"geometry":{"type":"Polygon","coordinates":[[[107.15954788000005,10.495849325000052],[107.15934365200008,10.49611647200004],[107.15929005800007,10.496099827000023],[107.15879653600007,10.495920167000065],[107.15878948300008,10.49564177700006],[107.15913078100004,10.495546485000034],[107.15946154700003,10.495465549000073],[107.15946246800007,10.495461663000071],[107.15949304900005,10.495521934000067],[107.15950322400005,10.495599707000054],[107.15954788000005,10.495849325000052]]]},"properties":{"OBJECTID":246,"FID":245,"Shape_Leng":252.378078453,"Sothua":177,"So_To":71,"LoaidatHT":"LUC","Khuphomoi":"Khu phố Hương Giang","Sothuacu":177,"Sotocu":22,"Phuongcu":"phường Long Hương","Nguoisudun":"Đăng ký: LÊ VĂN DỮNG (chết); Sử dụng: LÊ THÀNH ĐÔNG (con). Đăng ký: TRẦN VĂN HÙNG PHONG; Sử dụng: TRẦN VĂN HÙNG PHONG.","Quyetdinh":"Quyết định 3693/QĐ-UBND","ID":"177.71","Shape_Length":0.0022945450193106675,"Shape_Area":3.4041354690019937e-07}},{"type":"Feature","id":247,"geometry":{"type":"Polygon","coordinates":[[[107.15902840800004,10.496153949000075],[107.15890302400004,10.49617749500004],[107.15879351300003,10.496069340000076],[107.15877683300005,10.496049327000037],[107.15879504100008,10.495938066000065],[107.15883959400009,10.495952614000032],[107.15918686400005,10.496080830000039],[107.15932380400005,10.496129365000058],[107.15931341700008,10.496162888000072],[107.15902840800004,10.496153949000075]]]},"properties":{"OBJECTID":247,"FID":246,"Shape_Leng":143.01187368500001,"Sothua":158,"So_To":71,"LoaidatHT":"LUC","Khuphomoi":"Khu phố Hương Giang","Sothuacu":158,"Sotocu":22,"Phuongcu":"phường Long Hương","Nguoisudun":"Đăng ký: LÊ VĂN DỮNG (chết); Sử dụng: LÊ THÀNH ĐÔNG (con).","Quyetdinh":"Quyết định 3693/QĐ-UBND","ID":"158.71","Shape_Length":0.0013028681486339211,"Shape_Area":6.4303598627473711e-08}},{"type":"Feature","id":248,"geometry":{"type":"Polygon","coordinates":[[[107.15253573600006,10.495967405000044],[107.15185229100007,10.496169093000049],[107.15181578500005,10.495960446000026],[107.15178416000003,10.495826758000021],[107.15211881400006,10.495624325000051],[107.15231445600006,10.495502004000059],[107.15239996400004,10.495644743000071],[107.15243665000008,10.495712169000058],[107.15245513500008,10.495743215000061],[107.15253573600006,10.495967405000044]]]},"properties":{"OBJECTID":248,"FID":247,"Shape_Leng":242.15000288799999,"Sothua":166,"So_To":71,"LoaidatHT":"LUC","Khuphomoi":"Khu phố Hương Giang","Sothuacu":166,"Sotocu":22,"Phuongcu":"phường Long Hương","Nguoisudun":"Đăng ký: VÕ NGỌC ẤN- NGUYỄN THỊ HẠNH VÕ NGỌC THẠCH; Sử dụng: VÕ NGỌC Ấn- NGUYỄN THỊ HẠNH VÕ NGỌC THẠCH.","Quyetdinh":"Quyết định 3693/QĐ-UBND","ID":"166.71","Shape_Length":0.0022011511248395013,"Shape_Area":2.8792799619306173e-07}},{"type":"Feature","id":249,"geometry":{"type":"Polygon","coordinates":[[[107.15758978700006,10.496136985000021],[107.15747603000005,10.496243820000075],[107.15738889100004,10.496097406000047],[107.15775749300008,10.495812089000026],[107.15778883400009,10.495856540000034],[107.15756952600009,10.496049884000058],[107.15760890000007,10.496118418000037],[107.15758978700006,10.496136985000021]]]},"properties":{"OBJECTID":249,"FID":248,"Shape_Leng":137.02834583500001,"Sothua":187,"So_To":71,"LoaidatHT":"ODT","Khuphomoi":"Khu phố Hương Giang","Sothuacu":187,"Sotocu":22,"Phuongcu":"phường Long Hương","Nguoisudun":"Đăng ký: VÕ NGỌC ẤN- NGUYỄN THỊ HẠNH VÕ NGỌC THẠCH; Sử dụng: VÕ NGỌC Ấn- NGUYỄN THỊ HẠNH VÕ NGỌC THẠCH.","Quyetdinh":"Quyết định 3693/QĐ-UBND","ID":"187.71","Shape_Length":0.0012450081948511835,"Shape_Area":4.7265989266873904e-08}},{"type":"Feature","id":250,"geometry":{"type":"Polygon","coordinates":[[[107.14777294100008,10.496172508000029],[107.14763945200008,10.496229667000023],[107.14763129100004,10.496198459000027],[107.14758123700005,10.496005427000057],[107.14774817100005,10.495942455000034],[107.14799821900004,10.495842844000038],[107.14807119600005,10.496039084000074],[107.14784983600003,10.496137937000071],[107.14777294100008,10.496172508000029]]]},"properties":{"OBJECTID":250,"FID":249,"Shape_Leng":149.59683434799999,"Sothua":299,"So_To":23,"LoaidatHT":"LUK","Khuphomoi":"Khu phố Núi Dinh","Sothuacu":0,"Sotocu":23,"Phuongcu":"Phường Kim Dinh","Nguoisudun":"NGUYỄN HỮU SANG (chết); Sử dụng: LÊ VĂN SANG (con rễ).","Quyetdinh":"Quyết định 3693/QĐ-UBND","ID":"299.23","Shape_Length":0.0013605689105869693,"Shape_Area":1.0072229187838466e-07}},{"type":"Feature","id":251,"geometry":{"type":"Polygon","coordinates":[[[107.15236133300004,10.496161552000046],[107.15188093500007,10.496333062000076],[107.15185229100007,10.496169093000049],[107.15253573600006,10.495967405000044],[107.15257296700008,10.496084648000021],[107.15236133300004,10.496161552000046]]]},"properties":{"OBJECTID":251,"FID":250,"Shape_Leng":190.71106811199999,"Sothua":167,"So_To":71,"LoaidatHT":"LUC","Khuphomoi":"Khu phố Hương Giang","Sothuacu":167,"Sotocu":22,"Phuongcu":"phường Long Hương","Nguoisudun":"Đăng ký: VÕ NGỌC ẤN- NGUYỄN THỊ HẠNH VÕ NGỌC THẠCH; Sử dụng: VÕ NGỌC Ấn- NGUYỄN THỊ HẠNH VÕ NGỌC THẠCH.","Quyetdinh":"Quyết định 3693/QĐ-UBND","ID":"167.71","Shape_Length":0.0017373176588720541,"Shape_Area":1.044363670735758e-07}},{"type":"Feature","id":252,"geometry":{"type":"Polygon","coordinates":[[[107.15279620900009,10.496528083000044],[107.15276045900004,10.496543838000036],[107.15275003400006,10.49650159600003],[107.15271660100007,10.496405155000048],[107.15268660700008,10.496325355000067],[107.15265153900003,10.496223759000031],[107.15259655000006,10.496077369000034],[107.15286056400004,10.495982572000059],[107.15298966800009,10.496257936000063],[107.15305272300009,10.496390145000021],[107.15279620900009,10.496528083000044]]]},"properties":{"OBJECTID":252,"FID":251,"Shape_Leng":171.439495104,"Sothua":145,"So_To":71,"LoaidatHT":"LUC","Khuphomoi":"Khu phố Hương Giang","Sothuacu":145,"Sotocu":22,"Phuongcu":"phường Long Hương","Nguoisudun":"Đăng ký: LÊ THỊ CÚC - NGUYỄN LÊ THÚY VI; Sử dụng: LÊ THỊ CÚC - NGUYỄN LÊ THÚY VI.","Quyetdinh":"Quyết định 3693/QĐ-UBND","ID":"145.71","Shape_Length":0.0015561239946292825,"Shape_Area":1.4252949370410385e-07}},{"type":"Feature","id":253,"geometry":{"type":"Polygon","coordinates":[[[107.14822531900006,10.496413227000062],[107.14795673600008,10.496555115000035],[107.14794899700007,10.49654208100003],[107.14784983600003,10.496137937000071],[107.14807119600005,10.496039084000074],[107.14839927000008,10.495887453000023],[107.14859842000004,10.496172174000037],[107.14851780500004,10.496240100000023],[107.14850330300004,10.496228591000033],[107.14831842100006,10.496359969000025],[107.14822531900006,10.496413227000062]]]},"properties":{"OBJECTID":253,"FID":252,"Shape_Leng":235.90641454499999,"Sothua":284,"So_To":23,"LoaidatHT":"LUK","Khuphomoi":"Khu phố Núi Dinh","Sothuacu":0,"Sotocu":23,"Phuongcu":"Phường Kim Dinh","Nguoisudun":" ","Quyetdinh":"Quyết định 3693/QĐ-UBND","ID":"284.23","Shape_Length":0.002144351942280299,"Shape_Area":2.6493827403823425e-07}},{"type":"Feature","id":254,"geometry":{"type":"Polygon","coordinates":[[[107.15892179800005,10.49624904500007],[107.15914204000006,10.496593741000027],[107.15883825600008,10.496464882000055],[107.15883257800004,10.496327989000065],[107.15888955900004,10.496244554000043],[107.15892179800005,10.49624904500007]]]},"properties":{"OBJECTID":254,"FID":253,"Shape_Leng":111.181131342,"Sothua":132,"So_To":71,"LoaidatHT":"CLN","Khuphomoi":"Khu phố Hương Giang","Sothuacu":132,"Sotocu":22,"Phuongcu":"phường Long Hương","Nguoisudun":"Đăng ký: NGUYỄN THỊ VẠN; Sử dụng: NGUYỄN THỊ VẠN.","Quyetdinh":"Quyết định 3693/QĐ-UBND","ID":"132.71","Shape_Length":0.0010096306512142473,"Shape_Area":4.5970282952458312e-08}},{"type":"Feature","id":255,"geometry":{"type":"Polygon","coordinates":[[[107.14795673600008,10.496555115000035],[107.14790727800005,10.496573013000045],[107.14777294100008,10.496172508000029],[107.14784983600003,10.496137937000071],[107.14794899700007,10.49654208100003],[107.14795673600008,10.496555115000035]]]},"properties":{"OBJECTID":255,"FID":254,"Shape_Leng":109.392766296,"Sothua":272,"So_To":23,"LoaidatHT":"LUK","Khuphomoi":"Khu phố Núi Dinh","Sothuacu":0,"Sotocu":23,"Phuongcu":"Phường Kim Dinh","Nguoisudun":" ","Quyetdinh":"Quyết định 3693/QĐ-UBND","ID":"272.23","Shape_Length":0.00099062977452435094,"Shape_Area":2.8075938084790863e-08}},{"type":"Feature","id":256,"geometry":{"type":"Polygon","coordinates":[[[107.15254565700008,10.496605727000031],[107.15247540000007,10.496608488000049],[107.15236133300004,10.496161552000046],[107.15257296700008,10.496084648000021],[107.15259515300005,10.496139117000041],[107.15266276400007,10.496324949000041],[107.15268901800005,10.496401939000066],[107.15274763400004,10.496562167000036],[107.15275525700008,10.49658867200003],[107.15267866900007,10.496605977000058],[107.15254565700008,10.496605727000031]]]},"properties":{"OBJECTID":256,"FID":255,"Shape_Leng":165.80101949600001,"Sothua":135,"So_To":71,"LoaidatHT":"LUC","Khuphomoi":"Khu phố Hương Giang","Sothuacu":135,"Sotocu":22,"Phuongcu":"phường Long Hương","Nguoisudun":"Đăng ký: LÊ THỊ CÚC - NGUYỄN LÊ THÚY VI; Sử dụng: LÊ THỊ CÚC - NGUYỄN LÊ THÚY VI.","Quyetdinh":"Quyết định 3693/QĐ-UBND","ID":"135.71","Shape_Length":0.0015043774886689557,"Shape_Area":1.2649844901740453e-07}},{"type":"Feature","id":257,"geometry":{"type":"Polygon","coordinates":[[[107.15188093500007,10.496333062000076],[107.15190030900004,10.496614820000048],[107.15173985800004,10.496584140000039],[107.15163062800008,10.496331325000028],[107.15154757700009,10.49614600700005],[107.15152029500007,10.49608149200003],[107.15181578500005,10.495960446000026],[107.15185229100007,10.496169093000049],[107.15188093500007,10.496333062000076]]]},"properties":{"OBJECTID":257,"FID":256,"Shape_Leng":186.58995331599999,"Sothua":140,"So_To":71,"LoaidatHT":"LUC","Khuphomoi":"Khu phố Hương Giang","Sothuacu":140,"Sotocu":22,"Phuongcu":"phường Long Hương","Nguoisudun":"Đăng ký: VÕ NGỌC ẤN- NGUYỄN THỊ HẠNH VÕ NGỌC THẠCH; Sử dụng: VÕ NGỌC Ấn- NGUYỄN THỊ HẠNH VÕ NGỌC THẠCH.","Quyetdinh":"Quyết định 3693/QĐ-UBND","ID":"140.71","Shape_Length":0.0016918976585464439,"Shape_Area":1.4417544825569965e-07}},{"type":"Feature","id":258,"geometry":{"type":"Polygon","coordinates":[[[107.14790727800005,10.496573013000045],[107.14774399000004,10.496639969000057],[107.14763945200008,10.496229667000023],[107.14777294100008,10.496172508000029],[107.14790727800005,10.496573013000045]]]},"properties":{"OBJECTID":258,"FID":257,"Shape_Leng":128.789013826,"Sothua":268,"So_To":23,"LoaidatHT":"LUK","Khuphomoi":"Khu phố Núi Dinh","Sothuacu":0,"Sotocu":23,"Phuongcu":"Phường Kim Dinh","Nguoisudun":" ","Quyetdinh":"Quyết định 3693/QĐ-UBND","ID":"268.23","Shape_Length":0.0011675384179646101,"Shape_Area":6.7569209921079739e-08}},{"type":"Feature","id":259,"geometry":{"type":"Polygon","coordinates":[[[107.15224219400005,10.496644124000056],[107.15209353600005,10.496656592000022],[107.15195674600005,10.496625595000069],[107.15190030900004,10.496614820000048],[107.15188093500007,10.496333062000076],[107.15236133300004,10.496161552000046],[107.15247540000007,10.496608488000049],[107.15233968200005,10.496637346000057],[107.15228312300007,10.496642845000054],[107.15224219400005,10.496644124000056]]]},"properties":{"OBJECTID":259,"FID":258,"Shape_Leng":202.07530082900001,"Sothua":127,"So_To":71,"LoaidatHT":"LUC","Khuphomoi":"Khu phố Hương Giang","Sothuacu":127,"Sotocu":22,"Phuongcu":"phường Long Hương","Nguoisudun":"Đăng ký: PHAN NGỌC HUY; Sử dụng: PHAN NGỌC HUY.","Quyetdinh":"Quyết định 3693/QĐ-UBND","ID":"127.71","Shape_Length":0.001837202943228883,"Shape_Area":2.1291840640181122e-07}},{"type":"Feature","id":260,"geometry":{"type":"Polygon","coordinates":[[[107.15317719900008,10.496649588000025],[107.15295325300008,10.496810823000033],[107.15289809800004,10.496751048000021],[107.15282973100005,10.496673346000023],[107.15280221800003,10.496633694000025],[107.15278942100008,10.496589821000043],[107.15276045900004,10.496543838000036],[107.15279620900009,10.496528083000044],[107.15305272300009,10.496390145000021],[107.15307473500008,10.496440365000069],[107.15317719900008,10.496649588000025]]]},"properties":{"OBJECTID":260,"FID":259,"Shape_Leng":135.08385303200001,"Sothua":119,"So_To":71,"LoaidatHT":"LUC","Khuphomoi":"Khu phố Hương Giang","Sothuacu":119,"Sotocu":22,"Phuongcu":"phường Long Hương","Nguoisudun":"Đăng ký: LÊ THỊ CÚC - NGUYỄN LÊ THÚY VI; Sử dụng: LÊ THỊ CÚC - NGUYỄN LÊ THÚY VI.","Quyetdinh":"Quyết định 3693/QĐ-UBND","ID":"119.71","Shape_Length":0.0012272033842094946,"Shape_Area":9.5604521547071513e-08}},{"type":"Feature","id":261,"geometry":{"type":"Polygon","coordinates":[[[107.15208892900006,10.496677107000039],[107.15199002400004,10.496945623000045],[107.15195494300008,10.496898814000076],[107.15184360600006,10.496743188000039],[107.15179031400004,10.496664610000039],[107.15176199000007,10.496619352000039],[107.15198372700007,10.49665692800005],[107.15204436200008,10.496669970000028],[107.15208892900006,10.496677107000039]]]},"properties":{"OBJECTID":261,"FID":260,"Shape_Leng":111.900639493,"Sothua":110,"So_To":71,"LoaidatHT":"LUC","Khuphomoi":"Khu phố Hương Giang","Sothuacu":110,"Sotocu":22,"Phuongcu":"phường Long Hương","Nguoisudun":"Đăng ký: HTX NN QUYẾT THẮNG; Sử dụng: HTX NN QUYẾT THẮNG.","Quyetdinh":"Quyết định 3693/QĐ-UBND","ID":"110.71","Shape_Length":0.0010163896315918278,"Shape_Area":4.7958776588383364e-08}},{"type":"Feature","id":262,"geometry":{"type":"Polygon","coordinates":[[[107.14809160500005,10.496870634000061],[107.14782086900004,10.496944711000026],[107.14779549900004,10.496835989000033],[107.14777679600007,10.496776733000047],[107.14774399000004,10.496639969000057],[107.14790727800005,10.496573013000045],[107.14795673600008,10.496555115000035],[107.14808321000004,10.496865375000027],[107.14809160500005,10.496870634000061]]]},"properties":{"OBJECTID":262,"FID":261,"Shape_Leng":128.748980534,"Sothua":233,"So_To":23,"LoaidatHT":"LUK","Khuphomoi":"Khu phố Núi Dinh","Sothuacu":0,"Sotocu":23,"Phuongcu":"Phường Kim Dinh","Nguoisudun":"NGUYỄN THỊ ANH (già yếu); Sử dụng: NGUYỄN THỊ NGỌC HIỀN (con).","Quyetdinh":"Quyết định 3693/QĐ-UBND","ID":"233.23","Shape_Length":0.0011691445662345083,"Shape_Area":8.2602730524717471e-08}},{"type":"Feature","id":263,"geometry":{"type":"Polygon","coordinates":[[[107.15278444600006,10.497040059000028],[107.15269657700009,10.49708012800005],[107.15257468200008,10.49690477200005],[107.15233481200005,10.496652073000064],[107.15246239300006,10.496626184000036],[107.15252780900005,10.496623143000022],[107.15267479700009,10.496623781000039],[107.15274252400008,10.496607001000029],[107.15276682700005,10.496605329000033],[107.15277918000004,10.496642783000027],[107.15285656500004,10.496733520000021],[107.15296277800007,10.496846101000074],[107.15300883800006,10.496884884000053],[107.15294852000005,10.496944351000025],[107.15278444600006,10.497040059000028]]]},"properties":{"OBJECTID":263,"FID":262,"Shape_Leng":191.68285547900001,"Sothua":105,"So_To":71,"LoaidatHT":"LUC","Khuphomoi":"Khu phố Hương Giang","Sothuacu":105,"Sotocu":22,"Phuongcu":"phường Long Hương","Nguoisudun":"Đăng ký: HTX NN QUYẾT THẮNG; Sử dụng: HTX NN QUYẾT THẮNG.","Quyetdinh":"Quyết định 3693/QĐ-UBND","ID":"105.71","Shape_Length":0.0017436774466817594,"Shape_Area":1.6363761294242852e-07}},{"type":"Feature","id":264,"geometry":{"type":"Polygon","coordinates":[[[107.15785711000007,10.496942687000058],[107.15779934300008,10.497151248000023],[107.15774786900005,10.497124933000066],[107.15768854900006,10.497092818000056],[107.15736170500008,10.496600732000047],[107.15746501800004,10.496556609000038],[107.15756047100007,10.496515845000033],[107.15757708600006,10.496522476000052],[107.15771235000005,10.496635381000033],[107.15781733300008,10.496866577000048],[107.15783060800004,10.496891978000065],[107.15785711000007,10.496942687000058]]]},"properties":{"OBJECTID":264,"FID":263,"Shape_Leng":185.399138373,"Sothua":108,"So_To":71,"LoaidatHT":"HNK","Khuphomoi":"Khu phố Hương Giang","Sothuacu":108,"Sotocu":22,"Phuongcu":"phường Long Hương","Nguoisudun":"Đăng ký: NGUYỄN VĂN TẢNG; Sử dụng: NGUYỄN VĂN TẢNG.","Quyetdinh":"Quyết định 3693/QĐ-UBND","ID":"108.71","Shape_Length":0.0016824293554742976,"Shape_Area":1.4887778411907608e-07}},{"type":"Feature","id":265,"geometry":{"type":"Polygon","coordinates":[[[107.15823123100006,10.496979278000026],[107.15818543600005,10.497185239000032],[107.15779934300008,10.497151248000023],[107.15785711000007,10.496942687000058],[107.15793741000005,10.496943379000072],[107.15823293000005,10.496950168000069],[107.15823123100006,10.496979278000026]]]},"properties":{"OBJECTID":265,"FID":264,"Shape_Leng":134.092501309,"Sothua":92,"So_To":71,"LoaidatHT":"HNK","Khuphomoi":"Khu phố Hương Giang","Sothuacu":92,"Sotocu":22,"Phuongcu":"phường Long Hương","Nguoisudun":"Đăng ký: NGUYỄN VĂN TẢNG; Sử dụng: NGUYỄN VĂN TẢNG.","Quyetdinh":"Quyết định 3693/QĐ-UBND","ID":"92.71","Shape_Length":0.0012200509564933119,"Shape_Area":8.6255503817415115e-08}},{"type":"Feature","id":266,"geometry":{"type":"Polygon","coordinates":[[[107.15968408300006,10.497201408000024],[107.15957402400005,10.497236916000077],[107.15957980700006,10.497125992000065],[107.15959302700008,10.496995372000072],[107.15966323400005,10.497019371000022],[107.15969413400006,10.497055593000027],[107.15968408300006,10.497201408000024]]]},"properties":{"OBJECTID":266,"FID":265,"Shape_Leng":69.038873588399994,"Sothua":105,"So_To":72,"LoaidatHT":"ODT","Khuphomoi":"Khu phố Hương Giang","Sothuacu":105,"Sotocu":23,"Phuongcu":"phường Long Hương","Nguoisudun":"NGUYỄN THỊ VẠN","Quyetdinh":"Quyết định 3693/QĐ-UBND","ID":"105.72","Shape_Length":0.00062597498176211958,"Shape_Area":2.1885019860622853e-08}},{"type":"Feature","id":267,"geometry":{"type":"Polygon","coordinates":[[[107.15519868100006,10.497135452000066],[107.15508110700006,10.497231429000067],[107.15484530200007,10.496902286000022],[107.15509111000006,10.497064006000073],[107.15519868100006,10.497135452000066]]]},"properties":{"OBJECTID":267,"FID":266,"Shape_Leng":107.837660727,"Sothua":1068,"So_To":71,"LoaidatHT":"LUC","Khuphomoi":"Khu phố Hương Giang","Sothuacu":0,"Sotocu":22,"Phuongcu":"phường Long Hương","Nguoisudun":" ","Quyetdinh":"Quyết định 3693/QĐ-UBND","ID":"1068.71","Shape_Length":0.00098003953425385647,"Shape_Area":3.0748065905652884e-08}},{"type":"Feature","id":268,"geometry":{"type":"Polygon","coordinates":[[[107.15774786900005,10.497124933000066],[107.15764594500007,10.497301769000046],[107.15762487000006,10.497295629000064],[107.15762267700006,10.49728716900006],[107.15757841100009,10.497297265000043],[107.15758066300003,10.497282751000057],[107.15755315000007,10.497247076000065],[107.15747613700006,10.497147210000037],[107.15743303300007,10.497091256000033],[107.15741904500004,10.497048556000038],[107.15739755400006,10.496965795000051],[107.15737524300005,10.496879314000068],[107.15728147600004,10.496802561000038],[107.15724626800005,10.496773745000041],[107.15714885300008,10.496694001000037],[107.15725514800005,10.49661997100003],[107.15727296900008,10.496616841000048],[107.15736170500008,10.496600732000047],[107.15768854900006,10.497092818000056],[107.15774786900005,10.497124933000066]]]},"properties":{"OBJECTID":268,"FID":267,"Shape_Leng":214.26579464899999,"Sothua":101,"So_To":71,"LoaidatHT":"HNK","Khuphomoi":"Khu phố Hương Giang","Sothuacu":101,"Sotocu":22,"Phuongcu":"phường Long Hương","Nguoisudun":"Đăng ký: NGUYỄN THỊ TẮT (chết); Sử dụng: PHẠM NGỌC QUÝ (con).","Quyetdinh":"Quyết định 3693/QĐ-UBND","ID":"101.71","Shape_Length":0.0019450088313452216,"Shape_Area":1.4127628579526312e-07}},{"type":"Feature","id":269,"geometry":{"type":"Polygon","coordinates":[[[107.15892857200004,10.497060318000024],[107.15889154200005,10.497316384000044],[107.15818543600005,10.497185239000032],[107.15823123100006,10.496979278000026],[107.15823293000005,10.496950168000069],[107.15826106900005,10.496949768000036],[107.15844125500007,10.496979578000037],[107.15892857200004,10.497060318000024]]]},"properties":{"OBJECTID":269,"FID":268,"Shape_Leng":211.038810351,"Sothua":90,"So_To":71,"LoaidatHT":"HNK","Khuphomoi":"Khu phố Hương Giang","Sothuacu":90,"Sotocu":22,"Phuongcu":"phường Long Hương","Nguoisudun":"Đăng ký: PHẠM MINH KHA (Chết); Sử dụng: PHẠM MINH TUẤN (CON TRAI).","Quyetdinh":"Quyết định 3693/QĐ-UBND","ID":"90.71","Shape_Length":0.0019217988854033023,"Shape_Area":1.7841933191942077e-07}},{"type":"Feature","id":270,"geometry":{"type":"Polygon","coordinates":[[[107.15241214500008,10.497293205000062],[107.15237162800008,10.497318293000035],[107.15233542400006,10.497285134000037],[107.15207928200005,10.497038191000058],[107.15199565500006,10.496962269000051],[107.15199002400004,10.496945623000045],[107.15208892900006,10.496677107000039],[107.15214384100005,10.496672961000058],[107.15233481200005,10.496652073000064],[107.15257468200008,10.49690477200005],[107.15269657700009,10.49708012800005],[107.15256626200005,10.497197779000032],[107.15241214500008,10.497293205000062]]]},"properties":{"OBJECTID":270,"FID":269,"Shape_Leng":223.98311789799999,"Sothua":98,"So_To":71,"LoaidatHT":"LUC","Khuphomoi":"Khu phố Hương Giang","Sothuacu":98,"Sotocu":22,"Phuongcu":"phường Long Hương","Nguoisudun":"Đăng ký: HTX NN QUYẾT THẮNG; Sử dụng: HTX NN QUYẾT THẮNG.","Quyetdinh":"Quyết định 3693/QĐ-UBND","ID":"98.71","Shape_Length":0.0020352093596629436,"Shape_Area":2.7544298975657769e-07}},{"type":"Feature","id":271,"geometry":{"type":"Polygon","coordinates":[[[107.15934077300005,10.497152310000047],[107.15931594700004,10.497332905000064],[107.15919539900005,10.497311525000043],[107.15889098700006,10.497320904000048],[107.15889154200005,10.497316384000044],[107.15892857200004,10.497060318000024],[107.15902001600006,10.497061030000054],[107.15917613300007,10.497065841000051],[107.15930741200003,10.497064910000063],[107.15935535100004,10.497076392000054],[107.15934077300005,10.497152310000047]]]},"properties":{"OBJECTID":271,"FID":270,"Shape_Leng":151.49319575600001,"Sothua":89,"So_To":71,"LoaidatHT":"HNK","Khuphomoi":"Khu phố Hương Giang","Sothuacu":89,"Sotocu":22,"Phuongcu":"phường Long Hương","Nguoisudun":"Đăng ký: PHAN VĂN THẬM; Sử dụng: PHAN VĂN THẬM.","Quyetdinh":"Quyết định 3693/QĐ-UBND","ID":"89.71","Shape_Length":0.001378082722878263,"Shape_Area":1.0821935815438975e-07}},{"type":"Feature","id":272,"geometry":{"type":"Polygon","coordinates":[[[107.15818543600005,10.497185239000032],[107.15796314600004,10.497389155000064],[107.15794652600005,10.497386091000067],[107.15794579500005,10.497385958000052],[107.15788835700005,10.497373375000052],[107.15780056700004,10.49737185400005],[107.15779717000004,10.497332971000048],[107.15777274600003,10.497349562000068],[107.15766936100005,10.497286804000055],[107.15767141100008,10.497316579000028],[107.15764594500007,10.497301769000046],[107.15774786900005,10.497124933000066],[107.15779934300008,10.497151248000023],[107.15818543600005,10.497185239000032]]]},"properties":{"OBJECTID":272,"FID":271,"Shape_Leng":149.86996017499999,"Sothua":87,"So_To":71,"LoaidatHT":"HNK","Khuphomoi":"Khu phố Hương Giang","Sothuacu":87,"Sotocu":22,"Phuongcu":"phường Long Hương","Nguoisudun":"Đăng ký: TRẦN THỊ HÓA; Sử dụng: TRẦN THỊ HÓA.","Quyetdinh":"Quyết định 3693/QĐ-UBND","ID":"87.71","Shape_Length":0.0013642071572000012,"Shape_Area":8.0955860546928137e-08}},{"type":"Feature","id":273,"geometry":{"type":"Polygon","coordinates":[[[107.14911649500004,10.497306187000049],[107.14897767700006,10.497426442000062],[107.14873643000004,10.497179073000041],[107.14888139300007,10.497046171000022],[107.14903796800007,10.496907776000057],[107.14913911000008,10.497043132000044],[107.14924929000006,10.497182032000069],[107.14911649500004,10.497306187000049]]]},"properties":{"OBJECTID":273,"FID":272,"Shape_Leng":161.032639542,"Sothua":197,"So_To":23,"LoaidatHT":"LUK","Khuphomoi":"Khu phố Núi Dinh","Sothuacu":0,"Sotocu":23,"Phuongcu":"Phường Kim Dinh","Nguoisudun":" ","Quyetdinh":"Quyết định 3693/QĐ-UBND","ID":"197.23","Shape_Length":0.0014628861629191608,"Shape_Area":1.3366460394772692e-07}},{"type":"Feature","id":274,"geometry":{"type":"Polygon","coordinates":[[[107.15532391900007,10.497427805000029],[107.15524900200006,10.497465782000063],[107.15508110700006,10.497231429000067],[107.15519868100006,10.497135452000066],[107.15530473100006,10.49703730400006],[107.15542167700005,10.497183968000058],[107.15548283200008,10.497307403000036],[107.15549720400008,10.497340068000028],[107.15540923200007,10.497386375000076],[107.15532391900007,10.497427805000029]]]},"properties":{"OBJECTID":274,"FID":273,"Shape_Leng":134.731096423,"Sothua":72,"So_To":71,"LoaidatHT":"LUC","Khuphomoi":"Khu phố Hương Giang","Sothuacu":72,"Sotocu":22,"Phuongcu":"phường Long Hương","Nguoisudun":"Đăng ký: NGUYỄN VĂN BÚP; Sử dụng: NGUYỄN VĂN BÚP.","Quyetdinh":"Quyết định 3693/QĐ-UBND","ID":"72.71","Shape_Length":0.0012238305437547962,"Shape_Area":9.534065876889659e-08}},{"type":"Feature","id":275,"geometry":{"type":"Polygon","coordinates":[[[107.15949304400004,10.497402219000037],[107.15940154100008,10.497480254000038],[107.15931594700004,10.497332905000064],[107.15934077300005,10.497152310000047],[107.15935535100004,10.497076392000054],[107.15937389100009,10.497080818000029],[107.15938932000006,10.497084501000074],[107.15945706800005,10.49710370300005],[107.15947411700006,10.497124563000057],[107.15953189700008,10.497195248000025],[107.15956917900007,10.49723844500005],[107.15958893900006,10.497320484000056],[107.15949304400004,10.497402219000037]]]},"properties":{"OBJECTID":275,"FID":274,"Shape_Leng":114.79393878099999,"Sothua":70,"So_To":72,"LoaidatHT":"HNK","Khuphomoi":"Khu phố Hương Giang","Sothuacu":70,"Sotocu":23,"Phuongcu":"phường Long Hương","Nguoisudun":"PHAN VĂN THẬM","Quyetdinh":"Quyết định 3693/QĐ-UBND","ID":"70.72","Shape_Length":0.0010412874664087904,"Shape_Area":6.8237253143763814e-08}},{"type":"Feature","id":276,"geometry":{"type":"Polygon","coordinates":[[[107.15480390400006,10.497075350000046],[107.15436441000008,10.497497648000035],[107.15431861600007,10.497444546000054],[107.15421715900004,10.497329624000031],[107.15446441200004,10.497114005000071],[107.15466844600007,10.496882109000069],[107.15480390400006,10.497075350000046]]]},"properties":{"OBJECTID":276,"FID":275,"Shape_Leng":187.81382555499999,"Sothua":1026,"So_To":71,"LoaidatHT":"LUC","Khuphomoi":"Khu phố Hương Giang","Sothuacu":0,"Sotocu":22,"Phuongcu":"phường Long Hương","Nguoisudun":" ","Quyetdinh":"Quyết định 3693/QĐ-UBND","ID":"1026.71","Shape_Length":0.0017058507187824672,"Shape_Area":1.3519388725297867e-07}},{"type":"Feature","id":277,"geometry":{"type":"Polygon","coordinates":[[[107.15889098700006,10.497320904000048],[107.15885367200008,10.497535199000026],[107.15881988200005,10.497529080000049],[107.15875760100005,10.497517029000051],[107.15862262200005,10.497493452000072],[107.15860252300007,10.497489932000065],[107.15853285000009,10.497477734000029],[107.15852481300004,10.497476157000051],[107.15844171200007,10.497459864000064],[107.15842810600009,10.497457197000074],[107.15837842700006,10.497447430000022],[107.15832820000008,10.497437572000024],[107.15828902400006,10.497429904000057],[107.15823002200005,10.49742247100005],[107.15818472100005,10.497416963000035],[107.15814188600007,10.497411729000021],[107.15810087700004,10.497406499000022],[107.15803447800005,10.49739796700004],[107.15796314600004,10.497389155000064],[107.15818543600005,10.497185239000032],[107.15889154200005,10.497316384000044],[107.15889098700006,10.497320904000048]]]},"properties":{"OBJECTID":277,"FID":276,"Shape_Leng":235.30918625300001,"Sothua":1024,"So_To":71,"LoaidatHT":"HNK","Khuphomoi":"Khu phố Hương Giang","Sothuacu":0,"Sotocu":22,"Phuongcu":"phường Long Hương","Nguoisudun":" ","Quyetdinh":"Quyết định 3693/QĐ-UBND","ID":"1024.71","Shape_Length":0.0021447340003964265,"Shape_Area":1.8167484694389695e-07}},{"type":"Feature","id":278,"geometry":{"type":"Polygon","coordinates":[[[107.14896476900009,10.497440702000063],[107.14880365300007,10.497611908000067],[107.14867218800003,10.497519891000024],[107.14851911600005,10.497358580000025],[107.14873433500009,10.49717617500005],[107.14873643000004,10.497179073000041],[107.14897767700006,10.497426442000062],[107.14896476900009,10.497440702000063]]]},"properties":{"OBJECTID":278,"FID":277,"Shape_Leng":139.57988407900001,"Sothua":170,"So_To":23,"LoaidatHT":"LUK","Khuphomoi":"Khu phố Núi Dinh","Sothuacu":0,"Sotocu":23,"Phuongcu":"Phường Kim Dinh","Nguoisudun":" ","Quyetdinh":"Quyết định 3693/QĐ-UBND","ID":"170.23","Shape_Length":0.0012684023379381482,"Shape_Area":1.010671589295445e-07}},{"type":"Feature","id":279,"geometry":{"type":"Polygon","coordinates":[[[107.14919981200006,10.497589421000043],[107.14916823700008,10.497619106000059],[107.14896476900009,10.497440702000063],[107.14897767700006,10.497426442000062],[107.14911649500004,10.497306187000049],[107.14924929000006,10.497182032000069],[107.14939746500005,10.497372989000041],[107.14941023200004,10.497384405000048],[107.14933343900009,10.497459934000062],[107.14919981200006,10.497589421000043]]]},"properties":{"OBJECTID":279,"FID":278,"Shape_Leng":137.71446380200001,"Sothua":169,"So_To":23,"LoaidatHT":"LUK","Khuphomoi":"Khu phố Núi Dinh","Sothuacu":0,"Sotocu":23,"Phuongcu":"Phường Kim Dinh","Nguoisudun":"UBND phường","Quyetdinh":"Quyết định 3693/QĐ-UBND","ID":"169.23","Shape_Length":0.0012512475074647504,"Shape_Area":9.4609812163046488e-08}},{"type":"Feature","id":280,"geometry":{"type":"Polygon","coordinates":[[[107.15495009500006,10.497618234000072],[107.15480723600007,10.497703405000038],[107.15473918000004,10.49765409400004],[107.15491312200004,10.497461753000039],[107.15500614000007,10.497334215000024],[107.15513047600007,10.497507767000059],[107.15509259600009,10.49752935600003],[107.15495009500006,10.497618234000072]]]},"properties":{"OBJECTID":280,"FID":279,"Shape_Leng":120.231038523,"Sothua":1067,"So_To":71,"LoaidatHT":"HNK","Khuphomoi":"Khu phố Hương Giang","Sothuacu":0,"Sotocu":22,"Phuongcu":"phường Long Hương","Nguoisudun":" ","Quyetdinh":"Quyết định 3693/QĐ-UBND","ID":"1067.71","Shape_Length":0.0010925874545552325,"Shape_Area":5.5596117726065516e-08}},{"type":"Feature","id":281,"geometry":{"type":"Polygon","coordinates":[[[107.15940154100008,10.497480254000038],[107.15912910600008,10.497728469000037],[107.15891333600007,10.497626446000027],[107.15889996100009,10.497605990000068],[107.15886083700008,10.497546158000034],[107.15885367200008,10.497535199000026],[107.15889098700006,10.497320904000048],[107.15919539900005,10.497311525000043],[107.15931594700004,10.497332905000064],[107.15940154100008,10.497480254000038]]]},"properties":{"OBJECTID":281,"FID":280,"Shape_Leng":168.383443755,"Sothua":68,"So_To":71,"LoaidatHT":"HNK","Khuphomoi":"Khu phố Hương Giang","Sothuacu":68,"Sotocu":22,"Phuongcu":"phường Long Hương","Nguoisudun":"Đăng ký: NGUYỄN THỊ NGÀNH; Sử dụng: NGUYỄN THỊ NGÀNH.","Quyetdinh":"Quyết định 3693/QĐ-UBND","ID":"68.71","Shape_Length":0.0015311603953487383,"Shape_Area":1.5960305675915814e-07}},{"type":"Feature","id":282,"geometry":{"type":"Polygon","coordinates":[[[107.14855162500004,10.497648318000074],[107.14848177500005,10.497724493000021],[107.14810816000005,10.497710224000059],[107.14799789000006,10.49771290800004],[107.14799262500009,10.497695720000024],[107.14799431600005,10.497624208000047],[107.14796997500008,10.497503644000062],[107.14796387000007,10.497495133000029],[107.14796230600007,10.497489593000068],[107.14823928500005,10.497411483000064],[107.14850258600006,10.49735538300007],[107.14851911600005,10.497358580000025],[107.14867218800003,10.497519891000024],[107.14855162500004,10.497648318000074]]]},"properties":{"OBJECTID":282,"FID":281,"Shape_Leng":196.449353758,"Sothua":155,"So_To":23,"LoaidatHT":"LUK","Khuphomoi":"Khu phố Núi Dinh","Sothuacu":0,"Sotocu":23,"Phuongcu":"Phường Kim Dinh","Nguoisudun":" ","Quyetdinh":"Quyết định 3693/QĐ-UBND","ID":"155.23","Shape_Length":0.001788636242551134,"Shape_Area":1.8610123547892954e-07}},{"type":"Feature","id":283,"geometry":{"type":"Polygon","coordinates":[[[107.15472849000008,10.497654526000076],[107.15457521200005,10.497741848000032],[107.15446291100005,10.497611716000051],[107.15490240600008,10.497189418000062],[107.15500614000007,10.497334215000024],[107.15491312200004,10.497461753000039],[107.15473918000004,10.49765409400004],[107.15472849000008,10.497654526000076]]]},"properties":{"OBJECTID":283,"FID":282,"Shape_Leng":172.14979583900001,"Sothua":1062,"So_To":71,"LoaidatHT":"CLN","Khuphomoi":"Khu phố Hương Giang","Sothuacu":0,"Sotocu":22,"Phuongcu":"phường Long Hương","Nguoisudun":" ","Quyetdinh":" ","ID":"1062.71","Shape_Length":0.0015637988814484727,"Shape_Area":1.2087411493144459e-07}},{"type":"Feature","id":284,"geometry":{"type":"Polygon","coordinates":[[[107.14916823700008,10.497619106000059],[107.14901904100009,10.497767370000076],[107.14880365300007,10.497611908000067],[107.14896476900009,10.497440702000063],[107.14916823700008,10.497619106000059]]]},"properties":{"OBJECTID":284,"FID":283,"Shape_Leng":107.994250186,"Sothua":147,"So_To":23,"LoaidatHT":"HNK","Khuphomoi":"Khu phố Núi Dinh","Sothuacu":0,"Sotocu":23,"Phuongcu":"Phường Kim Dinh","Nguoisudun":" ","Quyetdinh":" ","ID":"147.23","Shape_Length":0.000981669838178873,"Shape_Area":5.9353638132439074e-08}},{"type":"Feature","id":285,"geometry":{"type":"Polygon","coordinates":[[[107.16260914300005,10.497868812000036],[107.16260531700004,10.497872457000028],[107.16253839100006,10.497809633000031],[107.16268054800008,10.497654769000064],[107.16274481600004,10.497713220000037],[107.16275004200008,10.497708104000026],[107.16275010100009,10.497708200000034],[107.16275344800005,10.497713643000054],[107.16260914300005,10.497868812000036]]]},"properties":{"OBJECTID":285,"FID":284,"Shape_Leng":68.245467662300001,"Sothua":14,"So_To":137,"LoaidatHT":"TSC","Khuphomoi":"Khu phố Hương Giang","Sothuacu":0,"Sotocu":59,"Phuongcu":"Phường Long Hương","Nguoisudun":"Trụ sở khu Hương Giang","Quyetdinh":" ","ID":"14.137","Shape_Length":0.00061988294587544653,"Shape_Area":1.9615298727164739e-08}},{"type":"Feature","id":286,"geometry":{"type":"Polygon","coordinates":[[[107.16224455400004,10.497821249000026],[107.16213466700003,10.497875538000073],[107.16213325800004,10.497864469000035],[107.16212935200008,10.497818063000068],[107.16218451100008,10.497797623000054],[107.16220534000007,10.497794444000021],[107.16223418700008,10.497793158000036],[107.16223697000004,10.497793136000041],[107.16226156700009,10.497798905000025],[107.16227197300009,10.497807704000024],[107.16224455400004,10.497821249000026]]]},"properties":{"OBJECTID":286,"FID":285,"Shape_Leng":39.681626259399998,"Sothua":18,"So_To":137,"LoaidatHT":"ODT","Khuphomoi":"Khu phố Hương Giang","Sothuacu":0,"Sotocu":59,"Phuongcu":"Phường Long Hương","Nguoisudun":" ","Quyetdinh":"Quyết định 3693/QĐ-UBND","ID":"18.137","Shape_Length":0.0003613219177902713,"Shape_Area":5.8859653926559632e-09}},{"type":"Feature","id":287,"geometry":{"type":"Polygon","coordinates":[[[107.16275662400005,10.497928702000024],[107.16269332400009,10.497947427000042],[107.16260914300005,10.497868812000036],[107.16275344800005,10.497713643000054],[107.16275010100009,10.497708200000034],[107.16275004200008,10.497708104000026],[107.16288765300004,10.497590426000045],[107.16300114500007,10.497798085000056],[107.16298687000005,10.497805680000056],[107.16290505100005,10.497849839000025],[107.16275662400005,10.497928702000024]]]},"properties":{"OBJECTID":287,"FID":286,"Shape_Leng":120.421721956,"Sothua":15,"So_To":137,"LoaidatHT":"CAN","Khuphomoi":"Khu phố Hương Giang","Sothuacu":0,"Sotocu":59,"Phuongcu":"Phường Long Hương","Nguoisudun":"Công an phường Long Hương","Quyetdinh":" ","ID":"15.137","Shape_Length":0.0010945315946202195,"Shape_Area":6.7095669915644096e-08}},{"type":"Feature","id":288,"geometry":{"type":"Polygon","coordinates":[[[107.15537792600009,10.49794496800007],[107.15537719100007,10.497946775000059],[107.15519924000006,10.497512106000045],[107.15527605900007,10.497470118000024],[107.15550302700007,10.497352556000067],[107.15553616600005,10.497412199000053],[107.15557066000008,10.497479981000026],[107.15563386200006,10.497631629000068],[107.15569650300006,10.497789966000028],[107.15572233200004,10.497850951000032],[107.15537792600009,10.49794496800007]]]},"properties":{"OBJECTID":288,"FID":287,"Shape_Leng":189.09560239499999,"Sothua":54,"So_To":71,"LoaidatHT":"HNK","Khuphomoi":"Khu phố Hương Giang","Sothuacu":54,"Sotocu":22,"Phuongcu":"phường Long Hương","Nguoisudun":"Đăng ký: HUỲNH THỊ NGỌC MAI; Sử dụng: HUỲNH THỊ NGỌC MAI.","Quyetdinh":"Quyết định 3693/QĐ-UBND","ID":"54.71","Shape_Length":0.0017168796437017277,"Shape_Area":1.7977173974585694e-07}},{"type":"Feature","id":289,"geometry":{"type":"Polygon","coordinates":[[[107.12427397400006,10.497893913000041],[107.12419026300006,10.497908937000034],[107.12413728700005,10.497768515000075],[107.12409292500007,10.497613644000069],[107.12439964600009,10.497546441000054],[107.12444080500006,10.497749042000066],[107.12446106700008,10.497849257000041],[107.12441434400006,10.497869598000023],[107.12427397400006,10.497893913000041]]]},"properties":{"OBJECTID":289,"FID":288,"Shape_Leng":133.47368935599999,"Sothua":75,"So_To":21,"LoaidatHT":"ODT","Khuphomoi":"Khu phố Kim Hải","Sothuacu":0,"Sotocu":21,"Phuongcu":"Phường Kim Dinh","Nguoisudun":"UBND phường","Quyetdinh":"Quyết định 3693/QĐ-UBND","ID":"75.21","Shape_Length":0.001212628850220819,"Shape_Area":9.3712280933794223e-08}},{"type":"Feature","id":290,"geometry":{"type":"Polygon","coordinates":[[[107.16277324200007,10.498020418000067],[107.16276855400008,10.498025581000036],[107.16269332400009,10.497947427000042],[107.16275662400005,10.497928702000024],[107.16290505100005,10.497849839000025],[107.16298687000005,10.497805680000056],[107.16300114500007,10.497798085000056],[107.16288765300004,10.497590426000045],[107.16275004200008,10.497708104000026],[107.16274481600004,10.497713220000037],[107.16268054800008,10.497654769000064],[107.16253839100006,10.497809633000031],[107.16247641100006,10.497752963000039],[107.16258127000003,10.497699539000052],[107.16268431500004,10.497647168000071],[107.16272592200005,10.49762608900005],[107.16276846200009,10.49759470500004],[107.16285439200004,10.497529543000041],[107.16310028000004,10.497787759000062],[107.16285785500008,10.49797191600004],[107.16277324200007,10.498020418000067]]]},"properties":{"OBJECTID":290,"FID":289,"Shape_Leng":270.97064800999999,"Sothua":109,"So_To":137,"LoaidatHT":"HNK","Khuphomoi":"Khu phố Hương Giang","Sothuacu":0,"Sotocu":59,"Phuongcu":"Phường Long Hương","Nguoisudun":" ","Quyetdinh":"Quyết định 3693/QĐ-UBND","ID":"109.137","Shape_Length":0.002463939619096185,"Shape_Area":6.6121068365850095e-08}},{"type":"Feature","id":291,"geometry":{"type":"Polygon","coordinates":[[[107.15495204600006,10.498073672000032],[107.15494245900004,10.498076334000075],[107.15486229300006,10.497862361000045],[107.15480764700004,10.497727274000056],[107.15484834300008,10.497704386000066],[107.15498800300008,10.497620566000023],[107.15506308600004,10.497578574000045],[107.15512428400007,10.497535653000057],[107.15516644000007,10.497514214000034],[107.15519924000006,10.497512106000045],[107.15537719100007,10.497946775000059],[107.15537342700009,10.497956713000065],[107.15495204600006,10.498073672000032]]]},"properties":{"OBJECTID":291,"FID":290,"Shape_Leng":192.88265168000001,"Sothua":38,"So_To":71,"LoaidatHT":"HNK","Khuphomoi":"Khu phố Hương Giang","Sothuacu":38,"Sotocu":22,"Phuongcu":"phường Long Hương","Nguoisudun":"Đăng ký: LÊ THỊ NGA; Sử dụng: LÊ THỊ NGA.","Quyetdinh":"Quyết định 3693/QĐ-UBND","ID":"38.71","Shape_Length":0.001752303481573273,"Shape_Area":1.9328358465112452e-07}},{"type":"Feature","id":292,"geometry":{"type":"Polygon","coordinates":[[[107.15586782500009,10.498299934000045],[107.15552477600005,10.49840118700007],[107.15537342700009,10.497956713000065],[107.15537719100007,10.497946775000059],[107.15537792600009,10.49794496800007],[107.15572233200004,10.497850951000032],[107.15574804400006,10.497924956000077],[107.15575157800004,10.497940062000055],[107.15586782500009,10.498299934000045]]]},"properties":{"OBJECTID":292,"FID":291,"Shape_Leng":183.78156330900001,"Sothua":19,"So_To":71,"LoaidatHT":"HNK","Khuphomoi":"Khu phố Hương Giang","Sothuacu":19,"Sotocu":22,"Phuongcu":"phường Long Hương","Nguoisudun":"Đăng ký: NGUYỄN THỊ THU VÂN; Sử dụng: NGUYỄN THỊ THU VÂN.","Quyetdinh":"Quyết định 3693/QĐ-UBND","ID":"19.71","Shape_Length":0.0016688407129969197,"Shape_Area":1.7187815828615424e-07}},{"type":"Feature","id":293,"geometry":{"type":"Polygon","coordinates":[[[107.15552477600005,10.49840118700007],[107.15511701200006,10.498505669000053],[107.15495204600006,10.498073672000032],[107.15537342700009,10.497956713000065],[107.15552477600005,10.49840118700007]]]},"properties":{"OBJECTID":293,"FID":292,"Shape_Leng":197.03615583800001,"Sothua":10,"So_To":71,"LoaidatHT":"HNK","Khuphomoi":"Khu phố Hương Giang","Sothuacu":10,"Sotocu":22,"Phuongcu":"phường Long Hương","Nguoisudun":"Đăng ký: NGUYỄN THỊ THANH NGUYỆT; Sử dụng: NGUYỄN THỊ THANH NGUYỆT.","Quyetdinh":"Quyết định 3693/QĐ-UBND","ID":"10.71","Shape_Length":0.0017902072661354501,"Shape_Area":1.9919166430461483e-07}},{"type":"Feature","id":294,"geometry":{"type":"Polygon","coordinates":[[[107.15511701200006,10.498505669000053],[107.15480774200006,10.498584916000027],[107.15477633100005,10.498433871000032],[107.15466283500007,10.498163961000046],[107.15494245900004,10.498076334000075],[107.15495204600006,10.498073672000032],[107.15511701200006,10.498505669000053]]]},"properties":{"OBJECTID":294,"FID":293,"Shape_Leng":168.69464827100001,"Sothua":930,"So_To":71,"LoaidatHT":"HNK","Khuphomoi":"Khu phố Hương Giang","Sothuacu":0,"Sotocu":22,"Phuongcu":"phường Long Hương","Nguoisudun":" ","Quyetdinh":"Quyết định 3693/QĐ-UBND","ID":"930.71","Shape_Length":0.00153174517851365,"Shape_Area":1.3646797903138943e-07}},{"type":"Feature","id":295,"geometry":{"type":"Polygon","coordinates":[[[107.15716986700005,10.498707409000076],[107.15711863200005,10.498746824000023],[107.15708534800007,10.498667018000049],[107.15744083400006,10.498559369000077],[107.15742041800007,10.498630123000055],[107.15716986700005,10.498707409000076]]]},"properties":{"OBJECTID":295,"FID":294,"Shape_Leng":94.243873179900007,"Sothua":935,"So_To":71,"LoaidatHT":"TMD","Khuphomoi":"Khu phố Hương Giang","Sothuacu":0,"Sotocu":22,"Phuongcu":"phường Long Hương","Nguoisudun":" ","Quyetdinh":" ","ID":"935.71","Shape_Length":0.0008583790452018576,"Shape_Area":2.2503592301627049e-08}},{"type":"Feature","id":296,"geometry":{"type":"Polygon","coordinates":[[[107.16348200600004,10.49885753600006],[107.16343167200006,10.498870833000069],[107.16343142700003,10.498869612000021],[107.16336904600007,10.498654471000066],[107.16337083500008,10.498654104000025],[107.16341625000007,10.498648148000029],[107.16348200600004,10.49885753600006]]]},"properties":{"OBJECTID":296,"FID":295,"Shape_Leng":60.084078867800002,"Sothua":60,"So_To":133,"LoaidatHT":"ODT","Khuphomoi":"Khu phố Hương Điền","Sothuacu":0,"Sotocu":55,"Phuongcu":"Phường Long Hương","Nguoisudun":" ","Quyetdinh":"Quyết định 3693/QĐ-UBND","ID":"60.133","Shape_Length":0.00054440879111508752,"Shape_Area":1.1002691769156723e-08}},{"type":"Feature","id":297,"geometry":{"type":"Polygon","coordinates":[[[107.16103443100008,10.498838189000026],[107.16089456800006,10.498870151000062],[107.16085815800005,10.498738229000026],[107.16085994300005,10.49865238700005],[107.16085469500007,10.49860435100004],[107.16084200900008,10.498570794000045],[107.16082283900005,10.498522018000074],[107.16080974000005,10.498479780000025],[107.16078945600009,10.498414249000064],[107.16077352700006,10.498360126000023],[107.16077250100005,10.498356769000054],[107.16095199200004,10.498286103000055],[107.16097537500008,10.498355654000022],[107.16101007000009,10.498459248000074],[107.16103617700008,10.498536616000024],[107.16115004000005,10.498539612000059],[107.16115674500008,10.498539998000069],[107.16115248000006,10.498527755000055],[107.16120117600008,10.498546794000049],[107.16120175000009,10.498546941000029],[107.16117967600007,10.498627330000033],[107.16114288300008,10.498758133000024],[107.16113468900005,10.498785991000034],[107.16112917400005,10.498811070000045],[107.16112993700006,10.498814950000053],[107.16103443100008,10.498838189000026]]]},"properties":{"OBJECTID":297,"FID":296,"Shape_Leng":186.844876355,"Sothua":94,"So_To":132,"LoaidatHT":"TSC","Khuphomoi":"Khu phố Hương Giang","Sothuacu":0,"Sotocu":54,"Phuongcu":"Phường Long Hương","Nguoisudun":"Trụ sở UBND phường Long Hương","Quyetdinh":" ","ID":"94.132","Shape_Length":0.0016953867792641624,"Shape_Area":1.3697182708194967e-07}},{"type":"Feature","id":298,"geometry":{"type":"Polygon","coordinates":[[[107.16340934200008,10.498876930000051],[107.16337848400008,10.498885382000026],[107.16331695100007,10.498694273000069],[107.16334834400004,10.498658800000044],[107.16335032700005,10.498658324000075],[107.16336904600007,10.498654471000066],[107.16343142700003,10.498869612000021],[107.16340934200008,10.498876930000051]]]},"properties":{"OBJECTID":298,"FID":297,"Shape_Leng":60.547755136900001,"Sothua":86,"So_To":133,"LoaidatHT":"ODT","Khuphomoi":"Khu phố Hương Điền","Sothuacu":0,"Sotocu":55,"Phuongcu":"Phường Long Hương","Nguoisudun":" ","Quyetdinh":"Quyết định 3693/QĐ-UBND","ID":"86.133","Shape_Length":0.00054855375760203039,"Shape_Area":1.2708903031120408e-08}},{"type":"Feature","id":299,"geometry":{"type":"Polygon","coordinates":[[[107.15757155300008,10.498756800000024],[107.15750767200007,10.498913454000046],[107.15742041800007,10.498630123000055],[107.15744083400006,10.498559369000077],[107.15729988700008,10.498054817000025],[107.15764887100005,10.498212577000061],[107.15764905700007,10.498203893000039],[107.15771629400007,10.498210715000027],[107.15774648600006,10.49821382500005],[107.15784763800008,10.498224249000032],[107.15798820200007,10.498240967000072],[107.15801614800006,10.498243577000039],[107.15810767300007,10.498252129000036],[107.15813708100006,10.498255460000053],[107.15824318400007,10.498267482000074],[107.15828860900007,10.498272627000063],[107.15850964800006,10.498293924000052],[107.15821808100009,10.498561632000076],[107.15804471300004,10.498356889000036],[107.15802709900004,10.498347725000031],[107.15800499200009,10.498347231000025],[107.15799475000006,10.49835209400004],[107.15791147900006,10.498424991000036],[107.15765249800006,10.498658583000065],[107.15764024100008,10.498666788000037],[107.15758698300004,10.498713703000021],[107.15757155300008,10.498756800000024]]]},"properties":{"OBJECTID":299,"FID":298,"Shape_Leng":399.24037787999998,"Sothua":5,"So_To":71,"LoaidatHT":"TMD","Khuphomoi":"Khu phố Hương Giang","Sothuacu":5,"Sotocu":22,"Phuongcu":"phường Long Hương","Nguoisudun":"HTX NN QUYẾT THẮNG","Quyetdinh":"Quyết định 3693/QĐ-UBND","ID":"5.71","Shape_Length":0.0036284969012854301,"Shape_Area":3.4110237889119158e-07}},{"type":"Feature","id":300,"geometry":{"type":"Polygon","coordinates":[[[107.15795122900005,10.498803308000049],[107.15766519900006,10.499041318000025],[107.15757155300008,10.498756800000024],[107.15758698300004,10.498713703000021],[107.15764024100008,10.498666788000037],[107.15765249800006,10.498658583000065],[107.15791147900006,10.498424991000036],[107.15799475000006,10.49835209400004],[107.15800499200009,10.498347231000025],[107.15802709900004,10.498347725000031],[107.15804471300004,10.498356889000036],[107.15821808100009,10.498561632000076],[107.15811565500007,10.498666499000024],[107.15806761700009,10.49870646100004],[107.15795122900005,10.498803308000049]]]},"properties":{"OBJECTID":300,"FID":299,"Shape_Leng":214.11702039400001,"Sothua":1,"So_To":71,"LoaidatHT":"TMD","Khuphomoi":"Khu phố Hương Giang","Sothuacu":1,"Sotocu":22,"Phuongcu":"phường Long Hương","Nguoisudun":"HTX NN QUYẾT THẮNG","Quyetdinh":"Quyết định 3693/QĐ-UBND","ID":"1.71","Shape_Length":0.0019446497303241535,"Shape_Area":2.0575039027093372e-07}},{"type":"Feature","id":301,"geometry":{"type":"Polygon","coordinates":[[[107.15766519900006,10.499041318000025],[107.15757042800004,10.49910804600006],[107.15750638700007,10.498916435000069],[107.15750767200007,10.498913454000046],[107.15757155300008,10.498756800000024],[107.15766519900006,10.499041318000025]]]},"properties":{"OBJECTID":301,"FID":300,"Shape_Leng":87.223390778999999,"Sothua":271,"So_To":119,"LoaidatHT":"TMD","Khuphomoi":"Khu phố Hương Giang","Sothuacu":0,"Sotocu":13,"Phuongcu":"Phường Long Hương","Nguoisudun":"Hợp tác xã nông nghiệp Quyết Thắng","Quyetdinh":"Quyết định 3693/QĐ-UBND","ID":"271.119","Shape_Length":0.00078989305090987046,"Shape_Area":2.7955851004544065e-08}},{"type":"Feature","id":302,"geometry":{"type":"Polygon","coordinates":[[[107.16348004500009,10.499234285000057],[107.16344397100005,10.499242338000045],[107.16339403700005,10.499081377000039],[107.16338408400009,10.499016064000045],[107.16337848400008,10.498885382000026],[107.16340934200008,10.498876930000051],[107.16343142700003,10.498869612000021],[107.16343167200006,10.498870833000069],[107.16348200600004,10.49885753600006],[107.16348520100007,10.498856692000061],[107.16350019600009,10.49891006200005],[107.16354289900005,10.499054102000059],[107.16354491400006,10.499060897000049],[107.16353332400007,10.499064321000048],[107.16353881600008,10.499087737000025],[107.16355048100007,10.499126907000061],[107.16354650600005,10.499127560000034],[107.16356883300006,10.499214866000045],[107.16348004500009,10.499234285000057]]]},"properties":{"OBJECTID":302,"FID":301,"Shape_Leng":109.106717296,"Sothua":36,"So_To":133,"LoaidatHT":"ODT","Khuphomoi":"Khu phố Hương Điền","Sothuacu":0,"Sotocu":55,"Phuongcu":"Phường Long Hương","Nguoisudun":" ","Quyetdinh":"Quyết định 3693/QĐ-UBND","ID":"36.133","Shape_Length":0.0009890285493688116,"Shape_Area":4.8755475809036741e-08}},{"type":"Feature","id":303,"geometry":{"type":"Polygon","coordinates":[[[107.16160742600005,10.499240224000062],[107.16147479400007,10.499276757000075],[107.16146065000004,10.499221206000072],[107.16147423400008,10.499218054000039],[107.16153065100008,10.499206143000038],[107.16154837100004,10.499203111000043],[107.16159476000007,10.49919423700004],[107.16160742600005,10.499240224000062]]]},"properties":{"OBJECTID":303,"FID":302,"Shape_Leng":41.6745868657,"Sothua":78,"So_To":132,"LoaidatHT":"ODT","Khuphomoi":"Khu phố Hương Sơn","Sothuacu":0,"Sotocu":54,"Phuongcu":"Phường Long Hương","Nguoisudun":" ","Quyetdinh":"Quyết định 3693/QĐ-UBND","ID":"78.132","Shape_Length":0.00037940741911855113,"Shape_Area":7.2625712024193784e-09}},{"type":"Feature","id":304,"geometry":{"type":"Polygon","coordinates":[[[107.16161943900005,10.499283837000064],[107.16148592700006,10.499320615000045],[107.16147479400007,10.499276757000075],[107.16160742600005,10.499240224000062],[107.16161943900005,10.499283837000064]]]},"properties":{"OBJECTID":304,"FID":303,"Shape_Leng":40.2554603305,"Sothua":159,"So_To":132,"LoaidatHT":"ODT","Khuphomoi":"Khu phố Hương Sơn","Sothuacu":0,"Sotocu":54,"Phuongcu":"Phường Long Hương","Nguoisudun":" ","Quyetdinh":"Quyết định 3693/QĐ-UBND","ID":"159.132","Shape_Length":0.00036654256442211563,"Shape_Area":6.2441845546650882e-09}},{"type":"Feature","id":305,"geometry":{"type":"Polygon","coordinates":[[[107.16359770900004,10.499326586000052],[107.16347101200006,10.499353964000022],[107.16346256600008,10.499317667000071],[107.16345421200003,10.499281089000021],[107.16344397100005,10.499242338000045],[107.16348004500009,10.499234285000057],[107.16356883300006,10.499214866000045],[107.16359770900004,10.499326586000052]]]},"properties":{"OBJECTID":305,"FID":304,"Shape_Leng":53.667723958499998,"Sothua":20,"So_To":133,"LoaidatHT":"ODT","Khuphomoi":"Khu phố Hương Điền","Sothuacu":0,"Sotocu":55,"Phuongcu":"Phường Long Hương","Nguoisudun":" ","Quyetdinh":"Quyết định 3693/QĐ-UBND","ID":"20.133","Shape_Length":0.00048772939910138064,"Shape_Area":1.4775388629504372e-08}},{"type":"Feature","id":306,"geometry":{"type":"Polygon","coordinates":[[[107.16163145000007,10.499327452000045],[107.16149706000004,10.499364473000071],[107.16148592700006,10.499320615000045],[107.16161943900005,10.499283837000064],[107.16163145000007,10.499327452000045]]]},"properties":{"OBJECTID":306,"FID":305,"Shape_Leng":40.455327531099996,"Sothua":79,"So_To":132,"LoaidatHT":"ODT","Khuphomoi":"Khu phố Hương Sơn","Sothuacu":0,"Sotocu":54,"Phuongcu":"Phường Long Hương","Nguoisudun":" ","Quyetdinh":"Quyết định 3693/QĐ-UBND","ID":"79.132","Shape_Length":0.00036836843281813343,"Shape_Area":6.2855489266623821e-09}},{"type":"Feature","id":307,"geometry":{"type":"Polygon","coordinates":[[[107.16351498500006,10.499390789000074],[107.16348106900006,10.499398438000071],[107.16348028100003,10.499394432000031],[107.16347132000004,10.499355287000071],[107.16347101200006,10.499353964000022],[107.16359770900004,10.499326586000052],[107.16360856200004,10.499370583000029],[107.16351498500006,10.499390789000074]]]},"properties":{"OBJECTID":307,"FID":306,"Shape_Leng":38.5505337321,"Sothua":21,"So_To":133,"LoaidatHT":"ODT","Khuphomoi":"Khu phố Hương Điền","Sothuacu":0,"Sotocu":55,"Phuongcu":"Phường Long Hương","Nguoisudun":" ","Quyetdinh":"Quyết định 3693/QĐ-UBND","ID":"21.133","Shape_Length":0.00035103736299340195,"Shape_Area":5.8928874507532041e-09}},{"type":"Feature","id":308,"geometry":{"type":"Polygon","coordinates":[[[107.16164570900008,10.499370399000043],[107.16151043800005,10.499407661000021],[107.16149706000004,10.499364473000071],[107.16163145000007,10.499327452000045],[107.16164570900008,10.499370399000043]]]},"properties":{"OBJECTID":308,"FID":307,"Shape_Leng":40.6501683125,"Sothua":80,"So_To":132,"LoaidatHT":"ODT","Khuphomoi":"Khu phố Hương Sơn","Sothuacu":0,"Sotocu":54,"Phuongcu":"Phường Long Hương","Nguoisudun":" ","Quyetdinh":"Quyết định 3693/QĐ-UBND","ID":"80.132","Shape_Length":0.00037017000623312238,"Shape_Area":6.320052374563234e-09}},{"type":"Feature","id":309,"geometry":{"type":"Polygon","coordinates":[[[107.16355867400006,10.499436871000057],[107.16350365200009,10.499451371000021],[107.16349733700008,10.499447887000031],[107.16348106900006,10.499398438000071],[107.16351498500006,10.499390789000074],[107.16360856200004,10.499370583000029],[107.16361939300003,10.49942087200003],[107.16358055000006,10.499431107000021],[107.16355107500004,10.499420494000049],[107.16355867400006,10.499436871000057]]]},"properties":{"OBJECTID":309,"FID":308,"Shape_Leng":42.596326526200002,"Sothua":14,"So_To":133,"LoaidatHT":"ODT","Khuphomoi":"Khu phố Hương Điền","Sothuacu":0,"Sotocu":55,"Phuongcu":"Phường Long Hương","Nguoisudun":" ","Quyetdinh":"Quyết định 3693/QĐ-UBND","ID":"14.133","Shape_Length":0.00038766314990148988,"Shape_Area":6.7061720705136855e-09}},{"type":"Feature","id":310,"geometry":{"type":"Polygon","coordinates":[[[107.16165996900008,10.49941334500005],[107.16152355300005,10.499450922000051],[107.16151043800005,10.499407661000021],[107.16164570900008,10.499370399000043],[107.16165996900008,10.49941334500005]]]},"properties":{"OBJECTID":310,"FID":309,"Shape_Leng":40.8796369688,"Sothua":136,"So_To":132,"LoaidatHT":"ODT","Khuphomoi":"Khu phố Hương Sơn","Sothuacu":0,"Sotocu":54,"Phuongcu":"Phường Long Hương","Nguoisudun":" ","Quyetdinh":"Quyết định 3693/QĐ-UBND","ID":"136.132","Shape_Length":0.00037226301386352075,"Shape_Area":6.3675097123820256e-09}},{"type":"Feature","id":311,"geometry":{"type":"Polygon","coordinates":[[[107.16167422700005,10.499456291000058],[107.16153693300004,10.499494111000047],[107.16152355300005,10.499450922000051],[107.16165996900008,10.49941334500005],[107.16167422700005,10.499456291000058]]]},"properties":{"OBJECTID":311,"FID":310,"Shape_Leng":41.110220714599997,"Sothua":169,"So_To":132,"LoaidatHT":"ODT","Khuphomoi":"Khu phố Hương Sơn","Sothuacu":0,"Sotocu":54,"Phuongcu":"Phường Long Hương","Nguoisudun":" ","Quyetdinh":"Quyết định 3693/QĐ-UBND","ID":"169.132","Shape_Length":0.00037436974090603904,"Shape_Area":6.414958284173616e-09}},{"type":"Feature","id":312,"geometry":{"type":"Polygon","coordinates":[[[107.16168848700005,10.499499238000055],[107.16155031100004,10.499537300000043],[107.16153693300004,10.499494111000047],[107.16167422700005,10.499456291000058],[107.16168848700005,10.499499238000055]]]},"properties":{"OBJECTID":312,"FID":311,"Shape_Leng":41.310593558500003,"Sothua":54,"So_To":132,"LoaidatHT":"ODT","Khuphomoi":"Khu phố Hương Sơn","Sothuacu":0,"Sotocu":54,"Phuongcu":"Phường Long Hương","Nguoisudun":" ","Quyetdinh":"Quyết định 3693/QĐ-UBND","ID":"54.132","Shape_Length":0.00037619633097127608,"Shape_Area":6.4562776588918153e-09}},{"type":"Feature","id":313,"geometry":{"type":"Polygon","coordinates":[[[107.16170274700005,10.499542184000063],[107.16156369200007,10.499580489000039],[107.16155031100004,10.499537300000043],[107.16168848700005,10.499499238000055],[107.16170274700005,10.499542184000063]]]},"properties":{"OBJECTID":313,"FID":312,"Shape_Leng":41.5106409562,"Sothua":135,"So_To":132,"LoaidatHT":"ODT","Khuphomoi":"Khu phố Hương Sơn","Sothuacu":0,"Sotocu":54,"Phuongcu":"Phường Long Hương","Nguoisudun":" ","Quyetdinh":"Quyết định 3693/QĐ-UBND","ID":"135.132","Shape_Length":0.00037802283636884711,"Shape_Area":6.4975381082469292e-09}},{"type":"Feature","id":314,"geometry":{"type":"Polygon","coordinates":[[[107.16171700500007,10.49958513100006],[107.16157707000008,10.499623678000034],[107.16156369200007,10.499580489000039],[107.16170274700005,10.499542184000063],[107.16171700500007,10.49958513100006]]]},"properties":{"OBJECTID":314,"FID":313,"Shape_Leng":41.710580958900003,"Sothua":52,"So_To":132,"LoaidatHT":"ODT","Khuphomoi":"Khu phố Hương Sơn","Sothuacu":0,"Sotocu":54,"Phuongcu":"Phường Long Hương","Nguoisudun":" ","Quyetdinh":"Quyết định 3693/QĐ-UBND","ID":"52.132","Shape_Length":0.00037984690598411421,"Shape_Area":6.5387411270389726e-09}},{"type":"Feature","id":315,"geometry":{"type":"Polygon","coordinates":[[[107.16173126500007,10.499628078000057],[107.16159044900007,10.49966686700003],[107.16157707000008,10.499623678000034],[107.16171700500007,10.49958513100006],[107.16173126500007,10.499628078000057]]]},"properties":{"OBJECTID":315,"FID":314,"Shape_Leng":41.910698128999996,"Sothua":53,"So_To":132,"LoaidatHT":"ODT","Khuphomoi":"Khu phố Hương Sơn","Sothuacu":0,"Sotocu":54,"Phuongcu":"Phường Long Hương","Nguoisudun":" ","Quyetdinh":"Quyết định 3693/QĐ-UBND","ID":"53.132","Shape_Length":0.00038167413324203782,"Shape_Area":6.5800644588678831e-09}},{"type":"Feature","id":316,"geometry":{"type":"Polygon","coordinates":[[[107.16174552400008,10.499671023000076],[107.16160382800007,10.499710056000026],[107.16159044900007,10.49966686700003],[107.16173126500007,10.499628078000057],[107.16174552400008,10.499671023000076]]]},"properties":{"OBJECTID":316,"FID":315,"Shape_Leng":42.110878634700001,"Sothua":142,"So_To":132,"LoaidatHT":"ODT","Khuphomoi":"Khu phố Hương Sơn","Sothuacu":0,"Sotocu":54,"Phuongcu":"Phường Long Hương","Nguoisudun":" ","Quyetdinh":"Quyết định 3693/QĐ-UBND","ID":"142.132","Shape_Length":0.00038349875235427948,"Shape_Area":6.6211832618598401e-09}},{"type":"Feature","id":317,"geometry":{"type":"Polygon","coordinates":[[[107.16175978400008,10.499713970000073],[107.16161720800005,10.499753245000022],[107.16160382800007,10.499710056000026],[107.16174552400008,10.499671023000076],[107.16175978400008,10.499713970000073]]]},"properties":{"OBJECTID":317,"FID":316,"Shape_Leng":42.3109900862,"Sothua":134,"So_To":132,"LoaidatHT":"ODT","Khuphomoi":"Khu phố Hương Sơn","Sothuacu":0,"Sotocu":54,"Phuongcu":"Phường Long Hương","Nguoisudun":" ","Quyetdinh":"Quyết định 3693/QĐ-UBND","ID":"134.132","Shape_Length":0.00038532712969316694,"Shape_Area":6.6626215274732654e-09}},{"type":"Feature","id":318,"geometry":{"type":"Polygon","coordinates":[[[107.16177404300004,10.49975691700007],[107.16163058700005,10.499796433000029],[107.16161720800005,10.499753245000022],[107.16175978400008,10.499713970000073],[107.16177404300004,10.49975691700007]]]},"properties":{"OBJECTID":318,"FID":317,"Shape_Leng":42.510865438300002,"Sothua":133,"So_To":132,"LoaidatHT":"ODT","Khuphomoi":"Khu phố Hương Sơn","Sothuacu":0,"Sotocu":54,"Phuongcu":"Phường Long Hương","Nguoisudun":" ","Quyetdinh":"Quyết định 3693/QĐ-UBND","ID":"133.132","Shape_Length":0.00038715063491535256,"Shape_Area":6.7037479935404382e-09}},{"type":"Feature","id":319,"geometry":{"type":"Polygon","coordinates":[[[107.16178830200005,10.499799864000067],[107.16164396500005,10.499839623000071],[107.16163058700005,10.499796433000029],[107.16177404300004,10.49975691700007],[107.16178830200005,10.499799864000067]]]},"properties":{"OBJECTID":319,"FID":318,"Shape_Leng":42.711116916899996,"Sothua":168,"So_To":132,"LoaidatHT":"ODT","Khuphomoi":"Khu phố Hương Sơn","Sothuacu":0,"Sotocu":54,"Phuongcu":"Phường Long Hương","Nguoisudun":" ","Quyetdinh":"Quyết định 3693/QĐ-UBND","ID":"168.132","Shape_Length":0.00038897855064729588,"Shape_Area":6.7451372065508818e-09}},{"type":"Feature","id":320,"geometry":{"type":"Polygon","coordinates":[[[107.16181607900006,10.499871775000031],[107.16181251600005,10.499872794000055],[107.16180256200005,10.499842809000029],[107.16178830200005,10.499799864000067],[107.16177404300004,10.49975691700007],[107.16175978400008,10.499713970000073],[107.16174552400008,10.499671023000076],[107.16173126500007,10.499628078000057],[107.16171700500007,10.49958513100006],[107.16170274700005,10.499542184000063],[107.16168848700005,10.499499238000055],[107.16167422700005,10.499456291000058],[107.16165996900008,10.49941334500005],[107.16164570900008,10.499370399000043],[107.16163145000007,10.499327452000045],[107.16161943900005,10.499283837000064],[107.16160742600005,10.499240224000062],[107.16159476000007,10.49919423700004],[107.16159739100004,10.499193736000052],[107.16160058100007,10.499193009000066],[107.16162100700006,10.499188716000049],[107.16165639400003,10.499181178000072],[107.16167931400008,10.499177333000034],[107.16170088300004,10.499172445000056],[107.16173550400003,10.499163911000039],[107.16173821900009,10.499163352000039],[107.16177534200006,10.499155722000069],[107.16178264800004,10.499151820000066],[107.16178572300004,10.499149276000026],[107.16178656500006,10.499148582000032],[107.16178984200008,10.499144655000066],[107.16179469600007,10.499138272000039],[107.16179816100004,10.499132130000021],[107.16180098600006,10.499126186000069],[107.16180242900003,10.499121858000024],[107.16180318500005,10.499118189000058],[107.16180304900007,10.499112629000024],[107.16180016100009,10.499098953000043],[107.16179653400008,10.49908941700005],[107.16179168200006,10.499075259000051],[107.16177980500004,10.499041558000044],[107.16175106100007,10.498956446000022],[107.16203702200005,10.498889339000073],[107.16207404200009,10.499003697000035],[107.16207621200004,10.499010725000062],[107.16208076300006,10.499024386000031],[107.16208497300005,10.499034764000044],[107.16209084900004,10.499043509000046],[107.16209439600004,10.499047186000041],[107.16210041600004,10.499052061000043],[107.16210578000005,10.499056483000061],[107.16211690200004,10.499063338000042],[107.16212475500004,10.499065767000047],[107.16213074400008,10.499067460000049],[107.16213792500008,10.499067545000059],[107.16216116400005,10.499062630000026],[107.16216835800009,10.499061110000071],[107.16218319200004,10.49905775600007],[107.16223874900004,10.499045952000074],[107.16233705100007,10.49902518600004],[107.16235744800008,10.499087124000027],[107.16244254800006,10.499345511000058],[107.16245402800007,10.499380368000061],[107.16246428300008,10.499411504000022],[107.16256012800005,10.499704641000051],[107.16246147200007,10.499724539000056],[107.16199210300005,10.499821668000038],[107.16197941600007,10.499825090000058],[107.16191988300005,10.499842105000027],[107.16187239000004,10.499855685000057],[107.16181607900006,10.499871775000031]]]},"properties":{"OBJECTID":320,"FID":319,"Shape_Leng":364.77943380699998,"Sothua":81,"So_To":132,"LoaidatHT":"DCH","Khuphomoi":"Khu phố Hương Sơn","Sothuacu":0,"Sotocu":54,"Phuongcu":"Phường Long Hương","Nguoisudun":"Chợ Long Hương","Quyetdinh":" ","ID":"81.132","Shape_Length":0.0033135121681502878,"Shape_Area":6.0012707857838062e-07}},{"type":"Feature","id":321,"geometry":{"type":"Polygon","coordinates":[[[107.16180256200005,10.499842809000029],[107.16165734400005,10.499882811000077],[107.16164396500005,10.499839623000071],[107.16178830200005,10.499799864000067],[107.16180256200005,10.499842809000029]]]},"properties":{"OBJECTID":321,"FID":320,"Shape_Leng":42.911230981199999,"Sothua":30,"So_To":132,"LoaidatHT":"ODT","Khuphomoi":"Khu phố Hương Sơn","Sothuacu":0,"Sotocu":54,"Phuongcu":"Phường Long Hương","Nguoisudun":" ","Quyetdinh":"Quyết định 3693/QĐ-UBND","ID":"30.132","Shape_Length":0.00039080314945628286,"Shape_Area":6.7861887713347517e-09}},{"type":"Feature","id":322,"geometry":{"type":"Polygon","coordinates":[[[107.16165734400005,10.499882811000077],[107.16166181500006,10.499897240000053],[107.16165106700004,10.499892018000025],[107.16164065100008,10.49985851100007],[107.16163834000008,10.49984874200004],[107.16162729700005,10.499814311000023],[107.16162304300008,10.499798228000031],[107.16161015900008,10.499755665000066],[107.16160173700007,10.499726122000027],[107.16159745300007,10.49971172000005],[107.16158454500004,10.499668353000061],[107.16157169900004,10.499625158000072],[107.16155702700007,10.499577023000029],[107.16154179600005,10.499525144000074],[107.16151843800009,10.499447275000023],[107.16150625100005,10.499408284000026],[107.16149429300003,10.49936499100005],[107.16148479700007,10.49933311500007],[107.16148572000009,10.499332672000037],[107.16145205200007,10.499223203000042],[107.16146065000004,10.499221206000072],[107.16147479400007,10.499276757000075],[107.16148592700006,10.499320615000045],[107.16149706000004,10.499364473000071],[107.16151043800005,10.499407661000021],[107.16152355300005,10.499450922000051],[107.16153693300004,10.499494111000047],[107.16155031100004,10.499537300000043],[107.16156369200007,10.499580489000039],[107.16157707000008,10.499623678000034],[107.16159044900007,10.49966686700003],[107.16160382800007,10.499710056000026],[107.16161720800005,10.499753245000022],[107.16163058700005,10.499796433000029],[107.16164396500005,10.499839623000071],[107.16165734400005,10.499882811000077]]]},"properties":{"OBJECTID":322,"FID":321,"Shape_Leng":157.51168755500001,"Sothua":160,"So_To":132,"LoaidatHT":"ODT","Khuphomoi":"Khu phố Hương Sơn","Sothuacu":0,"Sotocu":54,"Phuongcu":"Phường Long Hương","Nguoisudun":" ","Quyetdinh":"Quyết định 3693/QĐ-UBND","ID":"160.132","Shape_Length":0.0014249741588588708,"Shape_Area":4.0680794328630289e-09}},{"type":"Feature","id":323,"geometry":{"type":"Polygon","coordinates":[[[107.16172701900007,10.499897267000051],[107.16168548600007,10.499908745000027],[107.16166181500006,10.499897240000053],[107.16165734400005,10.499882811000077],[107.16180256200005,10.499842809000029],[107.16181251600005,10.499872794000055],[107.16179079200003,10.499879132000046],[107.16174444200004,10.499891884000021],[107.16172701900007,10.499897267000051]]]},"properties":{"OBJECTID":323,"FID":322,"Shape_Leng":39.023565160300002,"Sothua":167,"So_To":132,"LoaidatHT":"ODT","Khuphomoi":"Khu phố Hương Sơn","Sothuacu":0,"Sotocu":54,"Phuongcu":"Phường Long Hương","Nguoisudun":" ","Quyetdinh":"Quyết định 3693/QĐ-UBND","ID":"167.132","Shape_Length":0.00035567280030863774,"Shape_Area":4.6833939115131476e-09}},{"type":"Feature","id":324,"geometry":{"type":"Polygon","coordinates":[[[107.12912439600007,10.49981209200007],[107.12910252800003,10.500016550000055],[107.12902977000005,10.500009129000034],[107.12905104100008,10.499805593000076],[107.12912439600007,10.49981209200007]]]},"properties":{"OBJECTID":324,"FID":323,"Shape_Leng":61.460770831399998,"Sothua":763,"So_To":14,"LoaidatHT":"DBV","Khuphomoi":"Khu phố Kim Hải","Sothuacu":0,"Sotocu":14,"Phuongcu":"Phường Kim Dinh","Nguoisudun":"Bưu điện","Quyetdinh":" ","ID":"763.14","Shape_Length":0.00055704640732999076,"Shape_Area":1.5053430545872084e-08}},{"type":"Feature","id":325,"geometry":{"type":"Polygon","coordinates":[[[107.12900164500007,10.500020991000042],[107.12890807600007,10.500022788000024],[107.12889737800003,10.499789000000021],[107.12902401600007,10.499802367000029],[107.12900164500007,10.500020991000042]]]},"properties":{"OBJECTID":325,"FID":324,"Shape_Leng":74.398329125199993,"Sothua":774,"So_To":14,"LoaidatHT":"DCH","Khuphomoi":"Khu phố Kim Hải","Sothuacu":0,"Sotocu":14,"Phuongcu":"Phường Kim Dinh","Nguoisudun":"Chợ Kim Hải","Quyetdinh":" ","ID":"774.14","Shape_Length":0.00067472599265091756,"Shape_Area":2.4939836478930753e-08}},{"type":"Feature","id":326,"geometry":{"type":"Polygon","coordinates":[[[107.16383893600005,10.500302164000061],[107.16375897800003,10.500351073000047],[107.16371644700007,10.500301938000064],[107.16364224100005,10.50021620900003],[107.16365155900007,10.500182294000069],[107.16372750000005,10.500111479000054],[107.16384808800007,10.500296567000021],[107.16383893600005,10.500302164000061]]]},"properties":{"OBJECTID":326,"FID":325,"Shape_Leng":70.800024157099998,"Sothua":2,"So_To":133,"LoaidatHT":"DVH","Khuphomoi":"Khu phố Hương Sơn","Sothuacu":0,"Sotocu":55,"Phuongcu":"Phường Long Hương","Nguoisudun":"Trụ sở KP Hương Sơn","Quyetdinh":"Quyết định 3693/QĐ-UBND","ID":"2.133","Shape_Length":0.00064274025260658901,"Shape_Area":2.4352909942882505e-08}},{"type":"Feature","id":327,"geometry":{"type":"Polygon","coordinates":[[[107.14884482500008,10.500416992000055],[107.14884786000005,10.500453523000033],[107.14878857300005,10.500452236000058],[107.14878390800004,10.50040819700007],[107.14884482500008,10.500416992000055]]]},"properties":{"OBJECTID":327,"FID":326,"Shape_Leng":22.189193077300001,"Sothua":244,"So_To":18,"LoaidatHT":"DCH","Khuphomoi":"Khu phố Núi Dinh","Sothuacu":0,"Sotocu":18,"Phuongcu":"Phường Kim Dinh","Nguoisudun":"Nghĩa trang khu phố Hải Dinh","Quyetdinh":" ","ID":"244.18","Shape_Length":0.00020179183682949905,"Shape_Area":2.4018012199526697e-09}},{"type":"Feature","id":328,"geometry":{"type":"Polygon","coordinates":[[[107.14883297800009,10.500486468000076],[107.14878947600005,10.500495074000071],[107.14877124200007,10.500406343000066],[107.14878390800004,10.50040819700007],[107.14878857300005,10.500452236000058],[107.14884786000005,10.500453523000033],[107.14884482500008,10.500416992000055],[107.14884568700006,10.500417116000051],[107.14884612200007,10.500421542000026],[107.14884935200007,10.500456826000061],[107.14882963300005,10.500458905000073],[107.14883297800009,10.500486468000076]]]},"properties":{"OBJECTID":328,"FID":327,"Shape_Leng":41.476722557899997,"Sothua":1061,"So_To":18,"LoaidatHT":"DCH","Khuphomoi":"Khu phố Núi Dinh","Sothuacu":0,"Sotocu":18,"Phuongcu":"Phường Kim Dinh","Nguoisudun":"Chợ Núi Dinh","Quyetdinh":" ","ID":"1061.18","Shape_Length":0.00037631768160304406,"Shape_Area":2.3604771050720387e-09}},{"type":"Feature","id":329,"geometry":{"type":"Polygon","coordinates":[[[107.14897376300007,10.500488534000056],[107.14854088500005,10.500567782000076],[107.14850909000006,10.500432286000034],[107.14850468100008,10.500411619000033],[107.14853632300009,10.500404048000064],[107.14852775300005,10.500357299000029],[107.14869531100004,10.500375246000033],[107.14876694100008,10.500385417000075],[107.14877124200007,10.500406343000066],[107.14878947600005,10.500495074000071],[107.14883297800009,10.500486468000076],[107.14882963300005,10.500458905000073],[107.14884935200007,10.500456826000061],[107.14884612200007,10.500421542000026],[107.14884568700006,10.500417116000051],[107.14884382900004,10.500398193000024],[107.14896323200009,10.500416465000058],[107.14897376300007,10.500488534000056]]]},"properties":{"OBJECTID":329,"FID":328,"Shape_Leng":151.41487368099999,"Sothua":789,"So_To":18,"LoaidatHT":"ODT","Khuphomoi":"Khu phố Núi Dinh","Sothuacu":0,"Sotocu":18,"Phuongcu":"Phường Kim Dinh","Nguoisudun":" ","Quyetdinh":"Quyết định 3693/QĐ-UBND","ID":"789.18","Shape_Length":0.0013777162722424332,"Shape_Area":5.8368505235656665e-08}},{"type":"Feature","id":330,"geometry":{"type":"Polygon","coordinates":[[[107.13493759200009,10.501238684000043],[107.13469472600008,10.50126012000004],[107.13468183700007,10.501259391000076],[107.13466641200006,10.50125249000007],[107.13465986100005,10.501238896000075],[107.13462011600006,10.500645860000077],[107.13462266900007,10.500629536000076],[107.13462864600007,10.500619431000075],[107.13463658500007,10.500614854000048],[107.13487797900007,10.500593758000036],[107.13489992900008,10.500599732000069],[107.13491121000004,10.500613975000022],[107.13497369200007,10.501203847000056],[107.13497218300006,10.501218318000042],[107.13496178500009,10.501228470000058],[107.13494950000006,10.501232134000077],[107.13493740900009,10.501233983000077],[107.13493759200009,10.501238684000043]]]},"properties":{"OBJECTID":330,"FID":329,"Shape_Leng":204.64609554,"Sothua":815,"So_To":15,"LoaidatHT":"DCH","Khuphomoi":"Khu phố Kim Hải","Sothuacu":0,"Sotocu":15,"Phuongcu":"Phường Kim Dinh","Nguoisudun":"Chợ Kim Dinh","Quyetdinh":" ","ID":"815.15","Shape_Length":0.0018557424635117377,"Shape_Area":1.9613681917855723e-07}},{"type":"Feature","id":331,"geometry":{"type":"Polygon","coordinates":[[[107.13030571500008,10.501745837000044],[107.13029546100006,10.501921910000021],[107.13009842600007,10.501911933000031],[107.13010515300004,10.501745011000025],[107.13030571500008,10.501745837000044]]]},"properties":{"OBJECTID":331,"FID":330,"Shape_Leng":81.560302808700001,"Sothua":118,"So_To":15,"LoaidatHT":"DVH","Khuphomoi":"Khu phố Kim Hải","Sothuacu":0,"Sotocu":15,"Phuongcu":"Phường Kim Dinh","Nguoisudun":"Nhà văn hóa khu phố 2","Quyetdinh":" ","ID":"118.15","Shape_Length":0.00074127995961877904,"Shape_Area":3.4139307189239178e-08}},{"type":"Feature","id":332,"geometry":{"type":"Polygon","coordinates":[[[107.16186108600004,10.502134366000064],[107.16185948400005,10.502134373000047],[107.16185787400008,10.502134349000073],[107.16185626100008,10.502134298000044],[107.16185464400007,10.502134217000048],[107.16185302300005,10.502134109000053],[107.16185139900006,10.502133970000045],[107.16184977200004,10.502133803000049],[107.16184814500008,10.502133607000076],[107.16184651700007,10.502133379000043],[107.16184488900006,10.502133123000021],[107.16184326300004,10.502132838000023],[107.16184163800006,10.502132520000032],[107.16184001700009,10.502132175000042],[107.16183839800004,10.502131800000029],[107.16183678500005,10.50213139400006],[107.16183517700006,10.502130959000056],[107.16183357500006,10.502130493000038],[107.16183198100003,10.502129998000044],[107.16183039400005,10.502129472000036],[107.16182881500004,10.502128920000075],[107.16182724600009,10.502128337000045],[107.16182568700003,10.502127725000037],[107.16182414000008,10.502127085000041],[107.16182260300008,10.502126417000056],[107.16182108200007,10.502125720000038],[107.16181957300006,10.502124997000067],[107.16181807700008,10.502124245000061],[107.16181659800009,10.502123467000047],[107.16181513200007,10.502122664000069],[107.16181368500008,10.502121834000036],[107.16181225400004,10.50212097800005],[107.16181084100003,10.502120099000024],[107.16180944600006,10.502119194000045],[107.16180807100005,10.502118267000071],[107.16180671600006,10.502117315000021],[107.16180538000003,10.502116342000022],[107.16180406500007,10.502115347000029],[107.16180277100005,10.50211433000004],[107.16180150000008,10.502113292000047],[107.16180025000006,10.502112235000027],[107.16179902300007,10.502111158000048],[107.16179782000006,10.502110062000042],[107.16179664000003,10.502108950000036],[107.16179548400004,10.502107819000059],[107.16179435200007,10.502106673000071],[107.16179324400008,10.502105510000035],[107.16179216400008,10.502104333000034],[107.16179110600007,10.502103140000031],[107.16179007400007,10.502101936000031],[107.16178906700009,10.502100719000055],[107.16178808700005,10.502099488000056],[107.16178713200009,10.502098248000038],[107.16178620400007,10.502096996000034],[107.16178530000008,10.502095734000022],[107.16178442400007,10.502094463000049],[107.16178357300004,10.502093184000046],[107.16178275000004,10.50209189800006],[107.16178195200007,10.502090603000056],[107.16178118000005,10.502089303000048],[107.16178043500008,10.502087999000025],[107.16177975400007,10.502086759000065],[107.16147920600008,10.50133747700005],[107.16169264100006,10.501242002000026],[107.16169028100006,10.501237928000023],[107.16200921800004,10.501096630000063],[107.16201094800005,10.501099616000033],[107.16210192300008,10.501058743000044],[107.16210856100008,10.501055592000057],[107.16217707800007,10.501205576000075],[107.16222497500007,10.501312647000077],[107.16226957000003,10.501412065000068],[107.16227702900005,10.501428877000023],[107.16230717000008,10.501495431000023],[107.16231568900008,10.50148844000006],[107.16235392900006,10.50157224000003],[107.16234538100008,10.501579249000031],[107.16235524000007,10.501602793000075],[107.16247006200007,10.501857598000072],[107.16244982300009,10.501911632000031],[107.16231527000008,10.501972671000033],[107.16231385200007,10.501973294000038],[107.16226229500006,10.501995898000075],[107.16221017200007,10.502017240000043],[107.16215753500006,10.502037303000066],[107.16210442900007,10.502056067000069],[107.16210252600007,10.502056741000047],[107.16188092200008,10.502131958000064],[107.16187961800006,10.50213225400006],[107.16187813500005,10.502132566000057],[107.16187664000006,10.50213285500007],[107.16187513200003,10.502133119000064],[107.16187361100003,10.502133359000027],[107.16187207900003,10.502133577000052],[107.16187053700008,10.502133767000032],[107.16186898600006,10.502133933000039],[107.16186742200006,10.502134073000036],[107.16186585000008,10.50213418800007],[107.16186426900003,10.50213427500006],[107.16186268200005,10.502134335000051],[107.16186108600004,10.502134366000064]]]},"properties":{"OBJECTID":332,"FID":331,"Shape_Leng":351.74958009400001,"Sothua":44,"So_To":128,"LoaidatHT":"DGD","Khuphomoi":"Khu phố Hương Sơn","Sothuacu":44,"Sotocu":51,"Phuongcu":"Phường Long Hương","Nguoisudun":"Trường mầm non Long Hương","Quyetdinh":" ","ID":"44.128","Shape_Length":0.0031943813951059957,"Shape_Area":6.4495287517023288e-07}},{"type":"Feature","id":333,"geometry":{"type":"Polygon","coordinates":[[[107.15549699800005,10.502171609000072],[107.15548695400008,10.50217344400005],[107.15547562900008,10.502141055000038],[107.15545176300009,10.502093554000055],[107.15543590400006,10.502060551000056],[107.15541973400008,10.502022331000035],[107.15541304000004,10.502004996000039],[107.15540875700009,10.501985242000046],[107.15540988900005,10.501973889000055],[107.15541711200007,10.501961435000055],[107.15544014700004,10.501945872000022],[107.15546815700009,10.501927391000038],[107.15549088200004,10.501913627000022],[107.15550041600005,10.501906096000027],[107.15551130200004,10.501905899000064],[107.15552910100007,10.501913907000073],[107.15557998200006,10.501942464000024],[107.15566741400005,10.501991838000038],[107.15569984800004,10.502004864000071],[107.15563215300006,10.502095492000024],[107.15562422400006,10.502105295000035],[107.15560768800009,10.502121421000027],[107.15559343500007,10.502134847000036],[107.15557765600005,10.502148877000025],[107.15556296800008,10.502163170000074],[107.15549699800005,10.502171609000072]]]},"properties":{"OBJECTID":333,"FID":332,"Shape_Leng":92.552177515599993,"Sothua":75,"So_To":119,"LoaidatHT":"LUC","Khuphomoi":"Khu phố Hương Sơn","Sothuacu":75,"Sotocu":13,"Phuongcu":"Phường Long Hương","Nguoisudun":"Nguyễn Văn Dự","Quyetdinh":"Quyết định 3693/QĐ-UBND","ID":"75.119","Shape_Length":0.00084111063827023436,"Shape_Area":4.6713875907286974e-08}},{"type":"Feature","id":334,"geometry":{"type":"Polygon","coordinates":[[[107.15571226400004,10.502341967000064],[107.15569238100005,10.502363068000022],[107.15564405500004,10.502286544000071],[107.15556296800008,10.502163170000074],[107.15557765600005,10.502148877000025],[107.15559343500007,10.502134847000036],[107.15560768800009,10.502121421000027],[107.15562422400006,10.502105295000035],[107.15563215300006,10.502095492000024],[107.15569984800004,10.502004864000071],[107.15574596800008,10.502032625000027],[107.15577806200008,10.502050866000047],[107.15581098100006,10.502066976000037],[107.15583894900004,10.502082778000045],[107.15586867800005,10.502097779000053],[107.15591373900008,10.502118323000047],[107.15594542500008,10.502131166000026],[107.15593890700006,10.502143486000023],[107.15592679800005,10.502158490000056],[107.15590086700007,10.502184372000045],[107.15584763000004,10.502233673000035],[107.15579578400008,10.502277063000065],[107.15573909300008,10.502320572000031],[107.15571226400004,10.502341967000064]]]},"properties":{"OBJECTID":334,"FID":333,"Shape_Leng":117.684174016,"Sothua":69,"So_To":119,"LoaidatHT":"LUC","Khuphomoi":"Khu phố Hương Sơn","Sothuacu":69,"Sotocu":13,"Phuongcu":"Phường Long Hương","Nguoisudun":"Nguyễn Văn Dự","Quyetdinh":"Quyết định 3693/QĐ-UBND","ID":"69.119","Shape_Length":0.0010694803226193145,"Shape_Area":6.8135672218569953e-08}},{"type":"Feature","id":335,"geometry":{"type":"Polygon","coordinates":[[[107.15621839000005,10.502633767000077],[107.15620722600005,10.502633927000034],[107.15618143800003,10.502626971000041],[107.15615297400007,10.502621855000029],[107.15612047200005,10.502618711000025],[107.15607812400003,10.502612059000057],[107.15602850600004,10.502604055000063],[107.15598547100006,10.502593821000062],[107.15594354900009,10.502585398000065],[107.15589796500007,10.502574843000048],[107.15587841700005,10.502570277000075],[107.15587407300006,10.502569527000048],[107.15585355000007,10.502550566000025],[107.15581814800004,10.502513132000047],[107.15577629200004,10.50246284900004],[107.15573069600003,10.502406067000038],[107.15571518100006,10.502386690000037],[107.15569238100005,10.502363068000022],[107.15571226400004,10.502341967000064],[107.15573909300008,10.502320572000031],[107.15579578400008,10.502277063000065],[107.15584763000004,10.502233673000035],[107.15590086700007,10.502184372000045],[107.15592679800005,10.502158490000056],[107.15593890700006,10.502143486000023],[107.15594542500008,10.502131166000026],[107.15597703900005,10.502147400000069],[107.15603128100008,10.502174507000063],[107.15608973100007,10.502199209000025],[107.15613241500006,10.502217579000046],[107.15616763900005,10.502232074000062],[107.15619331900007,10.502242013000057],[107.15619193900005,10.502270535000036],[107.15619056200006,10.502288588000056],[107.15619039600006,10.502314436000063],[107.15619102200009,10.50234451700004],[107.15619213300005,10.502380882000068],[107.15619448800004,10.502415451000047],[107.15619708300005,10.502445617000035],[107.15620185800009,10.502494801000068],[107.15620584900006,10.50252520500004],[107.15621083600007,10.502557283000044],[107.15621788200008,10.502592927000023],[107.15621835800005,10.502623424000035],[107.15621839000005,10.502633767000077]]]},"properties":{"OBJECTID":335,"FID":334,"Shape_Leng":180.05011303699999,"Sothua":57,"So_To":119,"LoaidatHT":"LUC","Khuphomoi":"Khu phố Hương Sơn","Sothuacu":57,"Sotocu":13,"Phuongcu":"Phường Long Hương","Nguoisudun":"Nguyễn Văn Dự","Quyetdinh":"Quyết định 3693/QĐ-UBND","ID":"57.119","Shape_Length":0.0016363535298382808,"Shape_Area":1.6881070080067212e-07}},{"type":"Feature","id":336,"geometry":{"type":"Polygon","coordinates":[[[107.15642474200007,10.50265905200007],[107.15641380500006,10.502663922000067],[107.15640185800004,10.502663186000063],[107.15637189200004,10.502656792000039],[107.15631271700005,10.502649918000031],[107.15627153400004,10.502645222000069],[107.15623720900004,10.50263764500005],[107.15621839000005,10.502633767000077],[107.15621835800005,10.502623424000035],[107.15621788200008,10.502592927000023],[107.15621083600007,10.502557283000044],[107.15620584900006,10.50252520500004],[107.15620185800009,10.502494801000068],[107.15619708300005,10.502445617000035],[107.15619448800004,10.502415451000047],[107.15619213300005,10.502380882000068],[107.15619102200009,10.50234451700004],[107.15619039600006,10.502314436000063],[107.15619056200006,10.502288588000056],[107.15619193900005,10.502270535000036],[107.15619331900007,10.502242013000057],[107.15621359500005,10.502248534000046],[107.15624537200006,10.502265961000035],[107.15628398800004,10.502286014000049],[107.15631615400008,10.50230390300004],[107.15633842300008,10.502322425000045],[107.15634906100007,10.502331079000044],[107.15635552500004,10.502332122000041],[107.15637063400004,10.502390610000077],[107.15638281400004,10.502442836000057],[107.15641277100008,10.502573835000021],[107.15642976800007,10.50265623100006],[107.15642474200007,10.50265905200007]]]},"properties":{"OBJECTID":336,"FID":335,"Shape_Leng":124.493438471,"Sothua":52,"So_To":119,"LoaidatHT":"LUC","Khuphomoi":"Khu phố Hương Sơn","Sothuacu":52,"Sotocu":13,"Phuongcu":"Phường Long Hương","Nguoisudun":"Nguyễn Văn Dự","Quyetdinh":"Quyết định 3693/QĐ-UBND","ID":"52.119","Shape_Length":0.0011289927710121058,"Shape_Area":6.8669849482541144e-08}},{"type":"Feature","id":337,"geometry":{"type":"Polygon","coordinates":[[[107.15638598200007,10.502677795000068],[107.15638148800008,10.502767392000067],[107.15626351300006,10.50273706400003],[107.15628670800004,10.502666614000077],[107.15628877000006,10.50266707000003],[107.15630355600007,10.502665570000033],[107.15632842200006,10.502668808000067],[107.15634693400006,10.502669611000044],[107.15636832200005,10.502674009000032],[107.15638428100004,10.502677474000052],[107.15638598200007,10.502677795000068]]]},"properties":{"OBJECTID":337,"FID":336,"Shape_Leng":42.475059211599998,"Sothua":139,"So_To":114,"LoaidatHT":"LUC","Khuphomoi":"Khu phố Hương Sơn","Sothuacu":139,"Sotocu":41,"Phuongcu":"Phường Long Hương","Nguoisudun":" ","Quyetdinh":"Quyết định 3693/QĐ-UBND","ID":"139.114","Shape_Length":0.0003861670525126575,"Shape_Area":9.2008270614084099e-09}},{"type":"Feature","id":338,"geometry":{"type":"Polygon","coordinates":[[[107.14552441100005,10.502790482000023],[107.14550272800005,10.502797384000075],[107.14549051100005,10.502756214000044],[107.14549999900004,10.502753601000052],[107.14549939400007,10.502712392000035],[107.14561157400004,10.502677480000045],[107.14570992200004,10.502648112000031],[107.14577976700008,10.502627342000039],[107.14581215700008,10.502709840000023],[107.14556913600006,10.502777990000027],[107.14556191400004,10.502780852000058],[107.14552413900009,10.502789532000065],[107.14552441100005,10.502790482000023]]]},"properties":{"OBJECTID":338,"FID":337,"Shape_Leng":87.648448451999997,"Sothua":177,"So_To":50,"LoaidatHT":"ODT","Khuphomoi":"Khu phố Hải Dinh","Sothuacu":0,"Sotocu":50,"Phuongcu":"Phường Kim Dinh","Nguoisudun":" ","Quyetdinh":"Quyết định 3693/QĐ-UBND","ID":"177.50","Shape_Length":0.00079828856075138182,"Shape_Area":2.6507308426591404e-08}},{"type":"Feature","id":339,"geometry":{"type":"Polygon","coordinates":[[[107.15499982900008,10.502557656000022],[107.15452307400005,10.502830672000073],[107.15447406900006,10.502740757000026],[107.15491957400008,10.502489897000032],[107.15495734400008,10.502469390000044],[107.15497512900004,10.502503562000072],[107.15499982900008,10.502557656000022]]]},"properties":{"OBJECTID":339,"FID":338,"Shape_Leng":143.280501192,"Sothua":80,"So_To":114,"LoaidatHT":"CLN","Khuphomoi":"Khu phố Hương Sơn","Sothuacu":80,"Sotocu":41,"Phuongcu":"Phường Long Hương","Nguoisudun":" ","Quyetdinh":"Quyết định 3693/QĐ-UBND","ID":"80.114","Shape_Length":0.0013040412774707358,"Shape_Area":5.5444688809830351e-08}},{"type":"Feature","id":340,"geometry":{"type":"Polygon","coordinates":[[[107.15506411500007,10.502849212000058],[107.15503472200004,10.502856187000077],[107.15496403800006,10.502686192000056],[107.15496475000003,10.50268578500004],[107.15504154300004,10.502643318000025],[107.15505606000005,10.502676390000033],[107.15507083100005,10.502710584000056],[107.15508635700007,10.502746434000073],[107.15510143900008,10.502779923000048],[107.15511366000004,10.502824800000042],[107.15506786500003,10.50284737100003],[107.15506411500007,10.502849212000058]]]},"properties":{"OBJECTID":340,"FID":339,"Shape_Leng":61.050145139900003,"Sothua":78,"So_To":114,"LoaidatHT":"CLN","Khuphomoi":"Khu phố Hương Sơn","Sothuacu":78,"Sotocu":41,"Phuongcu":"Phường Long Hương","Nguoisudun":" ","Quyetdinh":"Quyết định 3693/QĐ-UBND","ID":"78.114","Shape_Length":0.00055379308358246583,"Shape_Area":1.7073110714181705e-08}},{"type":"Feature","id":341,"geometry":{"type":"Polygon","coordinates":[[[107.14582624800005,10.502745778000076],[107.14550004700004,10.502840624000044],[107.14549264800007,10.502822372000026],[107.14548586200004,10.502802551000059],[107.14550272800005,10.502797384000075],[107.14552441100005,10.502790482000023],[107.14552413900009,10.502789532000065],[107.14556191400004,10.502780852000058],[107.14556913600006,10.502777990000027],[107.14581215700008,10.502709840000023],[107.14582624800005,10.502745778000076]]]},"properties":{"OBJECTID":341,"FID":340,"Shape_Leng":83.276874984399996,"Sothua":172,"So_To":50,"LoaidatHT":"ODT","Khuphomoi":"Khu phố Hải Dinh","Sothuacu":0,"Sotocu":50,"Phuongcu":"Phường Kim Dinh","Nguoisudun":" ","Quyetdinh":"Quyết định 3693/QĐ-UBND","ID":"172.50","Shape_Length":0.00075926338979662969,"Shape_Area":1.3584227562623853e-08}},{"type":"Feature","id":342,"geometry":{"type":"Polygon","coordinates":[[[107.14551587300008,10.502872948000061],[107.14551352400008,10.502873865000026],[107.14550004700004,10.502840624000044],[107.14582624800005,10.502745778000076],[107.14584092900009,10.502783427000054],[107.14565628000008,10.502834691000032],[107.14551587300008,10.502872948000061]]]},"properties":{"OBJECTID":342,"FID":341,"Shape_Leng":82.877542347000002,"Sothua":170,"So_To":50,"LoaidatHT":"ODT","Khuphomoi":"Khu phố Hải Dinh","Sothuacu":0,"Sotocu":50,"Phuongcu":"Phường Kim Dinh","Nguoisudun":" ","Quyetdinh":"Quyết định 3693/QĐ-UBND","ID":"170.50","Shape_Length":0.00075566965116744488,"Shape_Area":1.2910797117407664e-08}},{"type":"Feature","id":343,"geometry":{"type":"Polygon","coordinates":[[[107.15460282500004,10.502884761000075],[107.15456423300009,10.502910800000052],[107.15452307400005,10.502830672000073],[107.15499982900008,10.502557656000022],[107.15500408200006,10.502564607000068],[107.15502594000009,10.502609411000037],[107.15504154300004,10.502643318000025],[107.15496475000003,10.50268578500004],[107.15496403800006,10.502686192000056],[107.15496342700004,10.502684725000051],[107.15460282500004,10.502884761000075]]]},"properties":{"OBJECTID":343,"FID":342,"Shape_Leng":141.062806067,"Sothua":79,"So_To":114,"LoaidatHT":"CLN","Khuphomoi":"Khu phố Hương Sơn","Sothuacu":79,"Sotocu":41,"Phuongcu":"Phường Long Hương","Nguoisudun":" ","Quyetdinh":"Quyết định 3693/QĐ-UBND","ID":"79.114","Shape_Length":0.0012838858084725329,"Shape_Area":4.9469147556007787e-08}},{"type":"Feature","id":344,"geometry":{"type":"Polygon","coordinates":[[[107.14576049800007,10.502844934000052],[107.14552490800008,10.502910603000032],[107.14551352400008,10.502873865000026],[107.14551587300008,10.502872948000061],[107.14565628000008,10.502834691000032],[107.14584092900009,10.502783427000054],[107.14585478300006,10.502818649000062],[107.14582757800008,10.502827368000055],[107.14576049800007,10.502844934000052]]]},"properties":{"OBJECTID":344,"FID":343,"Shape_Leng":83.184666170200003,"Sothua":169,"So_To":50,"LoaidatHT":"ODT","Khuphomoi":"Khu phố Hải Dinh","Sothuacu":0,"Sotocu":50,"Phuongcu":"Phường Kim Dinh","Nguoisudun":" ","Quyetdinh":"Quyết định 3693/QĐ-UBND","ID":"169.50","Shape_Length":0.00075847154750365649,"Shape_Area":1.3006245944724425e-08}},{"type":"Feature","id":345,"geometry":{"type":"Polygon","coordinates":[[[107.14561061400008,10.502946307000059],[107.14554361800003,10.502961498000047],[107.14553540800006,10.502942357000052],[107.14552490800008,10.502910603000032],[107.14576049800007,10.502844934000052],[107.14582757800008,10.502827368000055],[107.14585478300006,10.502818649000062],[107.14586772800004,10.502851792000058],[107.14577012500007,10.502878449000036],[107.14560473400007,10.502923620000047],[107.14561061400008,10.502946307000059]]]},"properties":{"OBJECTID":345,"FID":344,"Shape_Leng":87.448963447799997,"Sothua":171,"So_To":50,"LoaidatHT":"ODT","Khuphomoi":"Khu phố Hải Dinh","Sothuacu":0,"Sotocu":50,"Phuongcu":"Phường Kim Dinh","Nguoisudun":" ","Quyetdinh":"Quyết định 3693/QĐ-UBND","ID":"171.50","Shape_Length":0.00079709438548554684,"Shape_Area":1.3330418824442091e-08}},{"type":"Feature","id":346,"geometry":{"type":"Polygon","coordinates":[[[107.14578994100003,10.503108610000027],[107.14568721800003,10.503147291000062],[107.14565220800006,10.50306401000006],[107.14563389100005,10.503073424000036],[107.14559867800006,10.503089838000051],[107.14554361800003,10.502961498000047],[107.14561061400008,10.502946307000059],[107.14560473400007,10.502923620000047],[107.14577012500007,10.502878449000036],[107.14586772800004,10.502851792000058],[107.14588430100008,10.502893250000056],[107.14594683700005,10.503052592000074],[107.14583730500004,10.503092327000047],[107.14578994100003,10.503108610000027]]]},"properties":{"OBJECTID":346,"FID":345,"Shape_Leng":126.06443434400001,"Sothua":141,"So_To":50,"LoaidatHT":"ODT","Khuphomoi":"Khu phố Hải Dinh","Sothuacu":0,"Sotocu":50,"Phuongcu":"Phường Kim Dinh","Nguoisudun":" ","Quyetdinh":"Quyết định 3693/QĐ-UBND","ID":"141.50","Shape_Length":0.001146385656332965,"Shape_Area":7.1128651128407726e-08}},{"type":"Feature","id":347,"geometry":{"type":"Polygon","coordinates":[[[107.16225491300008,10.503179613000043],[107.16222842800005,10.503189707000047],[107.16191755700004,10.502387793000025],[107.16194373400003,10.502329356000075],[107.16260739200004,10.502077367000027],[107.16318047900006,10.501859713000044],[107.16350190100007,10.502688597000031],[107.16350779800007,10.502703801000052],[107.16260980500005,10.503044804000069],[107.16231427200006,10.503157069000054],[107.16225491300008,10.503179613000043]]]},"properties":{"OBJECTID":347,"FID":346,"Shape_Leng":497.23998737300002,"Sothua":1,"So_To":129,"LoaidatHT":"DGD","Khuphomoi":"Khu phố Hương Điền","Sothuacu":1,"Sotocu":52,"Phuongcu":"Phường Long Hương","Nguoisudun":"Trường THCS Nguyễn Trãi","Quyetdinh":" ","ID":"1.129","Shape_Length":0.0045208752513391202,"Shape_Area":1.237862858407598e-06}},{"type":"Feature","id":348,"geometry":{"type":"Polygon","coordinates":[[[107.14575764900007,10.50322540600007],[107.14570338400006,10.503243448000035],[107.14569585300006,10.503226563000055],[107.14559867800006,10.503089838000051],[107.14563389100005,10.503073424000036],[107.14565220800006,10.50306401000006],[107.14568721800003,10.503147291000062],[107.14578994100003,10.503108610000027],[107.14583730500004,10.503092327000047],[107.14594683700005,10.503052592000074],[107.14596270500004,10.503094599000065],[107.14597185400004,10.503116433000059],[107.14598383500004,10.503151707000029],[107.14575764900007,10.50322540600007]]]},"properties":{"OBJECTID":348,"FID":347,"Shape_Leng":111.37520071199999,"Sothua":134,"So_To":50,"LoaidatHT":"ODT","Khuphomoi":"Khu phố Hải Dinh","Sothuacu":0,"Sotocu":50,"Phuongcu":"Phường Kim Dinh","Nguoisudun":" ","Quyetdinh":"Quyết định 3693/QĐ-UBND","ID":"134.50","Shape_Length":0.0010132864220871942,"Shape_Area":3.5102840826571552e-08}},{"type":"Feature","id":349,"geometry":{"type":"Polygon","coordinates":[[[107.16013379600008,10.503272929000047],[107.16012736400006,10.503277962000027],[107.16007618600008,10.503244460000076],[107.16007255700003,10.503245132000075],[107.16006690400008,10.503245581000044],[107.16006689100004,10.503245484000047],[107.16004866800006,10.503109678000044],[107.16005235400007,10.503109061000032],[107.16004677400008,10.503074739000056],[107.16012157600005,10.503082999000071],[107.16012639000007,10.503083532000062],[107.16021104600009,10.50309042400005],[107.16029282600005,10.50308691500004],[107.16033351700008,10.503077126000051],[107.16043145800006,10.503059289000021],[107.16047653400005,10.503068251000059],[107.16013379600008,10.503272929000047]]]},"properties":{"OBJECTID":349,"FID":348,"Shape_Leng":119.45950907300001,"Sothua":186,"So_To":115,"LoaidatHT":"ODT","Khuphomoi":"Khu phố Hương Sơn","Sothuacu":186,"Sotocu":42,"Phuongcu":"Phường Long Hương","Nguoisudun":" ","Quyetdinh":"Quyết định 3693/QĐ-UBND","ID":"186.115","Shape_Length":0.0010877837628585881,"Shape_Area":4.5424575148975385e-08}},{"type":"Feature","id":350,"geometry":{"type":"Polygon","coordinates":[[[107.16035418000007,10.503173958000048],[107.16039147200007,10.503308921000041],[107.16035101600005,10.503301162000071],[107.16034375900006,10.503299765000065],[107.16025421300009,10.503282538000065],[107.16025936300008,10.503235161000021],[107.16025274600008,10.503237059000071],[107.16017479600004,10.503260583000042],[107.16034866100006,10.503155721000041],[107.16035418000007,10.503173958000048]]]},"properties":{"OBJECTID":350,"FID":349,"Shape_Leng":70.142541705300005,"Sothua":175,"So_To":115,"LoaidatHT":"ODT","Khuphomoi":"Khu phố Hương Sơn","Sothuacu":175,"Sotocu":42,"Phuongcu":"Phường Long Hương","Nguoisudun":" ","Quyetdinh":"Quyết định 3693/QĐ-UBND","ID":"175.115","Shape_Length":0.00063784751784487167,"Shape_Area":1.4113678148558721e-08}},{"type":"Feature","id":351,"geometry":{"type":"Polygon","coordinates":[[[107.14584248900007,10.503311367000038],[107.14579038100004,10.503319404000024],[107.14578037000007,10.503290735000064],[107.14575764900007,10.50322540600007],[107.14598383500004,10.503151707000029],[107.14602986400007,10.503262883000048],[107.14600553000008,10.50327048500003],[107.14595951400008,10.503284665000024],[107.14590887600008,10.503297976000056],[107.14584248900007,10.503311367000038]]]},"properties":{"OBJECTID":351,"FID":350,"Shape_Leng":77.369866439999996,"Sothua":133,"So_To":50,"LoaidatHT":"ODT","Khuphomoi":"Khu phố Hải Dinh","Sothuacu":0,"Sotocu":50,"Phuongcu":"Phường Kim Dinh","Nguoisudun":" ","Quyetdinh":"Quyết định 3693/QĐ-UBND","ID":"133.50","Shape_Length":0.00070420333720405388,"Shape_Area":2.7401850168366745e-08}},{"type":"Feature","id":352,"geometry":{"type":"Polygon","coordinates":[[[107.15650502900007,10.503378595000072],[107.15649472800004,10.503386188000036],[107.15648214000004,10.503374773000075],[107.15645571400006,10.50335307000006],[107.15642966800004,10.503329930000064],[107.15639935300004,10.503300915000068],[107.15636218600008,10.503260386000022],[107.15632961300008,10.503227480000021],[107.15633636800004,10.503221389000032],[107.15635184100006,10.503202694000038],[107.15637033900003,10.50318659900006],[107.15639428400004,10.503164982000044],[107.15641318200005,10.503146066000056],[107.15643179200003,10.503124972000023],[107.15644921700004,10.503104861000054],[107.15646471000008,10.503085425000052],[107.15648291500008,10.503067331000068],[107.15650446500007,10.503052887000024],[107.15651844000007,10.503040446000057],[107.15653753900006,10.50312469000005],[107.15656877600009,10.503256921000059],[107.15658072900004,10.503309581000053],[107.15659312600008,10.503364737000027],[107.15658288400004,10.503365215000031],[107.15656170800008,10.503369841000051],[107.15653356200005,10.503368766000051],[107.15651538400004,10.503370351000058],[107.15650502900007,10.503378595000072]]]},"properties":{"OBJECTID":352,"FID":351,"Shape_Leng":102.840686375,"Sothua":55,"So_To":114,"LoaidatHT":"LUC","Khuphomoi":"Khu phố Hương Sơn","Sothuacu":55,"Sotocu":41,"Phuongcu":"Phường Long Hương","Nguoisudun":" ","Quyetdinh":"Quyết định 3693/QĐ-UBND","ID":"55.114","Shape_Length":0.00093323939627703071,"Shape_Area":4.7704566478386636e-08}},{"type":"Feature","id":353,"geometry":{"type":"Polygon","coordinates":[[[107.14595212900008,10.503337740000063],[107.14581091200006,10.503379196000026],[107.14579038100004,10.503319404000024],[107.14584248900007,10.503311367000038],[107.14590887600008,10.503297976000056],[107.14595951400008,10.503284665000024],[107.14600553000008,10.50327048500003],[107.14602986400007,10.503262883000048],[107.14604821100005,10.503308548000064],[107.14604698300008,10.503310264000049],[107.14602168900007,10.50331828000003],[107.14595212900008,10.503337740000063]]]},"properties":{"OBJECTID":353,"FID":352,"Shape_Leng":66.610556161800005,"Sothua":113,"So_To":50,"LoaidatHT":"ODT","Khuphomoi":"Khu phố Hải Dinh","Sothuacu":0,"Sotocu":50,"Phuongcu":"Phường Kim Dinh","Nguoisudun":" ","Quyetdinh":"Quyết định 3693/QĐ-UBND","ID":"113.50","Shape_Length":0.00060693409780208268,"Shape_Area":1.3022152075632609e-08}},{"type":"Feature","id":354,"geometry":{"type":"Polygon","coordinates":[[[107.15485029300004,10.50338737900006],[107.15483680000006,10.50339673700006],[107.15479516400006,10.503321898000024],[107.15475120100007,10.503229260000069],[107.15516718000003,10.503004529000066],[107.15517448700007,10.503000930000042],[107.15518786100006,10.50302950300005],[107.15520754400006,10.503075686000045],[107.15522940600005,10.503131583000027],[107.15524676100006,10.503176541000073],[107.15525766800005,10.503202699000042],[107.15523429700005,10.503212456000028],[107.15519484100008,10.503226341000072],[107.15514080300005,10.503250199000036],[107.15508099600004,10.503278305000038],[107.15501984900004,10.503308984000057],[107.15495354300003,10.503341932000069],[107.15489208600007,10.503370821000033],[107.15485029300004,10.50338737900006]]]},"properties":{"OBJECTID":354,"FID":353,"Shape_Leng":148.587340101,"Sothua":52,"So_To":114,"LoaidatHT":"LUC","Khuphomoi":"Khu phố Hương Sơn","Sothuacu":52,"Sotocu":41,"Phuongcu":"Phường Long Hương","Nguoisudun":" ","Quyetdinh":"Quyết định 3693/QĐ-UBND","ID":"52.114","Shape_Length":0.0013514739731685253,"Shape_Area":9.4942437959282085e-08}},{"type":"Feature","id":355,"geometry":{"type":"Polygon","coordinates":[[[107.15192535200003,10.503444066000043],[107.15163787000006,10.503452992000064],[107.15155034300005,10.503447240000071],[107.15152663900005,10.503445740000075],[107.15149353900006,10.503441889000044],[107.15148612600007,10.503425273000062],[107.15148338700004,10.503419132000033],[107.15148311500008,10.503411717000063],[107.15148048000009,10.503339745000062],[107.15147262000005,10.503118015000041],[107.15147102900005,10.503080762000025],[107.15145788100006,10.502711670000053],[107.15145192800009,10.502524626000024],[107.15245694700008,10.502491927000051],[107.15250430500004,10.502535549000072],[107.15251432500008,10.502829761000044],[107.15251907600003,10.502969252000071],[107.15252631000004,10.503145966000034],[107.15253253100008,10.503379075000055],[107.15248836300009,10.503425192000066],[107.15237043000008,10.503429898000036],[107.15213949400004,10.503437419000022],[107.15196698900007,10.503442774000064],[107.15192535200003,10.503444066000043]]]},"properties":{"OBJECTID":355,"FID":354,"Shape_Leng":428.42089143200002,"Sothua":132,"So_To":51,"LoaidatHT":"DGD","Khuphomoi":"Khu phố Núi Dinh","Sothuacu":0,"Sotocu":51,"Phuongcu":"Phường Kim Dinh","Nguoisudun":"Trường tiểu học Phan Bội Châu","Quyetdinh":"Quyết định 2206/QD-UBND ngày 29/6/2005 Xây dựng trường.","ID":"132.51","Shape_Length":0.0038935235151157412,"Shape_Area":9.7894737375366097e-07}},{"type":"Feature","id":356,"geometry":{"type":"Polygon","coordinates":[[[107.15661656400005,10.503466692000075],[107.15660651700006,10.503467451000063],[107.15658946700006,10.503465340000048],[107.15656342800008,10.503445057000022],[107.15652644100004,10.503414121000048],[107.15649472800004,10.503386188000036],[107.15650502900007,10.503378595000072],[107.15651538400004,10.503370351000058],[107.15653356200005,10.503368766000051],[107.15656170800008,10.503369841000051],[107.15658288400004,10.503365215000031],[107.15659312600008,10.503364737000027],[107.15661656400005,10.503466692000075]]]},"properties":{"OBJECTID":356,"FID":355,"Shape_Leng":39.574944017299998,"Sothua":46,"So_To":114,"LoaidatHT":"LUC","Khuphomoi":"Khu phố Hương Sơn","Sothuacu":46,"Sotocu":41,"Phuongcu":"Phường Long Hương","Nguoisudun":" ","Quyetdinh":"Quyết định 3693/QĐ-UBND","ID":"46.114","Shape_Length":0.00035973139446172458,"Shape_Area":6.883625326553048e-09}},{"type":"Feature","id":357,"geometry":{"type":"Polygon","coordinates":[[[107.15498272100007,10.50353291700003],[107.15495902500004,10.503532981000035],[107.15493753900006,10.50352885500007],[107.15491251900005,10.503514495000047],[107.15489183300008,10.503493128000059],[107.15486572400005,10.503450541000063],[107.15483680000006,10.50339673700006],[107.15485029300004,10.50338737900006],[107.15489208600007,10.503370821000033],[107.15495354300003,10.503341932000069],[107.15501984900004,10.503308984000057],[107.15508099600004,10.503278305000038],[107.15514080300005,10.503250199000036],[107.15519484100008,10.503226341000072],[107.15523429700005,10.503212456000028],[107.15525766800005,10.503202699000042],[107.15526953200003,10.503230704000032],[107.15528702400007,10.503273500000034],[107.15531261700005,10.50333359900003],[107.15533052400008,10.503374616000031],[107.15535014600005,10.503427165000062],[107.15532911500009,10.503433842000049],[107.15530634000004,10.503438971000037],[107.15525270800003,10.503452460000062],[107.15518733200008,10.503470591000053],[107.15510401300008,10.503496356000028],[107.15504874000004,10.503511432000039],[107.15502752600008,10.503521411000065],[107.15498272100007,10.50353291700003]]]},"properties":{"OBJECTID":357,"FID":356,"Shape_Leng":143.36484354000001,"Sothua":51,"So_To":114,"LoaidatHT":"LUC","Khuphomoi":"Khu phố Hương Sơn","Sothuacu":51,"Sotocu":41,"Phuongcu":"Phường Long Hương","Nguoisudun":" ","Quyetdinh":"Quyết định 3693/QĐ-UBND","ID":"51.114","Shape_Length":0.0013048230538807381,"Shape_Area":9.4147008536774975e-08}},{"type":"Feature","id":358,"geometry":{"type":"Polygon","coordinates":[[[107.15512187200005,10.503785045000029],[107.15511048500008,10.503788062000069],[107.15502752600008,10.503521411000065],[107.15504874000004,10.503511432000039],[107.15510401300008,10.503496356000028],[107.15518733200008,10.503470591000053],[107.15525270800003,10.503452460000062],[107.15530634000004,10.503438971000037],[107.15532911500009,10.503433842000049],[107.15535111900004,10.503491882000048],[107.15539593600005,10.503599510000072],[107.15543266100008,10.503694882000048],[107.15540496100004,10.503706601000033],[107.15534366000009,10.503724560000023],[107.15526974600004,10.50374707800006],[107.15517331600006,10.503771309000058],[107.15512187200005,10.503785045000029]]]},"properties":{"OBJECTID":358,"FID":357,"Shape_Leng":133.14650736799999,"Sothua":38,"So_To":114,"LoaidatHT":"LUC","Khuphomoi":"Khu phố Hương Sơn","Sothuacu":38,"Sotocu":41,"Phuongcu":"Phường Long Hương","Nguoisudun":" ","Quyetdinh":"Quyết định 3693/QĐ-UBND","ID":"38.114","Shape_Length":0.0012102291945921596,"Shape_Area":9.2662365829871861e-08}},{"type":"Feature","id":359,"geometry":{"type":"Polygon","coordinates":[[[107.15681348200008,10.50390916200007],[107.15676540900006,10.503945243000032],[107.15676376800008,10.503937214000075],[107.15675293300006,10.503884150000033],[107.15674329800004,10.503837505000035],[107.15683880300008,10.503810544000032],[107.15687460100008,10.503855581000039],[107.15682399500008,10.503905294000049],[107.15681348200008,10.50390916200007]]]},"properties":{"OBJECTID":359,"FID":358,"Shape_Leng":45.0209739087,"Sothua":90,"So_To":114,"LoaidatHT":"HNK","Khuphomoi":"Khu phố Hương Sơn","Sothuacu":90,"Sotocu":41,"Phuongcu":"Phường Long Hương","Nguoisudun":" ","Quyetdinh":"Quyết định 3693/QĐ-UBND","ID":"90.114","Shape_Length":0.00040900033328988535,"Shape_Area":9.8519510291725447e-09}},{"type":"Feature","id":360,"geometry":{"type":"Polygon","coordinates":[[[107.15555421500005,10.503982000000065],[107.15523480600007,10.504067340000063],[107.15519676000008,10.504004731000066],[107.15514854000008,10.50390982600004],[107.15512518000008,10.503862254000069],[107.15510953200004,10.503834586000039],[107.15510224100007,10.503791202000059],[107.15511048500008,10.503788062000069],[107.15512187200005,10.503785045000029],[107.15517331600006,10.503771309000058],[107.15526974600004,10.50374707800006],[107.15534366000009,10.503724560000023],[107.15540496100004,10.503706601000033],[107.15543266100008,10.503694882000048],[107.15545892200004,10.503763282000023],[107.15549322300006,10.503846461000023],[107.15553507300007,10.503934482000034],[107.15555421500005,10.503982000000065]]]},"properties":{"OBJECTID":360,"FID":359,"Shape_Leng":142.50249028100001,"Sothua":37,"So_To":114,"LoaidatHT":"LUC","Khuphomoi":"Khu phố Hương Sơn","Sothuacu":37,"Sotocu":41,"Phuongcu":"Phường Long Hương","Nguoisudun":" ","Quyetdinh":"Quyết định 3693/QĐ-UBND","ID":"37.114","Shape_Length":0.0012955369841280413,"Shape_Area":1.0403193237902367e-07}},{"type":"Feature","id":361,"geometry":{"type":"Polygon","coordinates":[[[107.15520397100005,10.504075576000048],[107.15516456500006,10.504080354000052],[107.15510217200006,10.503946015000054],[107.15489183300008,10.503493128000059],[107.15491251900005,10.503514495000047],[107.15493753900006,10.50352885500007],[107.15495902500004,10.503532981000035],[107.15498272100007,10.50353291700003],[107.15502752600008,10.503521411000065],[107.15511048500008,10.503788062000069],[107.15510224100007,10.503791202000059],[107.15510953200004,10.503834586000039],[107.15512518000008,10.503862254000069],[107.15514854000008,10.50390982600004],[107.15519676000008,10.504004731000066],[107.15523480600007,10.504067340000063],[107.15520397100005,10.504075576000048]]]},"properties":{"OBJECTID":361,"FID":360,"Shape_Leng":161.75256690500001,"Sothua":85,"So_To":114,"LoaidatHT":"LUC","Khuphomoi":"Khu phố Hương Sơn","Sothuacu":85,"Sotocu":41,"Phuongcu":"Phường Long Hương","Nguoisudun":" ","Quyetdinh":"Quyết định 3693/QĐ-UBND","ID":"85.114","Shape_Length":0.0014660730343403854,"Shape_Area":4.5672150899237131e-08}},{"type":"Feature","id":362,"geometry":{"type":"Polygon","coordinates":[[[107.15407359700004,10.50419944600003],[107.15400558800008,10.504273596000075],[107.15399399900008,10.504262028000028],[107.15391814600008,10.504189676000067],[107.15389347100006,10.504166140000052],[107.15387054300004,10.504140808000045],[107.15384392200008,10.504102162000038],[107.15382396700005,10.503998785000022],[107.15381580400003,10.503939315000025],[107.15386565200004,10.503913913000076],[107.15390229400003,10.503957569000022],[107.15386677900005,10.504007644000069],[107.15389613000008,10.504027779000069],[107.15409626600007,10.504174729000056],[107.15407359700004,10.50419944600003]]]},"properties":{"OBJECTID":362,"FID":361,"Shape_Leng":109.471954641,"Sothua":6,"So_To":52,"LoaidatHT":"ODT","Khuphomoi":"Khu phố Núi Dinh","Sothuacu":33,"Sotocu":12,"Phuongcu":"Phường Kim Dinh","Nguoisudun":"UBND phường","Quyetdinh":"Quyết định 3693/QĐ-UBND","ID":"6.52","Shape_Length":0.0009940801437754161,"Shape_Area":3.7069778718254937e-08}},{"type":"Feature","id":363,"geometry":{"type":"Polygon","coordinates":[[[107.16783805500006,10.504292431000067],[107.16779986800009,10.504331482000055],[107.16767809900006,10.504223940000031],[107.16760527600007,10.504151179000075],[107.16764310300005,10.504128818000027],[107.16767355300004,10.504119489000061],[107.16770634700003,10.504106069000045],[107.16773987500005,10.504091420000066],[107.16780887900006,10.504066313000067],[107.16784072900003,10.504055024000024],[107.16786273200006,10.504130667000027],[107.16788420900008,10.504175496000073],[107.16791586400007,10.504209377000052],[107.16793885000004,10.50423365000006],[107.16788169800009,10.504301561000034],[107.16785822600008,10.50428779300006],[107.16783805500006,10.504292431000067]]]},"properties":{"OBJECTID":363,"FID":362,"Shape_Leng":101.20223645999999,"Sothua":55,"So_To":117,"LoaidatHT":"HNK","Khuphomoi":"Khu phố Hương Điền","Sothuacu":402,"Sotocu":44,"Phuongcu":"Phường Long Hương","Nguoisudun":"Trần Văn Tú","Quyetdinh":"Quyết định 3693/QĐ-UBND","ID":"55.117","Shape_Length":0.00092000618415625688,"Shape_Area":4.7476945545130051e-08}},{"type":"Feature","id":364,"geometry":{"type":"Polygon","coordinates":[[[107.15543354300007,10.504317274000073],[107.15542859600004,10.504319417000033],[107.15539982000007,10.504270360000021],[107.15540843300005,10.504265474000022],[107.15539182800006,10.504231396000023],[107.15544438500007,10.504203266000047],[107.15564987700009,10.504148330000021],[107.15565261900008,10.50415330800007],[107.15567240600006,10.504201217000059],[107.15567768700004,10.504211618000056],[107.15567363500008,10.504213371000048],[107.15543354300007,10.504317274000073]]]},"properties":{"OBJECTID":364,"FID":363,"Shape_Leng":78.809666913599997,"Sothua":29,"So_To":114,"LoaidatHT":"CLN","Khuphomoi":"Khu phố Hương Sơn","Sothuacu":29,"Sotocu":41,"Phuongcu":"Phường Long Hương","Nguoisudun":" ","Quyetdinh":"Quyết định 3693/QĐ-UBND","ID":"29.114","Shape_Length":0.00071760367621693654,"Shape_Area":2.3882620523861275e-08}},{"type":"Feature","id":365,"geometry":{"type":"Polygon","coordinates":[[[107.15529638300006,10.504329024000072],[107.15529325400007,10.504330798000069],[107.15525707100005,10.504253341000037],[107.15544438500007,10.504203266000047],[107.15539182800006,10.504231396000023],[107.15540843300005,10.504265474000022],[107.15539982000007,10.504270360000021],[107.15529638300006,10.504329024000072]]]},"properties":{"OBJECTID":365,"FID":364,"Shape_Leng":55.951623520799998,"Sothua":20,"So_To":114,"LoaidatHT":"CLN","Khuphomoi":"Khu phố Hương Sơn","Sothuacu":20,"Sotocu":41,"Phuongcu":"Phường Long Hương","Nguoisudun":" ","Quyetdinh":"Quyết định 3693/QĐ-UBND","ID":"20.114","Shape_Length":0.00050931696684602815,"Shape_Area":9.4396131565385819e-09}},{"type":"Feature","id":366,"geometry":{"type":"Polygon","coordinates":[[[107.16586721000004,10.504419123000048],[107.16584531000007,10.50443490400005],[107.16571814200006,10.504287933000057],[107.16575244900008,10.504273191000038],[107.16576442900003,10.504288423000048],[107.16586721000004,10.504419123000048]]]},"properties":{"OBJECTID":366,"FID":365,"Shape_Leng":48.930593327300002,"Sothua":213,"So_To":116,"LoaidatHT":"ODT","Khuphomoi":"Khu phố Hương Điền","Sothuacu":520,"Sotocu":43,"Phuongcu":"Phường Long Hương","Nguoisudun":"Nguyễn Văn Mầu","Quyetdinh":"Quyết định 3693/QĐ-UBND","ID":"213.116","Shape_Length":0.00044433529451474513,"Shape_Area":5.9620123484650072e-09}},{"type":"Feature","id":367,"geometry":{"type":"Polygon","coordinates":[[[107.16650646100004,10.504380028000071],[107.16635744700005,10.504453656000067],[107.16628915700005,10.504337081000074],[107.16618761600006,10.50416066400004],[107.16615494600006,10.50410232400003],[107.16644946400004,10.503975585000035],[107.16645956400004,10.50399718400007],[107.16655768100009,10.504162456000074],[107.16664450500008,10.504310592000024],[107.16658840300005,10.504338851000057],[107.16650646100004,10.504380028000071]]]},"properties":{"OBJECTID":367,"FID":366,"Shape_Leng":157.902884567,"Sothua":103,"So_To":116,"LoaidatHT":"DTS","Khuphomoi":"Khu phố Hương Điền","Sothuacu":0,"Sotocu":43,"Phuongcu":"Phường Long Hương","Nguoisudun":"Chi cục quản lý TN","Quyetdinh":" ","ID":"103.116","Shape_Length":0.0014346380381573768,"Shape_Area":1.2664945367286581e-07}},{"type":"Feature","id":368,"geometry":{"type":"Polygon","coordinates":[[[107.16735916800008,10.504450296000073],[107.16733113200007,10.504458491000037],[107.16732486900008,10.50443692500005],[107.16731506300005,10.504402316000039],[107.16730514400007,10.504370753000046],[107.16728828300006,10.504323266000029],[107.16727489100003,10.504290412000046],[107.16730472300009,10.504276146000052],[107.16735461300004,10.50425707100004],[107.16742453300009,10.504231286000049],[107.16749016500006,10.504208695000045],[107.16754117100004,10.504186213000025],[107.16756118200004,10.504205201000048],[107.16758986800005,10.504232549000051],[107.16760651800007,10.504249468000069],[107.16761797700008,10.504263430000037],[107.16762949800005,10.504279978000056],[107.16763806500006,10.504293221000069],[107.16764293100005,10.504308473000037],[107.16765198200005,10.504361706000054],[107.16763383700004,10.504366411000035],[107.16760492200007,10.504373934000057],[107.16757669600008,10.504381929000033],[107.16753585000004,10.50439510800004],[107.16749138600005,10.504410152000048],[107.16745303300007,10.504422758000032],[107.16740953800007,10.504436231000057],[107.16737151200005,10.50444763400003],[107.16735916800008,10.504450296000073]]]},"properties":{"OBJECTID":368,"FID":367,"Shape_Leng":111.432359988,"Sothua":56,"So_To":117,"LoaidatHT":"LUC","Khuphomoi":"Khu phố Hương Điền","Sothuacu":401,"Sotocu":44,"Phuongcu":"Phường Long Hương","Nguoisudun":"Lương Thành Sơn","Quyetdinh":"Quyết định 3693/QĐ-UBND","ID":"56.117","Shape_Length":0.0010137600228500266,"Shape_Area":6.1637881627892862e-08}},{"type":"Feature","id":369,"geometry":{"type":"Polygon","coordinates":[[[107.16799077200005,10.504436519000024],[107.16795367000009,10.504471730000034],[107.16787933600006,10.504411117000075],[107.16782884200006,10.504353134000041],[107.16788169800009,10.504301561000034],[107.16793885000004,10.50423365000006],[107.16796832400007,10.504227592000063],[107.16801075700005,10.504224098000066],[107.16805114100003,10.504236179000031],[107.16809500900007,10.504266981000058],[107.16807393300007,10.50430072000006],[107.16805504500007,10.504332321000049],[107.16803348900004,10.504364422000037],[107.16799077200005,10.504436519000024]]]},"properties":{"OBJECTID":369,"FID":368,"Shape_Leng":82.981555338099994,"Sothua":54,"So_To":117,"LoaidatHT":"HNK","Khuphomoi":"Khu phố Hương Điền","Sothuacu":403,"Sotocu":44,"Phuongcu":"Phường Long Hương","Nguoisudun":"Trần Văn Tú","Quyetdinh":"Quyết định 3693/QĐ-UBND","ID":"54.117","Shape_Length":0.00075404534225739707,"Shape_Area":3.6226715527743185e-08}},{"type":"Feature","id":370,"geometry":{"type":"Polygon","coordinates":[[[107.15301536000004,10.504406801000073],[107.15298837000006,10.504466322000042],[107.15288921100006,10.504418970000074],[107.15286757800004,10.504408639000076],[107.15280369900006,10.504381052000042],[107.15276926300004,10.504364541000029],[107.15279658200006,10.504305590000058],[107.15283083700007,10.50432197400005],[107.15291813500005,10.504356413000039],[107.15293507700005,10.504363181000031],[107.15301536000004,10.504406801000073]]]},"properties":{"OBJECTID":370,"FID":369,"Shape_Leng":67.386742520200002,"Sothua":21,"So_To":51,"LoaidatHT":"ODT","Khuphomoi":"Khu phố Núi Dinh","Sothuacu":0,"Sotocu":51,"Phuongcu":"Phường Kim Dinh","Nguoisudun":" ","Quyetdinh":"Quyết định 3693/QĐ-UBND","ID":"21.51","Shape_Length":0.00061338594504226746,"Shape_Area":1.6169834123614068e-08}},{"type":"Feature","id":371,"geometry":{"type":"Polygon","coordinates":[[[107.15508530000005,10.504401952000023],[107.15489120900008,10.504522920000056],[107.15483965000004,10.504397423000057],[107.15485511300005,10.504289501000073],[107.15493919900007,10.504270311000028],[107.15507871200003,10.504264786000022],[107.15514821300007,10.504275584000027],[107.15517961000006,10.50433920200004],[107.15508530000005,10.504401952000023]]]},"properties":{"OBJECTID":371,"FID":370,"Shape_Leng":104.88343759599999,"Sothua":89,"So_To":67,"LoaidatHT":"ODT","Khuphomoi":"Khu phố Hương Sơn","Sothuacu":89,"Sotocu":9,"Phuongcu":"phường Long Hương","Nguoisudun":"NGUYỄN THỊ HOA","Quyetdinh":"Quyết định 3693/QĐ-UBND","ID":"89.67","Shape_Length":0.00095382859084729892,"Shape_Area":5.3826796510507132e-08}},{"type":"Feature","id":372,"geometry":{"type":"Polygon","coordinates":[[[107.16782164300008,10.504579927000066],[107.16780640500008,10.504580632000057],[107.16779813200009,10.504579378000074],[107.16778919500007,10.50457201100005],[107.16777010600003,10.504554726000038],[107.16775018500005,10.504531823000036],[107.16774434300004,10.504520728000045],[107.16773736000005,10.504509921000022],[107.16773151100006,10.504504114000042],[107.16771988700003,10.504479881000066],[107.16770871900007,10.504464175000066],[107.16769525400008,10.504447189000075],[107.16768145300006,10.504424940000035],[107.16767130500006,10.504404227000066],[107.16765888800006,10.50437796600005],[107.16765198200005,10.504361706000054],[107.16764293100005,10.504308473000037],[107.16763806500006,10.504293221000069],[107.16762949800005,10.504279978000056],[107.16761797700008,10.504263430000037],[107.16760651800007,10.504249468000069],[107.16758986800005,10.504232549000051],[107.16756118200004,10.504205201000048],[107.16754117100004,10.504186213000025],[107.16755318200006,10.504176381000036],[107.16756882800007,10.504189999000062],[107.16777393600006,10.50438213700005],[107.16784443700004,10.504446693000034],[107.16789211200006,10.50448476300005],[107.16794158000005,10.504526271000032],[107.16792890900007,10.504540189000068],[107.16791476500003,10.504546772000026],[107.16789807200007,10.504554499000051],[107.16784799900006,10.504572888000041],[107.16782164300008,10.504579927000066]]]},"properties":{"OBJECTID":372,"FID":371,"Shape_Leng":129.41006903900001,"Sothua":47,"So_To":117,"LoaidatHT":"LUC","Khuphomoi":"Khu phố Hương Điền","Sothuacu":341,"Sotocu":44,"Phuongcu":"Phường Long Hương","Nguoisudun":"Dương Văn Hoàng","Quyetdinh":"Quyết định 3693/QĐ-UBND","ID":"47.117","Shape_Length":0.0011756326199983875,"Shape_Area":3.8898899418324546e-08}},{"type":"Feature","id":373,"geometry":{"type":"Polygon","coordinates":[[[107.16556279600007,10.504443027000036],[107.16542606100006,10.504594087000044],[107.16541602200004,10.504579087000025],[107.16540993900009,10.504563236000024],[107.16540724000004,10.504555691000064],[107.16539877000008,10.504512838000039],[107.16538346600004,10.504431025000031],[107.16550447300006,10.504379767000046],[107.16565894500008,10.504313376000027],[107.16556279600007,10.504443027000036]]]},"properties":{"OBJECTID":373,"FID":372,"Shape_Leng":91.876148135999998,"Sothua":212,"So_To":116,"LoaidatHT":"ODT","Khuphomoi":"Khu phố Hương Điền","Sothuacu":396,"Sotocu":43,"Phuongcu":"Phường Long Hương","Nguoisudun":"Nguyễn Văn Mầu","Quyetdinh":"Quyết định 3693/QĐ-UBND","ID":"212.116","Shape_Length":0.00083467179616252343,"Shape_Area":2.729801517694137e-08}},{"type":"Feature","id":374,"geometry":{"type":"Polygon","coordinates":[[[107.16448993500006,10.504611928000031],[107.16440614800007,10.504647820000059],[107.16440421000004,10.504600914000036],[107.16440304600007,10.504572728000028],[107.16445307100008,10.504583543000024],[107.16446308200005,10.504589276000047],[107.16447809800007,10.504600695000022],[107.16448993500006,10.504611928000031]]]},"properties":{"OBJECTID":374,"FID":373,"Shape_Leng":29.055320615500001,"Sothua":3,"So_To":124,"LoaidatHT":"ODT","Khuphomoi":"Khu phố Hương Điền","Sothuacu":0,"Sotocu":49,"Phuongcu":"Phường Long Hương","Nguoisudun":" ","Quyetdinh":"Quyết định 3693/QĐ-UBND","ID":"3.124","Shape_Length":0.00026420722184917344,"Shape_Area":3.7653503447550348e-09}},{"type":"Feature","id":375,"geometry":{"type":"Polygon","coordinates":[[[107.16538543500008,10.504666894000025],[107.16538444600008,10.50466805700006],[107.16537848200005,10.504667161000043],[107.16537010600007,10.504665852000073],[107.16535717400006,10.504663894000032],[107.16534675500009,10.504661533000046],[107.16533431700009,10.504658861000053],[107.16531005800005,10.504656167000064],[107.16526824100004,10.504652663000059],[107.16525372300003,10.50464820600007],[107.16522572300005,10.504633156000068],[107.16520913800008,10.50461587500007],[107.16519814100008,10.504580332000046],[107.16515396600005,10.504529123000054],[107.16535717000005,10.504442377000032],[107.16536559200006,10.504491721000022],[107.16537068400004,10.504528555000036],[107.16537664700007,10.504559278000045],[107.16538071800005,10.504575831000068],[107.16538475300007,10.504587104000052],[107.16539774200004,10.504617524000025],[107.16541099800008,10.504627096000036],[107.16538543500008,10.504666894000025]]]},"properties":{"OBJECTID":375,"FID":374,"Shape_Leng":83.596075914699995,"Sothua":96,"So_To":116,"LoaidatHT":"ODT","Khuphomoi":"Khu phố Hương Điền","Sothuacu":428.42399999999998,"Sotocu":43,"Phuongcu":"Phường Long Hương","Nguoisudun":" ","Quyetdinh":"Quyết định 3693/QĐ-UBND","ID":"96.116","Shape_Length":0.00075988476275823901,"Shape_Area":3.3406066076617097e-08}},{"type":"Feature","id":376,"geometry":{"type":"Polygon","coordinates":[[[107.14341475800006,10.504622616000063],[107.14334615700005,10.504644103000032],[107.14333119900004,10.504612965000035],[107.14347884700004,10.504567706000046],[107.14348627600003,10.504580776000068],[107.14349428200006,10.504597707000073],[107.14349170500009,10.504598516000044],[107.14341475800006,10.504622616000063]]]},"properties":{"OBJECTID":376,"FID":375,"Shape_Leng":41.4791030353,"Sothua":77,"So_To":49,"LoaidatHT":"ODT","Khuphomoi":"Khu phố Hải Dinh","Sothuacu":104,"Sotocu":11,"Phuongcu":"Phường Kim Dinh","Nguoisudun":"Nhà tập thể","Quyetdinh":"Quyết định 3693/QĐ-UBND","ID":"77.49","Shape_Length":0.00037795678470913999,"Shape_Area":5.227902229029739e-09}},{"type":"Feature","id":377,"geometry":{"type":"Polygon","coordinates":[[[107.14342535000009,10.504651036000041],[107.14335601300007,10.504672647000064],[107.14334615700005,10.504644103000032],[107.14341475800006,10.504622616000063],[107.14349170500009,10.504598516000044],[107.14349428200006,10.504597707000073],[107.14350729300008,10.504625217000068],[107.14350421200004,10.504626187000042],[107.14342575000006,10.504650908000031],[107.14342535000009,10.504651036000041]]]},"properties":{"OBJECTID":377,"FID":376,"Shape_Leng":41.086411621099998,"Sothua":76,"So_To":49,"LoaidatHT":"ODT","Khuphomoi":"Khu phố Hải Dinh","Sothuacu":104,"Sotocu":11,"Phuongcu":"Phường Kim Dinh","Nguoisudun":"Nhà tập thể","Quyetdinh":"Quyết định 3693/QĐ-UBND","ID":"76.49","Shape_Length":0.00037439168183843154,"Shape_Area":4.7415562123362535e-09}},{"type":"Feature","id":378,"geometry":{"type":"Polygon","coordinates":[[[107.16740550500003,10.50471716800007],[107.16739545500008,10.504719347000048],[107.16738853800007,10.504715320000059],[107.16737222900008,10.504712785000038],[107.16735824900007,10.504709876000049],[107.16733979100007,10.504706116000023],[107.16732551100006,10.504699544000061],[107.16731291500008,10.504691819000072],[107.16730426800007,10.504686414000048],[107.16729701600008,10.504682224000021],[107.16729027400004,10.504667655000048],[107.16727626200009,10.504630660000032],[107.16726885500009,10.50460603700003],[107.16726655300005,10.504598917000067],[107.16726163100009,10.504576468000039],[107.16727175300008,10.504556750000063],[107.16730092100005,10.504516498000044],[107.16731814100007,10.504484859000058],[107.16733113200007,10.504458491000037],[107.16735916800008,10.504450296000073],[107.16737151200005,10.50444763400003],[107.16740953800007,10.504436231000057],[107.16745303300007,10.504422758000032],[107.16749138600005,10.504410152000048],[107.16753585000004,10.50439510800004],[107.16757669600008,10.504381929000033],[107.16760492200007,10.504373934000057],[107.16763383700004,10.504366411000035],[107.16765198200005,10.504361706000054],[107.16765888800006,10.50437796600005],[107.16767130500006,10.504404227000066],[107.16768145300006,10.504424940000035],[107.16769525400008,10.504447189000075],[107.16770871900007,10.504464175000066],[107.16771988700003,10.504479881000066],[107.16773151100006,10.504504114000042],[107.16773152100006,10.504519774000073],[107.16772530100008,10.504520070000069],[107.16772385600007,10.504520330000048],[107.16771271600004,10.504528600000071],[107.16768956900006,10.504545166000071],[107.16766185700004,10.504563080000025],[107.16762934400003,10.504583553000032],[107.16759266600008,10.50460746300007],[107.16755082400005,10.50463443600006],[107.16751250800007,10.504658913000071],[107.16747791800009,10.504681389000041],[107.16745686400009,10.504693366000026],[107.16743499300009,10.504705857000033],[107.16742295200004,10.504711495000038],[107.16740550500003,10.50471716800007]]]},"properties":{"OBJECTID":378,"FID":377,"Shape_Leng":138.91954577999999,"Sothua":46,"So_To":117,"LoaidatHT":"LUC","Khuphomoi":"Khu phố Hương Điền","Sothuacu":344,"Sotocu":44,"Phuongcu":"Phường Long Hương","Nguoisudun":"Trần Văn Tú","Quyetdinh":"Quyết định 3693/QĐ-UBND","ID":"46.117","Shape_Length":0.0012635511396632889,"Shape_Area":9.9476133111801973e-08}},{"type":"Feature","id":379,"geometry":{"type":"Polygon","coordinates":[[[107.14299483600007,10.504669960000058],[107.14289945700006,10.504693282000062],[107.14290280500006,10.504679637000038],[107.14290544000005,10.504664065000043],[107.14290655500008,10.504645334000031],[107.14291419600005,10.504605775000073],[107.14304992900009,10.504580024000063],[107.14311175700004,10.50457196900004],[107.14317578700008,10.50456405400007],[107.14318867900005,10.504563111000039],[107.14324259500006,10.504559814000061],[107.14330180200005,10.50455125700006],[107.14334121700006,10.504549316000066],[107.14339816700004,10.504540908000024],[107.14342484800005,10.504533726000034],[107.14344084700008,10.504541658000051],[107.14328812000008,10.504591210000058],[107.14319244800004,10.50462163800006],[107.14299483600007,10.504669960000058]]]},"properties":{"OBJECTID":379,"FID":378,"Shape_Leng":130.003288013,"Sothua":82,"So_To":49,"LoaidatHT":"ODT","Khuphomoi":"Khu phố Hải Dinh","Sothuacu":104,"Sotocu":11,"Phuongcu":"Phường Kim Dinh","Nguoisudun":"Nhà tập thể","Quyetdinh":"Quyết định 3693/QĐ-UBND","ID":"82.49","Shape_Length":0.001185784774715532,"Shape_Area":2.9019094275199509e-08}},{"type":"Feature","id":380,"geometry":{"type":"Polygon","coordinates":[[[107.14351991100006,10.504657400000042],[107.14336894400009,10.504703592000055],[107.14335601300007,10.504672647000064],[107.14342535000009,10.504651036000041],[107.14342575000006,10.504650908000031],[107.14350421200004,10.504626187000042],[107.14350729300008,10.504625217000068],[107.14351991100006,10.504657400000042]]]},"properties":{"OBJECTID":380,"FID":379,"Shape_Leng":42.202910349500002,"Sothua":75,"So_To":49,"LoaidatHT":"ODT","Khuphomoi":"Khu phố Hải Dinh","Sothuacu":104,"Sotocu":11,"Phuongcu":"Phường Kim Dinh","Nguoisudun":"Nhà tập thể","Quyetdinh":"Quyết định 3693/QĐ-UBND","ID":"75.49","Shape_Length":0.00038452315366399771,"Shape_Area":5.3584875417658842e-09}},{"type":"Feature","id":381,"geometry":{"type":"Polygon","coordinates":[[[107.16765359700008,10.504759998000054],[107.16762266700005,10.504776777000075],[107.16761177200004,10.504766613000072],[107.16759957300007,10.504756491000023],[107.16759264700005,10.504743694000069],[107.16759431100007,10.504734430000042],[107.16759997700007,10.504725354000072],[107.16761159800006,10.50471546700004],[107.16762176800006,10.504710902000056],[107.16763466400005,10.504712272000063],[107.16764355400005,10.504716773000041],[107.16765840200009,10.504732794000063],[107.16766375500004,10.504738317000033],[107.16765191300004,10.504752084000074],[107.16765473200007,10.504758332000051],[107.16765359700008,10.504759998000054]]]},"properties":{"OBJECTID":381,"FID":380,"Shape_Leng":22.7189160251,"Sothua":31,"So_To":117,"LoaidatHT":"LUC","Khuphomoi":"Khu phố Hương Điền","Sothuacu":342,"Sotocu":44,"Phuongcu":"Phường Long Hương","Nguoisudun":" ","Quyetdinh":"Quyết định 3693/QĐ-UBND","ID":"31.117","Shape_Length":0.00020650526649480677,"Shape_Area":2.9984521452664283e-09}},{"type":"Feature","id":382,"geometry":{"type":"Polygon","coordinates":[[[107.14353219300006,10.504687946000047],[107.14338161200004,10.504733804000068],[107.14336894400009,10.504703592000055],[107.14351991100006,10.504657400000042],[107.14353219300006,10.504687946000047]]]},"properties":{"OBJECTID":382,"FID":381,"Shape_Leng":41.810061813600001,"Sothua":74,"So_To":49,"LoaidatHT":"ODT","Khuphomoi":"Khu phố Hải Dinh","Sothuacu":104,"Sotocu":11,"Phuongcu":"Phường Kim Dinh","Nguoisudun":"Nhà tập thể","Quyetdinh":"Quyết định 3693/QĐ-UBND","ID":"74.49","Shape_Length":0.00038096781166705427,"Shape_Area":5.1545252212248727e-09}},{"type":"Feature","id":383,"geometry":{"type":"Polygon","coordinates":[[[107.14302112100006,10.50470000200005],[107.14288908300006,10.504735974000027],[107.14289447200008,10.504713598000023],[107.14289945700006,10.504693282000062],[107.14299483600007,10.504669960000058],[107.14319244800004,10.50462163800006],[107.14328812000008,10.504591210000058],[107.14344084700008,10.504541658000051],[107.14345389200008,10.504546855000058],[107.14345604000005,10.504548649000071],[107.14346084000005,10.504552662000037],[107.14347884700004,10.504567706000046],[107.14333119900004,10.504612965000035],[107.14328943100008,10.504626907000045],[107.14320093200007,10.504651016000025],[107.14305774000007,10.504690026000048],[107.14302112100006,10.50470000200005]]]},"properties":{"OBJECTID":383,"FID":382,"Shape_Leng":138.84147832400001,"Sothua":78,"So_To":49,"LoaidatHT":"ODT","Khuphomoi":"Khu phố Hải Dinh","Sothuacu":104,"Sotocu":11,"Phuongcu":"Phường Kim Dinh","Nguoisudun":"Nhà tập thể","Quyetdinh":"Quyết định 3693/QĐ-UBND","ID":"78.49","Shape_Length":0.0012664790577292112,"Shape_Area":2.0291635797426906e-08}},{"type":"Feature","id":384,"geometry":{"type":"Polygon","coordinates":[[[107.16696875000008,10.504785323000021],[107.16696139600003,10.504788537000024],[107.16694178800009,10.504777878000027],[107.16688969500007,10.504741292000062],[107.16678166200006,10.504692986000066],[107.16677795000004,10.504683851000038],[107.16671064000008,10.504518181000037],[107.16676744100005,10.504477139000073],[107.16678969700007,10.504469666000034],[107.16681849900004,10.50445682700007],[107.16683256400006,10.504451880000033],[107.16685536400007,10.504445430000033],[107.16688040400004,10.504437212000028],[107.16690322700003,10.504428232000066],[107.16692550200008,10.504421103000027],[107.16697884100006,10.504400270000076],[107.16700960500003,10.504388917000028],[107.16705475600008,10.504374046000066],[107.16707635700004,10.504364713000029],[107.16711542200005,10.504347839000047],[107.16715704200004,10.504331496000077],[107.16720694600008,10.504312592000076],[107.16723636500006,10.504301833000056],[107.16727489100003,10.504290412000046],[107.16728828300006,10.504323266000029],[107.16730514400007,10.504370753000046],[107.16731506300005,10.504402316000039],[107.16732486900008,10.50443692500005],[107.16733113200007,10.504458491000037],[107.16731814100007,10.504484859000058],[107.16730092100005,10.504516498000044],[107.16727175300008,10.504556750000063],[107.16726163100009,10.504576468000039],[107.16723192000006,10.504584180000052],[107.16719866300008,10.504592608000053],[107.16717418700006,10.504603177000035],[107.16714947100007,10.504617516000053],[107.16712628900007,10.504639164000025],[107.16708445500007,10.50468470800007],[107.16703789000007,10.504735199000038],[107.16701546800005,10.504755012000032],[107.16699149800007,10.504772707000029],[107.16696875000008,10.504785323000021]]]},"properties":{"OBJECTID":384,"FID":383,"Shape_Leng":186.40569801800001,"Sothua":98,"So_To":116,"LoaidatHT":"LUC","Khuphomoi":"Khu phố Hương Điền","Sothuacu":347,"Sotocu":43,"Phuongcu":"Phường Long Hương","Nguoisudun":"Lương Thành Sơn","Quyetdinh":"Quyết định 3693/QĐ-UBND","ID":"98.116","Shape_Length":0.0016951307276073797,"Shape_Area":1.6823252580156479e-07}},{"type":"Feature","id":385,"geometry":{"type":"Polygon","coordinates":[[[107.14340843900004,10.504759180000065],[107.14339142800009,10.50476450900004],[107.14338161200004,10.504733804000068],[107.14353219300006,10.504687946000047],[107.14353738500006,10.504686401000072],[107.14354306700005,10.504707433000021],[107.14354574800007,10.504717356000072],[107.14354166100009,10.50471858700007],[107.14340843900004,10.504759180000065]]]},"properties":{"OBJECTID":385,"FID":384,"Shape_Leng":42.638035497700002,"Sothua":73,"So_To":49,"LoaidatHT":"ODT","Khuphomoi":"Khu phố Hải Dinh","Sothuacu":104,"Sotocu":11,"Phuongcu":"Phường Kim Dinh","Nguoisudun":"Nhà tập thể","Quyetdinh":"Quyết định 3693/QĐ-UBND","ID":"73.49","Shape_Length":0.00038849034385855699,"Shape_Area":5.2014589173219417e-09}},{"type":"Feature","id":386,"geometry":{"type":"Polygon","coordinates":[[[107.14292999300005,10.504763898000022],[107.14286953900006,10.504780075000042],[107.14288082200005,10.504751762000069],[107.14288908300006,10.504735974000027],[107.14302112100006,10.50470000200005],[107.14305774000007,10.504690026000048],[107.14320093200007,10.504651016000025],[107.14328943100008,10.504626907000045],[107.14329945900005,10.504656509000029],[107.14326443300007,10.504665637000073],[107.14320988100008,10.504682004000074],[107.14306773900006,10.50472465200005],[107.14302129900005,10.504738584000052],[107.14299905000007,10.504745261000039],[107.14299882100005,10.504745322000076],[107.14292999300005,10.504763898000022]]]},"properties":{"OBJECTID":386,"FID":385,"Shape_Leng":103.281727897,"Sothua":81,"So_To":49,"LoaidatHT":"ODT","Khuphomoi":"Khu phố Hải Dinh","Sothuacu":104,"Sotocu":11,"Phuongcu":"Phường Kim Dinh","Nguoisudun":"Nhà tập thể","Quyetdinh":"Quyết định 3693/QĐ-UBND","ID":"81.49","Shape_Length":0.00094186533198216502,"Shape_Area":1.5112347885308366e-08}},{"type":"Feature","id":387,"geometry":{"type":"Polygon","coordinates":[[[107.16736734600005,10.504829778000044],[107.16735337200004,10.504829987000051],[107.16734742100004,10.504826043000037],[107.16733973200007,10.504820614000039],[107.16733243700008,10.504811115000052],[107.16732712200007,10.504798349000055],[107.16731803000005,10.504772367000044],[107.16731026900004,10.504749080000067],[107.16730231900004,10.504724022000062],[107.16729848000006,10.50470725200006],[107.16729569700004,10.504687330000024],[107.16729701600008,10.504682224000021],[107.16730426800007,10.504686414000048],[107.16731291500008,10.504691819000072],[107.16732551100006,10.504699544000061],[107.16733979100007,10.504706116000023],[107.16735824900007,10.504709876000049],[107.16737222900008,10.504712785000038],[107.16738853800007,10.504715320000059],[107.16739545500008,10.504719347000048],[107.16739193000006,10.50472968300005],[107.16738678800004,10.504741490000072],[107.16737508200004,10.504763068000045],[107.16736675400006,10.504785366000021],[107.16736323500004,10.504805775000023],[107.16736381400005,10.504820351000035],[107.16736734600005,10.504829778000044]]]},"properties":{"OBJECTID":387,"FID":386,"Shape_Leng":44.256367347900003,"Sothua":29,"So_To":117,"LoaidatHT":"LUC","Khuphomoi":"Khu phố Hương Điền","Sothuacu":345,"Sotocu":44,"Phuongcu":"Phường Long Hương","Nguoisudun":" ","Quyetdinh":"Quyết định 3693/QĐ-UBND","ID":"29.117","Shape_Length":0.00040149563259392481,"Shape_Area":7.4327738358054783e-09}},{"type":"Feature","id":388,"geometry":{"type":"Polygon","coordinates":[[[107.14352522800004,10.50476019000007],[107.14342621900005,10.504791156000067],[107.14340843900004,10.504759180000065],[107.14354166100009,10.50471858700007],[107.14354574800007,10.504717356000072],[107.14355670800006,10.504744811000023],[107.14355856100008,10.504749450000077],[107.14355908500005,10.504750761000025],[107.14355605500003,10.504751603000045],[107.14352522800004,10.50476019000007]]]},"properties":{"OBJECTID":388,"FID":387,"Shape_Leng":38.964055012000003,"Sothua":72,"So_To":49,"LoaidatHT":"ODT","Khuphomoi":"Khu phố Hải Dinh","Sothuacu":104,"Sotocu":11,"Phuongcu":"Phường Kim Dinh","Nguoisudun":"Nhà tập thể","Quyetdinh":"Quyết định 3693/QĐ-UBND","ID":"72.49","Shape_Length":0.00035497724090029334,"Shape_Area":4.9991475462928864e-09}},{"type":"Feature","id":389,"geometry":{"type":"Polygon","coordinates":[[[107.14298615200005,10.50478210600005],[107.14293502500004,10.504793336000034],[107.14292999300005,10.504763898000022],[107.14299882100005,10.504745322000076],[107.14299905000007,10.504745261000039],[107.14302129900005,10.504738584000052],[107.14306773900006,10.50472465200005],[107.14320988100008,10.504682004000074],[107.14326443300007,10.504665637000073],[107.14329945900005,10.504656509000029],[107.14331051400006,10.504688717000022],[107.14321939600006,10.504714949000061],[107.14305111800007,10.504763401000048],[107.14303175000003,10.504768977000026],[107.14298615200005,10.50478210600005]]]},"properties":{"OBJECTID":389,"FID":388,"Shape_Leng":91.958803162600006,"Sothua":80,"So_To":49,"LoaidatHT":"ODT","Khuphomoi":"Khu phố Hải Dinh","Sothuacu":104,"Sotocu":11,"Phuongcu":"Phường Kim Dinh","Nguoisudun":"Nhà tập thể","Quyetdinh":"Quyết định 3693/QĐ-UBND","ID":"80.49","Shape_Length":0.00083859581416275504,"Shape_Area":1.2817485558990618e-08}},{"type":"Feature","id":390,"geometry":{"type":"Polygon","coordinates":[[[107.16558257800006,10.504766989000075],[107.16560577600006,10.504838421000045],[107.16553725000006,10.504760224000051],[107.16553080100005,10.504754814000023],[107.16552765500006,10.504751979000048],[107.16551296700004,10.504745813000056],[107.16549355000006,10.504741870000032],[107.16547990800007,10.504744035000044],[107.16544427700006,10.504741403000025],[107.16544446800003,10.50474061500006],[107.16543661600008,10.504737978000037],[107.16543004800008,10.504733265000027],[107.16542005700006,10.504715743000077],[107.16541399100004,10.504705103000049],[107.16540491600006,10.504689188000043],[107.16539160500008,10.504674426000065],[107.16538911500004,10.504672271000061],[107.16538810400004,10.504670632000057],[107.16538543500008,10.504666894000025],[107.16541099800008,10.504627096000036],[107.16545870000004,10.50464895500005],[107.16549451600008,10.504656904000058],[107.16550854800005,10.504657093000048],[107.16551492000008,10.504659049000054],[107.16552073400004,10.504662360000054],[107.16554296900006,10.504682707000029],[107.16555645000005,10.504703716000051],[107.16556784600004,10.504730653000024],[107.16558257800006,10.504766989000075]]]},"properties":{"OBJECTID":390,"FID":389,"Shape_Leng":72.871573274900001,"Sothua":123,"So_To":116,"LoaidatHT":"ODT","Khuphomoi":"Khu phố Hương Điền","Sothuacu":395,"Sotocu":43,"Phuongcu":"Phường Long Hương","Nguoisudun":" ","Quyetdinh":"Quyết định 3693/QĐ-UBND","ID":"123.116","Shape_Length":0.0006620287440863527,"Shape_Area":1.5919496848787415e-08}},{"type":"Feature","id":391,"geometry":{"type":"Polygon","coordinates":[[[107.14399272600008,10.504794842000024],[107.14392860600009,10.504816047000077],[107.14390692900008,10.504735477000054],[107.14391853900008,10.504731657000036],[107.14391236100005,10.504681376000065],[107.14390884000005,10.504594850000046],[107.14404632300005,10.504550577000032],[107.14404660100007,10.504554523000024],[107.14404129000008,10.504584530000045],[107.14403771500008,10.504632468000068],[107.14403138600005,10.504692236000039],[107.14404953800005,10.50477704900004],[107.14404204300007,10.504779169000074],[107.14399272600008,10.504794842000024]]]},"properties":{"OBJECTID":391,"FID":390,"Shape_Leng":80.876626113699999,"Sothua":70,"So_To":49,"LoaidatHT":"ODT","Khuphomoi":"Khu phố Hải Dinh","Sothuacu":107,"Sotocu":11,"Phuongcu":"Phường Kim Dinh","Nguoisudun":"xí nghiệp đá Long Hương","Quyetdinh":"Quyết định 3693/QĐ-UBND","ID":"70.49","Shape_Length":0.00073375800007346819,"Shape_Area":2.8365868648873561e-08}},{"type":"Feature","id":392,"geometry":{"type":"Polygon","coordinates":[[[107.14298746500003,10.50481615800004],[107.14296526800007,10.504819225000062],[107.14293903500004,10.504816589000029],[107.14291142700006,10.504803209000045],[107.14286953900006,10.504780075000042],[107.14292999300005,10.504763898000022],[107.14293502500004,10.504793336000034],[107.14298615200005,10.50478210600005],[107.14303175000003,10.504768977000026],[107.14305111800007,10.504763401000048],[107.14321939600006,10.504714949000061],[107.14331051400006,10.504688717000022],[107.14332176300007,10.504720029000055],[107.14322856800004,10.504746716000056],[107.14312114100005,10.504777482000065],[107.14305979800008,10.504794462000064],[107.14304596400007,10.504798445000063],[107.14301238300004,10.504808122000043],[107.14299657000004,10.504812678000064],[107.14298747600009,10.50481529800004],[107.14298746500003,10.50481615800004]]]},"properties":{"OBJECTID":392,"FID":391,"Shape_Leng":108.70720362199999,"Sothua":79,"So_To":49,"LoaidatHT":"ODT","Khuphomoi":"Khu phố Hải Dinh","Sothuacu":104,"Sotocu":11,"Phuongcu":"Phường Kim Dinh","Nguoisudun":"Nhà tập thể","Quyetdinh":"Quyết định 3693/QĐ-UBND","ID":"79.49","Shape_Length":0.00099136550533090095,"Shape_Area":1.4452244195895218e-08}},{"type":"Feature","id":393,"geometry":{"type":"Polygon","coordinates":[[[107.14372922600006,10.504798471000072],[107.14363140700004,10.504837893000058],[107.14358180100004,10.504719993000037],[107.14360604800004,10.504710284000055],[107.14360629400005,10.504705655000066],[107.14371361700006,10.504683845000045],[107.14374359400006,10.504677754000056],[107.14377407200004,10.504780673000027],[107.14376841800004,10.504782915000021],[107.14372922600006,10.504798471000072]]]},"properties":{"OBJECTID":393,"FID":392,"Shape_Leng":61.576544141900001,"Sothua":71,"So_To":49,"LoaidatHT":"ODT","Khuphomoi":"Khu phố Hải Dinh","Sothuacu":107,"Sotocu":11,"Phuongcu":"Phường Kim Dinh","Nguoisudun":"xí nghiệp đá Long Hương","Quyetdinh":"Quyết định 3693/QĐ-UBND","ID":"71.49","Shape_Length":0.00055982076161223133,"Shape_Area":1.9373021228804597e-08}},{"type":"Feature","id":394,"geometry":{"type":"Polygon","coordinates":[[[107.14305471300008,10.504829266000058],[107.14299792300005,10.504845335000027],[107.14299559000006,10.504838824000046],[107.14298746500003,10.50481615800004],[107.14298747600009,10.50481529800004],[107.14299657000004,10.504812678000064],[107.14301238300004,10.504808122000043],[107.14304596400007,10.504798445000063],[107.14305979800008,10.504794462000064],[107.14312114100005,10.504777482000065],[107.14322856800004,10.504746716000056],[107.14332176300007,10.504720029000055],[107.14333273800008,10.504751314000032],[107.14326114800008,10.504771258000062],[107.14323747500003,10.504777551000075],[107.14312994600004,10.504807976000052],[107.14305471300008,10.504829266000058]]]},"properties":{"OBJECTID":394,"FID":393,"Shape_Leng":83.384531697,"Sothua":57,"So_To":49,"LoaidatHT":"ODT","Khuphomoi":"Khu phố Hải Dinh","Sothuacu":104,"Sotocu":11,"Phuongcu":"Phường Kim Dinh","Nguoisudun":"Nhà tập thể","Quyetdinh":"Quyết định 3693/QĐ-UBND","ID":"57.49","Shape_Length":0.00076037747302415599,"Shape_Area":1.1179583265163319e-08}},{"type":"Feature","id":395,"geometry":{"type":"Polygon","coordinates":[[[107.14400299900007,10.504834861000063],[107.14393528700003,10.504856863000043],[107.14392299300005,10.504818026000066],[107.14392860600009,10.504816047000077],[107.14399272600008,10.504794842000024],[107.14404204300007,10.504779169000074],[107.14405511400008,10.504817862000039],[107.14402236900008,10.50482856800005],[107.14400299900007,10.504834861000063]]]},"properties":{"OBJECTID":395,"FID":394,"Shape_Leng":36.555661662699997,"Sothua":68,"So_To":49,"LoaidatHT":"ODT","Khuphomoi":"Khu phố Hải Dinh","Sothuacu":107,"Sotocu":11,"Phuongcu":"Phường Kim Dinh","Nguoisudun":"xí nghiệp đá Long Hương","Quyetdinh":"Quyết định 3693/QĐ-UBND","ID":"68.49","Shape_Length":0.00033282641736163504,"Shape_Area":5.1557619093254739e-09}},{"type":"Feature","id":396,"geometry":{"type":"Polygon","coordinates":[[[107.14345877100004,10.50486074500003],[107.14345520700004,10.504860801000063],[107.14345107200006,10.504859021000073],[107.14344762600007,10.504855823000071],[107.14344549000003,10.504849734000061],[107.14343367500004,10.504813791000061],[107.14342621900005,10.504791156000067],[107.14352522800004,10.50476019000007],[107.14355605500003,10.504751603000045],[107.14355908500005,10.504750761000025],[107.14355989400008,10.504752962000055],[107.14357337200005,10.504789616000039],[107.14358556600007,10.504822779000051],[107.14347360300007,10.504857898000068],[107.14345877100004,10.50486074500003]]]},"properties":{"OBJECTID":396,"FID":395,"Shape_Leng":47.145738578900001,"Sothua":62,"So_To":49,"LoaidatHT":"ODT","Khuphomoi":"Khu phố Hải Dinh","Sothuacu":104,"Sotocu":11,"Phuongcu":"Phường Kim Dinh","Nguoisudun":"Nhà tập thể","Quyetdinh":"Quyết định 3693/QĐ-UBND","ID":"62.49","Shape_Length":0.0004289474053567087,"Shape_Area":1.0831358030968801e-08}},{"type":"Feature","id":397,"geometry":{"type":"Polygon","coordinates":[[[107.14301891700006,10.504873447000023],[107.14300849600005,10.504876402000036],[107.14299792300005,10.504845335000027],[107.14305471300008,10.504829266000058],[107.14312994600004,10.504807976000052],[107.14323747500003,10.504777551000075],[107.14326114800008,10.504771258000062],[107.14333273800008,10.504751314000032],[107.14333877900003,10.50474970700003],[107.14334982700007,10.504780975000074],[107.14330002900005,10.504794739000033],[107.14306373500006,10.504861051000034],[107.14302778200005,10.504871141000024],[107.14301891700006,10.504873447000023]]]},"properties":{"OBJECTID":397,"FID":396,"Shape_Leng":84.923358236699997,"Sothua":58,"So_To":49,"LoaidatHT":"ODT","Khuphomoi":"Khu phố Hải Dinh","Sothuacu":104,"Sotocu":11,"Phuongcu":"Phường Kim Dinh","Nguoisudun":"Nhà tập thể","Quyetdinh":"Quyết định 3693/QĐ-UBND","ID":"58.49","Shape_Length":0.00077442059854973457,"Shape_Area":1.1746571425005233e-08}},{"type":"Feature","id":398,"geometry":{"type":"Polygon","coordinates":[[[107.14371345100005,10.504863148000027],[107.14365918000004,10.504884164000032],[107.14363140700004,10.504837893000058],[107.14372922600006,10.504798471000072],[107.14376841800004,10.504782915000021],[107.14377407200004,10.504780673000027],[107.14379415400003,10.504831016000026],[107.14371345100005,10.504863148000027]]]},"properties":{"OBJECTID":398,"FID":397,"Shape_Leng":44.704924731200002,"Sothua":63,"So_To":49,"LoaidatHT":"ODT","Khuphomoi":"Khu phố Hải Dinh","Sothuacu":107,"Sotocu":11,"Phuongcu":"Phường Kim Dinh","Nguoisudun":"xí nghiệp đá Long Hương","Quyetdinh":"Quyết định 3693/QĐ-UBND","ID":"63.49","Shape_Length":0.00040694191840837693,"Shape_Area":8.0637703089943085e-09}},{"type":"Feature","id":399,"geometry":{"type":"Polygon","coordinates":[[[107.16752947800006,10.504901871000072],[107.16751137200004,10.504932577000034],[107.16750603900005,10.504931501000044],[107.16749464400004,10.504925151000066],[107.16746825000007,10.504906840000046],[107.16743870100004,10.504883821000021],[107.16741606700003,10.504868816000055],[107.16739391900006,10.50485186800006],[107.16737910600006,10.504839826000023],[107.16736734600005,10.504829778000044],[107.16736381400005,10.504820351000035],[107.16736323500004,10.504805775000023],[107.16736675400006,10.504785366000021],[107.16737508200004,10.504763068000045],[107.16738678800004,10.504741490000072],[107.16739193000006,10.50472968300005],[107.16739545500008,10.504719347000048],[107.16740550500003,10.50471716800007],[107.16742295200004,10.504711495000038],[107.16743499300009,10.504705857000033],[107.16745686400009,10.504693366000026],[107.16747791800009,10.504681389000041],[107.16751250800007,10.504658913000071],[107.16755082400005,10.50463443600006],[107.16759266600008,10.50460746300007],[107.16762934400003,10.504583553000032],[107.16766185700004,10.504563080000025],[107.16768956900006,10.504545166000071],[107.16771271600004,10.504528600000071],[107.16772385600007,10.504520330000048],[107.16772530100008,10.504520070000069],[107.16773152100006,10.504519774000073],[107.16773673300008,10.504526374000022],[107.16774159200008,10.504536916000063],[107.16776105300005,10.504563153000049],[107.16777945200005,10.504580998000051],[107.16778872100008,10.504589423000027],[107.16779514000007,10.504598707000071],[107.16777862700008,10.504604766000057],[107.16766375500004,10.504738317000033],[107.16765840200009,10.504732794000063],[107.16764355400005,10.504716773000041],[107.16763466400005,10.504712272000063],[107.16762176800006,10.504710902000056],[107.16761159800006,10.50471546700004],[107.16759997700007,10.504725354000072],[107.16759431100007,10.504734430000042],[107.16759264700005,10.504743694000069],[107.16759957300007,10.504756491000023],[107.16761177200004,10.504766613000072],[107.16762266700005,10.504776777000075],[107.16760831100004,10.504794336000032],[107.16758616100009,10.504819845000043],[107.16756575800008,10.504847212000072],[107.16755347200007,10.504864222000037],[107.16752947800006,10.504901871000072]]]},"properties":{"OBJECTID":399,"FID":398,"Shape_Leng":145.292061391,"Sothua":30,"So_To":117,"LoaidatHT":"LUC","Khuphomoi":"Khu phố Hương Điền","Sothuacu":343,"Sotocu":44,"Phuongcu":"Phường Long Hương","Nguoisudun":"Nguyễn Hữu Tuấn","Quyetdinh":"Quyết định 3693/QĐ-UBND","ID":"30.117","Shape_Length":0.0013202914399900786,"Shape_Area":7.0486850465967793e-08}},{"type":"Feature","id":400,"geometry":{"type":"Polygon","coordinates":[[[107.16384906100006,10.504885479000052],[107.16371577000007,10.504943466000043],[107.16374034600005,10.50490465200005],[107.16375374700004,10.50488348500005],[107.16376165500009,10.504887975000031],[107.16377991600007,10.504856443000051],[107.16378696100008,10.504844281000032],[107.16384906100006,10.504885479000052]]]},"properties":{"OBJECTID":400,"FID":399,"Shape_Leng":38.531712357399996,"Sothua":3,"So_To":121,"LoaidatHT":"ODT","Khuphomoi":"Khu phố Hương Điền","Sothuacu":0,"Sotocu":46,"Phuongcu":"Phường Long Hương","Nguoisudun":" ","Quyetdinh":"Quyết định 3693/QĐ-UBND","ID":"3.121","Shape_Length":0.00035046086309768526,"Shape_Area":4.568258366961922e-09}},{"type":"Feature","id":401,"geometry":{"type":"Polygon","coordinates":[[[107.14303670200007,10.504902350000066],[107.14302839200008,10.504905155000074],[107.14301891700006,10.504873447000023],[107.14302778200005,10.504871141000024],[107.14306373500006,10.504861051000034],[107.14330002900005,10.504794739000033],[107.14334982700007,10.504780975000074],[107.14338680800006,10.504804651000029],[107.14335545600005,10.504813317000071],[107.14330877600008,10.504825966000055],[107.14314898400005,10.504872050000074],[107.14314821900007,10.504872257000045],[107.14303670200007,10.504902350000066]]]},"properties":{"OBJECTID":401,"FID":400,"Shape_Leng":86.924854351700006,"Sothua":60,"So_To":49,"LoaidatHT":"ODT","Khuphomoi":"Khu phố Hải Dinh","Sothuacu":104,"Sotocu":11,"Phuongcu":"Phường Kim Dinh","Nguoisudun":"Nhà tập thể","Quyetdinh":"Quyết định 3693/QĐ-UBND","ID":"60.49","Shape_Length":0.00079285839579548158,"Shape_Area":1.1790772653623508e-08}},{"type":"Feature","id":402,"geometry":{"type":"Polygon","coordinates":[[[107.15297622300005,10.504896909000024],[107.15282583900006,10.504926282000042],[107.15259059200008,10.504894295000042],[107.15255743900008,10.504875011000024],[107.15255973500007,10.504840048000062],[107.15256096800005,10.504821304000075],[107.15257269300008,10.50474820200003],[107.15258398200007,10.504730412000072],[107.15267578800007,10.504553795000049],[107.15269620000004,10.504519043000073],[107.15272690500007,10.504442740000059],[107.15276926300004,10.504364541000029],[107.15280369900006,10.504381052000042],[107.15286757800004,10.504408639000076],[107.15288921100006,10.504418970000074],[107.15298837000006,10.504466322000042],[107.15301536000004,10.504406801000073],[107.15319780500005,10.504557263000038],[107.15325652100006,10.504627966000044],[107.15331871100005,10.504707418000066],[107.15308104900004,10.504838539000048],[107.15297622300005,10.504896909000024]]]},"properties":{"OBJECTID":402,"FID":401,"Shape_Leng":232.73147832399999,"Sothua":3,"So_To":51,"LoaidatHT":"ODT","Khuphomoi":"Khu phố Núi Dinh","Sothuacu":2,"Sotocu":12,"Phuongcu":"Phường Kim Dinh","Nguoisudun":"UBND phường","Quyetdinh":"Quyết định 3693/QĐ-UBND","ID":"3.51","Shape_Length":0.0021161437096197653,"Shape_Area":2.6597571135411643e-07}},{"type":"Feature","id":403,"geometry":{"type":"Polygon","coordinates":[[[107.14397441000006,10.504901438000047],[107.14390583800008,10.504924705000064],[107.14388533000005,10.504872481000064],[107.14393528700003,10.504856863000043],[107.14400299900007,10.504834861000063],[107.14402236900008,10.50482856800005],[107.14405511400008,10.504817862000039],[107.14406174000004,10.504872555000077],[107.14404724100007,10.50487765400004],[107.14402195700006,10.504885909000052],[107.14397441000006,10.504901438000047]]]},"properties":{"OBJECTID":403,"FID":402,"Shape_Leng":49.862527816799997,"Sothua":67,"So_To":49,"LoaidatHT":"ODT","Khuphomoi":"Khu phố Hải Dinh","Sothuacu":107,"Sotocu":11,"Phuongcu":"Phường Kim Dinh","Nguoisudun":"xí nghiệp đá Long Hương","Quyetdinh":"Quyết định 3693/QĐ-UBND","ID":"67.49","Shape_Length":0.00045395240838627812,"Shape_Area":9.3758182296230391e-09}},{"type":"Feature","id":404,"geometry":{"type":"Polygon","coordinates":[[[107.14387683900009,10.504935119000038],[107.14385747600005,10.504942352000057],[107.14381673200006,10.504848346000074],[107.14378635500009,10.504778183000042],[107.14376505400008,10.504710831000068],[107.14376021700008,10.504694123000036],[107.14376747900008,10.50466162500004],[107.14380671500004,10.504653401000041],[107.14380107000005,10.504629554000076],[107.14380511000007,10.504628254000067],[107.14390884000005,10.504594850000046],[107.14391236100005,10.504681376000065],[107.14391853900008,10.504731657000036],[107.14390692900008,10.504735477000054],[107.14392860600009,10.504816047000077],[107.14392299300005,10.504818026000066],[107.14393528700003,10.504856863000043],[107.14388533000005,10.504872481000064],[107.14390583800008,10.504924705000064],[107.14388952900003,10.504930786000045],[107.14387683900009,10.504935119000038]]]},"properties":{"OBJECTID":404,"FID":403,"Shape_Leng":101.17355825200001,"Sothua":65,"So_To":49,"LoaidatHT":"ODT","Khuphomoi":"Khu phố Hải Dinh","Sothuacu":107,"Sotocu":11,"Phuongcu":"Phường Kim Dinh","Nguoisudun":"xí nghiệp đá Long Hương","Quyetdinh":"Quyết định 3693/QĐ-UBND","ID":"65.49","Shape_Length":0.0009175956249518084,"Shape_Area":3.6658364846139235e-08}},{"type":"Feature","id":405,"geometry":{"type":"Polygon","coordinates":[[[107.14306914900004,10.504941271000064],[107.14303291000004,10.504954230000067],[107.14301957200007,10.504907606000074],[107.14302839200008,10.504905155000074],[107.14303670200007,10.504902350000066],[107.14314821900007,10.504872257000045],[107.14314898400005,10.504872050000074],[107.14330877600008,10.504825966000055],[107.14335545600005,10.504813317000071],[107.14338680800006,10.504804651000029],[107.14339627400005,10.504836757000021],[107.14336399000007,10.50484537400007],[107.14333690300003,10.504853848000039],[107.14315907900004,10.504909482000073],[107.14315612700005,10.504910191000022],[107.14312611100007,10.504919351000069],[107.14307359800006,10.504935379000074],[107.14306772300006,10.50493717300003],[107.14306914900004,10.504941271000064]]]},"properties":{"OBJECTID":405,"FID":404,"Shape_Leng":93.211851912499995,"Sothua":59,"So_To":49,"LoaidatHT":"ODT","Khuphomoi":"Khu phố Hải Dinh","Sothuacu":104,"Sotocu":11,"Phuongcu":"Phường Kim Dinh","Nguoisudun":"Nhà tập thể","Quyetdinh":"Quyết định 3693/QĐ-UBND","ID":"59.49","Shape_Length":0.00084979647269021162,"Shape_Area":1.4534613116417312e-08}},{"type":"Feature","id":406,"geometry":{"type":"Polygon","coordinates":[[[107.14391394500007,10.504963283000052],[107.14390400200006,10.50496692400003],[107.14388952900003,10.504930786000045],[107.14390583800008,10.504924705000064],[107.14397441000006,10.504901438000047],[107.14402195700006,10.504885909000052],[107.14404724100007,10.50487765400004],[107.14405851500004,10.504910350000046],[107.14403391700006,10.504919355000027],[107.14391394500007,10.504963283000052]]]},"properties":{"OBJECTID":406,"FID":405,"Shape_Leng":44.406312116700001,"Sothua":66,"So_To":49,"LoaidatHT":"ODT","Khuphomoi":"Khu phố Hải Dinh","Sothuacu":107,"Sotocu":11,"Phuongcu":"Phường Kim Dinh","Nguoisudun":"xí nghiệp đá Long Hương","Quyetdinh":"Quyết định 3693/QĐ-UBND","ID":"66.49","Shape_Length":0.00040449181407614329,"Shape_Area":6.1570912204348504e-09}},{"type":"Feature","id":407,"geometry":{"type":"Polygon","coordinates":[[[107.15547419100005,10.504936287000021],[107.15538739000004,10.504990372000066],[107.15535998200005,10.504942855000024],[107.15526549700007,10.504762940000035],[107.15513300400005,10.504824081000038],[107.15504724400006,10.504715427000065],[107.15489311800007,10.504528077000032],[107.15489120900008,10.504522920000056],[107.15508530000005,10.504401952000023],[107.15517961000006,10.50433920200004],[107.15547419100005,10.504936287000021]]]},"properties":{"OBJECTID":407,"FID":406,"Shape_Leng":209.39605636499999,"Sothua":74,"So_To":67,"LoaidatHT":"ODT","Khuphomoi":"Khu phố Hương Sơn","Sothuacu":74,"Sotocu":9,"Phuongcu":"phường Long Hương","Nguoisudun":"NGUYỄN THỊ ƯỚC; Sử dụng: UBND PHƯỜNG.","Quyetdinh":"Quyết định 3693/QĐ-UBND","ID":"74.67","Shape_Length":0.0019005629316906753,"Shape_Area":1.4610574703091221e-07}},{"type":"Feature","id":408,"geometry":{"type":"Polygon","coordinates":[[[107.14385883600005,10.504966431000071],[107.14381877200009,10.504982375000054],[107.14374968400006,10.504961069000046],[107.14369142800007,10.504927252000073],[107.14365918000004,10.504884164000032],[107.14371345100005,10.504863148000027],[107.14379415400003,10.504831016000026],[107.14379571100005,10.504833966000035],[107.14380521200007,10.504852998000047],[107.14383150300006,10.50490938300004],[107.14385883600005,10.504966431000071]]]},"properties":{"OBJECTID":408,"FID":407,"Shape_Leng":58.459209583300002,"Sothua":64,"So_To":49,"LoaidatHT":"ODT","Khuphomoi":"Khu phố Hải Dinh","Sothuacu":107,"Sotocu":11,"Phuongcu":"Phường Kim Dinh","Nguoisudun":"xí nghiệp đá Long Hương","Quyetdinh":"Quyết định 3693/QĐ-UBND","ID":"64.49","Shape_Length":0.00053173887320367454,"Shape_Area":1.6493551147650546e-08}},{"type":"Feature","id":409,"geometry":{"type":"Polygon","coordinates":[[[107.14321113600005,10.504969379000045],[107.14318033500007,10.50498155300005],[107.14315612700005,10.504910191000022],[107.14315907900004,10.504909482000073],[107.14333690300003,10.504853848000039],[107.14336399000007,10.50484537400007],[107.14339627400005,10.504836757000021],[107.14339640200006,10.50483712700003],[107.14341608100005,10.504897695000068],[107.14335480400007,10.504918436000025],[107.14335609300008,10.504922417000046],[107.14321113600005,10.504969379000045]]]},"properties":{"OBJECTID":409,"FID":408,"Shape_Leng":70.823238214300005,"Sothua":61,"So_To":49,"LoaidatHT":"ODT","Khuphomoi":"Khu phố Hải Dinh","Sothuacu":104,"Sotocu":11,"Phuongcu":"Phường Kim Dinh","Nguoisudun":"Nhà tập thể","Quyetdinh":"Quyết định 3693/QĐ-UBND","ID":"61.49","Shape_Length":0.00064495844703894975,"Shape_Area":1.7704318200112887e-08}},{"type":"Feature","id":410,"geometry":{"type":"Polygon","coordinates":[[[107.14393257100005,10.505005665000056],[107.14392442100007,10.505008696000061],[107.14390900100005,10.504977151000048],[107.14390400200006,10.50496692400003],[107.14391394500007,10.504963283000052],[107.14403391700006,10.504919355000027],[107.14405851500004,10.504910350000046],[107.14407319400004,10.504953630000045],[107.14404387500008,10.504964379000057],[107.14399197700004,10.504983926000023],[107.14396066900008,10.504995719000021],[107.14393424000008,10.505005045000075],[107.14393257100005,10.505005665000056]]]},"properties":{"OBJECTID":410,"FID":409,"Shape_Leng":45.617621807100001,"Sothua":41,"So_To":49,"LoaidatHT":"ODT","Khuphomoi":"Khu phố Hải Dinh","Sothuacu":107,"Sotocu":11,"Phuongcu":"Phường Kim Dinh","Nguoisudun":"xí nghiệp đá Long Hương","Quyetdinh":"Quyết định 3693/QĐ-UBND","ID":"41.49","Shape_Length":0.0004153833632237599,"Shape_Area":7.4464623174766797e-09}},{"type":"Feature","id":411,"geometry":{"type":"Polygon","coordinates":[[[107.14313336900005,10.504994898000064],[107.14305340100009,10.505015721000063],[107.14303291000004,10.504954230000067],[107.14306914900004,10.504941271000064],[107.14306772300006,10.50493717300003],[107.14307359800006,10.504935379000074],[107.14312611100007,10.504919351000069],[107.14315612700005,10.504910191000022],[107.14318033500007,10.50498155300005],[107.14313336900005,10.504994898000064]]]},"properties":{"OBJECTID":411,"FID":410,"Shape_Leng":44.725965527900001,"Sothua":47,"So_To":49,"LoaidatHT":"ODT","Khuphomoi":"Khu phố Hải Dinh","Sothuacu":104,"Sotocu":11,"Phuongcu":"Phường Kim Dinh","Nguoisudun":"Nhà tập thể","Quyetdinh":"Quyết định 3693/QĐ-UBND","ID":"47.49","Shape_Length":0.00040688662986791837,"Shape_Area":9.4277466455686309e-09}},{"type":"Feature","id":412,"geometry":{"type":"Polygon","coordinates":[[[107.14358551100008,10.505033636000064],[107.14351163100008,10.505066187000068],[107.14349782600004,10.505019762000074],[107.14346670400005,10.504915097000037],[107.14346606900006,10.504912582000031],[107.14353858200008,10.504887677000056],[107.14360183600007,10.504865277000022],[107.14360383700006,10.504865262000067],[107.14360581700004,10.504866260000028],[107.14360676500007,10.50486760900003],[107.14361830900003,10.50489275700005],[107.14363337000009,10.504922865000026],[107.14367006200007,10.504997103000051],[107.14367033000008,10.504997646000049],[107.14367083300004,10.504998665000073],[107.14367104000007,10.505000537000058],[107.14358551100008,10.505033636000064]]]},"properties":{"OBJECTID":412,"FID":411,"Shape_Leng":69.3459754382,"Sothua":43,"So_To":49,"LoaidatHT":"ODT","Khuphomoi":"Khu phố Hải Dinh","Sothuacu":104,"Sotocu":11,"Phuongcu":"Phường Kim Dinh","Nguoisudun":"Nhà tập thể","Quyetdinh":"Quyết định 3693/QĐ-UBND","ID":"43.49","Shape_Length":0.00063007796523353865,"Shape_Area":2.4632120352982019e-08}},{"type":"Feature","id":413,"geometry":{"type":"Polygon","coordinates":[[[107.14405501700008,10.505078462000029],[107.14404077200004,10.505079746000035],[107.14402396700007,10.505077345000075],[107.14399045700009,10.505058974000065],[107.14397623000008,10.505050828000037],[107.14393983500008,10.505011145000026],[107.14393458300003,10.505005417000064],[107.14393424000008,10.505005045000075],[107.14396066900008,10.504995719000021],[107.14399197700004,10.504983926000023],[107.14404387500008,10.504964379000057],[107.14407319400004,10.504953630000045],[107.14409214400007,10.50501765000007],[107.14409500300007,10.505032240000048],[107.14409434900006,10.505048783000063],[107.14408294300006,10.505065587000047],[107.14407193100004,10.505071759000032],[107.14405501700008,10.505078462000029]]]},"properties":{"OBJECTID":413,"FID":412,"Shape_Leng":48.982592477300003,"Sothua":40,"So_To":49,"LoaidatHT":"ODT","Khuphomoi":"Khu phố Hải Dinh","Sothuacu":107,"Sotocu":11,"Phuongcu":"Phường Kim Dinh","Nguoisudun":"xí nghiệp đá Long Hương","Quyetdinh":"Quyết định 3693/QĐ-UBND","ID":"40.49","Shape_Length":0.00044549260979861294,"Shape_Area":1.2443053551613193e-08}},{"type":"Feature","id":414,"geometry":{"type":"Polygon","coordinates":[[[107.14351221100009,10.505068503000075],[107.14341148000005,10.505101401000047],[107.14336337800006,10.504948632000037],[107.14338262200005,10.504941444000053],[107.14346670400005,10.504915097000037],[107.14349782600004,10.505019762000074],[107.14351163100008,10.505066187000068],[107.14351221100009,10.505068503000075]]]},"properties":{"OBJECTID":414,"FID":413,"Shape_Leng":58.9183530444,"Sothua":44,"So_To":49,"LoaidatHT":"ODT","Khuphomoi":"Khu phố Hải Dinh","Sothuacu":104,"Sotocu":11,"Phuongcu":"Phường Kim Dinh","Nguoisudun":"Nhà tập thể","Quyetdinh":"Quyết định 3693/QĐ-UBND","ID":"44.49","Shape_Length":0.00053480149664107907,"Shape_Area":1.7230828171016232e-08}},{"type":"Feature","id":415,"geometry":{"type":"Polygon","coordinates":[[[107.15553690200005,10.505058822000024],[107.15547015800007,10.505134191000025],[107.15539886300007,10.505010284000036],[107.15548374700006,10.504955383000038],[107.15553171000005,10.505050856000025],[107.15553690200005,10.505058822000024]]]},"properties":{"OBJECTID":415,"FID":414,"Shape_Leng":50.8139378069,"Sothua":63,"So_To":67,"LoaidatHT":"SKC","Khuphomoi":"Khu phố Hương Sơn","Sothuacu":63,"Sotocu":9,"Phuongcu":"phường Long Hương","Nguoisudun":"DOÃN THỊ MINH","Quyetdinh":"Quyết định 3693/QĐ-UBND","ID":"63.67","Shape_Length":0.00046107151885364274,"Shape_Area":1.2614218914616407e-08}},{"type":"Feature","id":416,"geometry":{"type":"Polygon","coordinates":[[[107.16736727800009,10.505147239000053],[107.16735329700003,10.505167547000042],[107.16726537600005,10.505083041000034],[107.16718837600007,10.505009910000069],[107.16714377800008,10.504961657000024],[107.16709191600006,10.504909783000073],[107.16703797900004,10.504859126000042],[107.16696139600003,10.504788537000024],[107.16696875000008,10.504785323000021],[107.16699149800007,10.504772707000029],[107.16701546800005,10.504755012000032],[107.16703789000007,10.504735199000038],[107.16708445500007,10.50468470800007],[107.16712628900007,10.504639164000025],[107.16714947100007,10.504617516000053],[107.16717418700006,10.504603177000035],[107.16719866300008,10.504592608000053],[107.16723192000006,10.504584180000052],[107.16726163100009,10.504576468000039],[107.16726655300005,10.504598917000067],[107.16726885500009,10.50460603700003],[107.16727626200009,10.504630660000032],[107.16729027400004,10.504667655000048],[107.16729701600008,10.504682224000021],[107.16729569700004,10.504687330000024],[107.16729848000006,10.50470725200006],[107.16730231900004,10.504724022000062],[107.16731026900004,10.504749080000067],[107.16731803000005,10.504772367000044],[107.16732712200007,10.504798349000055],[107.16733243700008,10.504811115000052],[107.16733973200007,10.504820614000039],[107.16734742100004,10.504826043000037],[107.16735337200004,10.504829987000051],[107.16736734600005,10.504829778000044],[107.16737910600006,10.504839826000023],[107.16739391900006,10.50485186800006],[107.16741606700003,10.504868816000055],[107.16743870100004,10.504883821000021],[107.16746825000007,10.504906840000046],[107.16749464400004,10.504925151000066],[107.16750603900005,10.504931501000044],[107.16751137200004,10.504932577000034],[107.16751205400004,10.504936801000042],[107.16750788400009,10.504951060000053],[107.16750161800007,10.50496458300006],[107.16748851300008,10.504988346000061],[107.16747424900007,10.505010453000068],[107.16745723900004,10.505034273000035],[107.16743196400006,10.505067090000068],[107.16740884600006,10.505096323000032],[107.16738460600004,10.505125283000041],[107.16736727800009,10.505147239000053]]]},"properties":{"OBJECTID":416,"FID":415,"Shape_Leng":184.33630871299999,"Sothua":28,"So_To":117,"LoaidatHT":"LUC","Khuphomoi":"Khu phố Hương Điền","Sothuacu":346,"Sotocu":44,"Phuongcu":"Phường Long Hương","Nguoisudun":"Nguyễn Hữu Tuấn","Quyetdinh":"Quyết định 3693/QĐ-UBND","ID":"28.117","Shape_Length":0.0016741706880025987,"Shape_Area":1.448431317946192e-07}},{"type":"Feature","id":417,"geometry":{"type":"Polygon","coordinates":[[[107.14331806000007,10.505129340000053],[107.14329946700008,10.505134747000056],[107.14325336300004,10.504987434000043],[107.14325261900007,10.504984729000057],[107.14328675400009,10.504973421000045],[107.14331775400007,10.504962396000053],[107.14336337800006,10.504948632000037],[107.14341148000005,10.505101401000047],[107.14335868300009,10.505116851000025],[107.14334082100004,10.505121987000052],[107.14331806000007,10.505129340000053]]]},"properties":{"OBJECTID":417,"FID":416,"Shape_Leng":60.657447515100003,"Sothua":45,"So_To":49,"LoaidatHT":"ODT","Khuphomoi":"Khu phố Hải Dinh","Sothuacu":104,"Sotocu":11,"Phuongcu":"Phường Kim Dinh","Nguoisudun":"Nhà tập thể","Quyetdinh":"Quyết định 3693/QĐ-UBND","ID":"45.49","Shape_Length":0.00055072313528571062,"Shape_Area":1.855145732231784e-08}},{"type":"Feature","id":418,"geometry":{"type":"Polygon","coordinates":[[[107.14317453800004,10.505184813000028],[107.14311766400004,10.505201466000074],[107.14306935100007,10.505039629000066],[107.14325261900007,10.504984729000057],[107.14325336300004,10.504987434000043],[107.14329946700008,10.505134747000056],[107.14323805200007,10.50516049600003],[107.14322432600005,10.505167631000063],[107.14319606600009,10.505178191000027],[107.14317453800004,10.505184813000028]]]},"properties":{"OBJECTID":418,"FID":417,"Shape_Leng":78.282011984600004,"Sothua":46,"So_To":49,"LoaidatHT":"ODT","Khuphomoi":"Khu phố Hải Dinh","Sothuacu":104,"Sotocu":11,"Phuongcu":"Phường Kim Dinh","Nguoisudun":"Nhà tập thể","Quyetdinh":"Quyết định 3693/QĐ-UBND","ID":"46.49","Shape_Length":0.00071139128152454729,"Shape_Area":3.1882395208459312e-08}},{"type":"Feature","id":419,"geometry":{"type":"Polygon","coordinates":[[[107.16327048300008,10.505470036000077],[107.16326828900009,10.50547166900003],[107.16326702500004,10.505469704000063],[107.16324510100009,10.505435619000025],[107.16322920200008,10.505430169000022],[107.16324366300006,10.505426846000034],[107.16327048300008,10.505470036000077]]]},"properties":{"OBJECTID":419,"FID":418,"Shape_Leng":14.1057788903,"Sothua":53,"So_To":116,"LoaidatHT":"HNK","Khuphomoi":"Khu phố Hương Điền","Sothuacu":0,"Sotocu":43,"Phuongcu":"Phường Long Hương","Nguoisudun":" ","Quyetdinh":"Quyết định 3693/QĐ-UBND","ID":"53.116","Shape_Length":0.00012808347038613518,"Shape_Area":2.108959752390775e-10}},{"type":"Feature","id":420,"geometry":{"type":"Polygon","coordinates":[[[107.16780709200003,10.50552827100006],[107.16778251800008,10.505548887000032],[107.16762913400004,10.505451647000029],[107.16764107800009,10.505440696000051],[107.16763880700006,10.505439214000035],[107.16759847700007,10.505412930000034],[107.16757313900007,10.50539853500004],[107.16755180100006,10.505384935000052],[107.16751928500008,10.505359903000056],[107.16746549300007,10.505314469000041],[107.16745694700006,10.505307251000033],[107.16739309100006,10.505251233000024],[107.16734128400009,10.505214855000077],[107.16735329700003,10.505167547000042],[107.16736727800009,10.505147239000053],[107.16738460600004,10.505125283000041],[107.16740884600006,10.505096323000032],[107.16743196400006,10.505067090000068],[107.16745723900004,10.505034273000035],[107.16747424900007,10.505010453000068],[107.16748851300008,10.504988346000061],[107.16750161800007,10.50496458300006],[107.16750788400009,10.504951060000053],[107.16751205400004,10.504936801000042],[107.16751137200004,10.504932577000034],[107.16752947800006,10.504901871000072],[107.16755347200007,10.504864222000037],[107.16756575800008,10.504847212000072],[107.16758616100009,10.504819845000043],[107.16760831100004,10.504794336000032],[107.16762266700005,10.504776777000075],[107.16765359700008,10.504759998000054],[107.16765473200007,10.504758332000051],[107.16767183800005,10.504796242000054],[107.16777275300007,10.504912334000039],[107.16787995800007,10.505035762000034],[107.16798716300008,10.505159099000025],[107.16808844300004,10.505275644000051],[107.16809756800006,10.505267010000068],[107.16810609400005,10.505277511000031],[107.16809878000004,10.50528216400005],[107.16807949400004,10.505295310000065],[107.16805291500003,10.505316625000034],[107.16802852200004,10.505337538000049],[107.16800073500008,10.505359412000075],[107.16797866100006,10.505380094000031],[107.16795121300004,10.505403966000074],[107.16791645400008,10.50543480500005],[107.16788528500007,10.505461021000031],[107.16785141200006,10.505491645000063],[107.16780709200003,10.50552827100006]]]},"properties":{"OBJECTID":420,"FID":419,"Shape_Leng":249.140325749,"Sothua":24,"So_To":117,"LoaidatHT":"LUC","Khuphomoi":"Khu phố Hương Điền","Sothuacu":335,"Sotocu":44,"Phuongcu":"Phường Long Hương","Nguoisudun":"Nguyễn Thị Tuông","Quyetdinh":"Quyết định 3693/QĐ-UBND","ID":"24.117","Shape_Length":0.0022631547331829981,"Shape_Area":2.9985314767438001e-07}},{"type":"Feature","id":421,"geometry":{"type":"Polygon","coordinates":[[[107.15588962800007,10.505491648000032],[107.15600623900008,10.50556636400006],[107.15590627200004,10.505530285000077],[107.15583275100005,10.505518846000029],[107.15574487500004,10.505466242000068],[107.15562769900004,10.505351833000077],[107.15569522200008,10.505298889000073],[107.15588962800007,10.505491648000032]]]},"properties":{"OBJECTID":421,"FID":420,"Shape_Leng":103.846937239,"Sothua":47,"So_To":67,"LoaidatHT":"SKC","Khuphomoi":"Khu phố Hương Sơn","Sothuacu":47,"Sotocu":9,"Phuongcu":"phường Long Hương","Nguoisudun":"NGUYỄN MINH LONG","Quyetdinh":"Quyết định 3693/QĐ-UBND","ID":"47.67","Shape_Length":0.00094493669935876627,"Shape_Area":2.4093272591250957e-08}},{"type":"Feature","id":422,"geometry":{"type":"Polygon","coordinates":[[[107.16327048300008,10.505470036000077],[107.16336106600005,10.505615914000032],[107.16326828900009,10.50547166900003],[107.16327048300008,10.505470036000077]]]},"properties":{"OBJECTID":422,"FID":421,"Shape_Leng":38.163913639999997,"Sothua":51,"So_To":116,"LoaidatHT":"HNK","Khuphomoi":"Khu phố Hương Điền","Sothuacu":525,"Sotocu":43,"Phuongcu":"Phường Long Hương","Nguoisudun":"Trần Thị Bẩy","Quyetdinh":"Quyết định 3693/QĐ-UBND","ID":"51.116","Shape_Length":0.00034595460048604087,"Shape_Area":2.3398918259045635e-10}},{"type":"Feature","id":423,"geometry":{"type":"Polygon","coordinates":[[[107.13084692500007,10.50567385100004],[107.13083349800007,10.505787272000077],[107.13065950800006,10.505773670000053],[107.13054981400006,10.505765509000071],[107.13038238900003,10.505753952000077],[107.13036770200006,10.50542656500005],[107.13060613300007,10.505432147000022],[107.13068826800009,10.505433790000041],[107.13087555100009,10.505438043000026],[107.13086060800003,10.505560394000042],[107.13084692500007,10.50567385100004]]]},"properties":{"OBJECTID":423,"FID":422,"Shape_Leng":180.32492359899999,"Sothua":57,"So_To":47,"LoaidatHT":"DYT","Khuphomoi":"Khu phố Kim Hải","Sothuacu":0,"Sotocu":47,"Phuongcu":"Phường Kim Dinh","Nguoisudun":"Trung tâm Y tế phường Kim Dinh","Quyetdinh":" ","ID":"57.47","Shape_Length":0.0016397889949216499,"Shape_Area":1.6222026589705177e-07}},{"type":"Feature","id":424,"geometry":{"type":"Polygon","coordinates":[[[107.16853079700007,10.505888178000021],[107.16852147200007,10.505889399000068],[107.16850561900009,10.505859806000046],[107.16849261800007,10.505833563000067],[107.16847438500008,10.505807075000064],[107.16846968500005,10.50580050800005],[107.16845803100006,10.50578422600006],[107.16844201600009,10.505766729000072],[107.16843424100006,10.505757998000036],[107.16845266800004,10.50574415400007],[107.16849339800007,10.505714665000028],[107.16853995900004,10.505681713000058],[107.16858994100005,10.505644420000067],[107.16862688100008,10.505617825000058],[107.16865372100006,10.505599150000023],[107.16868378300006,10.505577813000059],[107.16871143400004,10.505557060000058],[107.16873866300006,10.505536931000051],[107.16877259400007,10.505577624000068],[107.16879570200007,10.505624933000036],[107.16878625500004,10.505625061000046],[107.16878059000004,10.505629354000064],[107.16877021400006,10.505639289000044],[107.16875548300004,10.505655400000023],[107.16873905500006,10.505672458000049],[107.16870222000006,10.505715806000069],[107.16864827400008,10.505771455000058],[107.16864164900005,10.505782301000067],[107.16863823700004,10.50578858700004],[107.16863186300009,10.505803684000057],[107.16862374700008,10.505815277000067],[107.16861537700004,10.505823933000045],[107.16860609900004,10.505841302000022],[107.16859549600008,10.505854184000043],[107.16858949300007,10.505859688000044],[107.16858180800006,10.505864430000031],[107.16856066300005,10.505875521000064],[107.16854175500004,10.505883768000047],[107.16853079700007,10.505888178000021]]]},"properties":{"OBJECTID":424,"FID":423,"Shape_Leng":113.686758955,"Sothua":14,"So_To":117,"LoaidatHT":"LUC","Khuphomoi":"Khu phố Hương Điền","Sothuacu":280,"Sotocu":44,"Phuongcu":"Phường Long Hương","Nguoisudun":"Nguyễn Thị Tuông","Quyetdinh":"Quyết định 3693/QĐ-UBND","ID":"14.117","Shape_Length":0.0010329465552993602,"Shape_Area":5.1270464158377053e-08}},{"type":"Feature","id":425,"geometry":{"type":"Polygon","coordinates":[[[107.16879747800004,10.505905754000025],[107.16871924500003,10.505971340000031],[107.16860579700005,10.505861975000073],[107.16860952400003,10.505858233000026],[107.16862196800008,10.505841810000049],[107.16863927500003,10.505818299000055],[107.16864992100005,10.505799404000072],[107.16866530800007,10.505777815000044],[107.16868715900006,10.505753263000031],[107.16871676600005,10.505719956000064],[107.16874691000004,10.505685139000036],[107.16876512300007,10.505665490000069],[107.16878667700007,10.505645575000074],[107.16879980800007,10.505635979000033],[107.16881468800005,10.505631386000061],[107.16882891000006,10.50563160300004],[107.16884848900008,10.505637949000061],[107.16887794400009,10.505652207000026],[107.16890882000007,10.505667290000076],[107.16892679900008,10.505675948000032],[107.16894756900007,10.50569026200003],[107.16895142700008,10.505693786000052],[107.16896162500007,10.505700974000035],[107.16899003400005,10.505773292000072],[107.16882627800004,10.505943237000054],[107.16879747800004,10.505905754000025]]]},"properties":{"OBJECTID":425,"FID":424,"Shape_Leng":121.089082678,"Sothua":277,"So_To":68,"LoaidatHT":"HNK","Khuphomoi":"Khu phố Hương Điền","Sothuacu":277,"Sotocu":10,"Phuongcu":"phường Long Hương","Nguoisudun":"Đăng ký: NGÔ QUỐC LONG; Sử dụng: NGÔ QUỐC LONG.","Quyetdinh":"Quyết định 3693/QĐ-UBND","ID":"277.68","Shape_Length":0.0011001495853496951,"Shape_Area":7.3942461327332037e-08}},{"type":"Feature","id":426,"geometry":{"type":"Polygon","coordinates":[[[107.16391849600006,10.506018026000049],[107.16386019700008,10.506076760000042],[107.16385405200003,10.50606609700003],[107.16381100500007,10.505993082000032],[107.16376662300007,10.505920455000023],[107.16391849600006,10.506018026000049]]]},"properties":{"OBJECTID":426,"FID":425,"Shape_Leng":49.038294002299999,"Sothua":0,"So_To":116,"LoaidatHT":"HNK","Khuphomoi":"Khu phố Hương Điền","Sothuacu":0,"Sotocu":43,"Phuongcu":"Phường Long Hương","Nguoisudun":" ","Quyetdinh":"Quyết định 3693/QĐ-UBND","ID":"232_2.116","Shape_Length":0.00044545105472007518,"Shape_Area":7.2284689576876198e-09}},{"type":"Feature","id":427,"geometry":{"type":"Polygon","coordinates":[[[107.16399495500008,10.506215354000062],[107.16396649800004,10.506244171000048],[107.16389803500005,10.506142413000077],[107.16386019700008,10.506076760000042],[107.16391849600006,10.506018026000049],[107.16401905700008,10.506127248000041],[107.16401931400009,10.506136561000062],[107.16399495500008,10.506215354000062]]]},"properties":{"OBJECTID":427,"FID":426,"Shape_Leng":61.952988087800001,"Sothua":0,"So_To":116,"LoaidatHT":"HNK","Khuphomoi":"Khu phố Hương Điền","Sothuacu":0,"Sotocu":43,"Phuongcu":"Phường Long Hương","Nguoisudun":" ","Quyetdinh":"Quyết định 3693/QĐ-UBND","ID":"232_1.116","Shape_Length":0.00056193083559252593,"Shape_Area":1.8103071074173725e-08}},{"type":"Feature","id":428,"geometry":{"type":"Polygon","coordinates":[[[107.13212029900006,10.50576439200006],[107.13208178100007,10.506326112000067],[107.13186692800008,10.506297675000042],[107.13164959200009,10.506269215000032],[107.13143391800008,10.506240416000026],[107.13144001200004,10.506193794000069],[107.13103955600008,10.506135005000033],[107.13099705900004,10.506083253000043],[107.13112318600008,10.505165892000036],[107.13118985900007,10.505114939000066],[107.13175439200006,10.505200835000039],[107.13187566700009,10.50521985000006],[107.13215632100008,10.505262889000051],[107.13212029900006,10.50576439200006]]]},"properties":{"OBJECTID":428,"FID":427,"Shape_Leng":465.135181381,"Sothua":49,"So_To":47,"LoaidatHT":"DGD","Khuphomoi":"Khu phố Kim Hải","Sothuacu":0,"Sotocu":47,"Phuongcu":"Phường Kim Dinh","Nguoisudun":"Trường tiểu học Kim Dinh","Quyetdinh":" ","ID":"49.47","Shape_Length":0.0042256985323260114,"Shape_Area":1.1256854904160793e-06}},{"type":"Feature","id":429,"geometry":{"type":"Polygon","coordinates":[[[107.13349084000004,10.505605826000021],[107.13338869500006,10.50647166400006],[107.13297814000003,10.506418654000072],[107.13303757200003,10.505933147000064],[107.13308906400005,10.505521669000075],[107.13311251200008,10.505504771000062],[107.13323772400008,10.50553820500005],[107.13334173400006,10.505566055000031],[107.13349084000004,10.505605826000021]]]},"properties":{"OBJECTID":429,"FID":428,"Shape_Leng":287.85134249700002,"Sothua":39,"So_To":47,"LoaidatHT":"DVH","Khuphomoi":"Khu phố Kim Hải","Sothuacu":0,"Sotocu":47,"Phuongcu":"Phường Kim Dinh","Nguoisudun":"TTVH học tập cộng đồng phường Kim Dinh","Quyetdinh":" ","ID":"39.47","Shape_Length":0.0026101181802101491,"Shape_Area":3.6995322652862008e-07}},{"type":"Feature","id":430,"geometry":{"type":"Polygon","coordinates":[[[107.16081864500006,10.506449699000029],[107.16084433200007,10.506532844000048],[107.16080548500008,10.506451845000072],[107.16080543100009,10.506451727000069],[107.16081864500006,10.506449699000029]]]},"properties":{"OBJECTID":430,"FID":429,"Shape_Leng":21.018621915400001,"Sothua":4000,"So_To":115,"LoaidatHT":"NTD","Khuphomoi":"Khu phố Hương Điền","Sothuacu":0,"Sotocu":42,"Phuongcu":"Phường Long Hương","Nguoisudun":"Đất nhỏ","Quyetdinh":"Quyết định 3693/QĐ-UBND","ID":"4000.115","Shape_Length":0.00019035374573468593,"Shape_Area":5.7549063287787422e-10}},{"type":"Feature","id":431,"geometry":{"type":"Polygon","coordinates":[[[107.13392127400004,10.505866729000047],[107.13384291100004,10.506529053000065],[107.13360269800006,10.506498824000062],[107.13338869500006,10.50647166400006],[107.13349084000004,10.505605826000021],[107.13366698700008,10.505624322000074],[107.13374728400004,10.505631485000038],[107.13393363200004,10.50565066200005],[107.13394457600003,10.505651415000045],[107.13392127400004,10.505866729000047]]]},"properties":{"OBJECTID":431,"FID":430,"Shape_Leng":294.26562475600002,"Sothua":40,"So_To":47,"LoaidatHT":"TSC","Khuphomoi":"Khu phố Kim Hải","Sothuacu":0,"Sotocu":47,"Phuongcu":"Phường Kim Dinh","Nguoisudun":"UBND phường Kim Dinh","Quyetdinh":" ","ID":"40.47","Shape_Length":0.0026692176980906532,"Shape_Area":4.0162006364647104e-07}},{"type":"Feature","id":432,"geometry":{"type":"Polygon","coordinates":[[[107.16485994800007,10.506785140000034],[107.16484391900008,10.506800454000029],[107.16481177100007,10.506764176000047],[107.16479007800007,10.506737383000029],[107.16477293400004,10.506716005000044],[107.16476254300005,10.506702497000049],[107.16475388800006,10.50668881100006],[107.16475052300007,10.50668190600004],[107.16474789100005,10.50667598800004],[107.16476479600004,10.506663588000038],[107.16478913900005,10.50663952900004],[107.16481362300004,10.506616275000056],[107.16484256100006,10.506589007000059],[107.16488267200003,10.506549643000028],[107.16492661100006,10.506507366000051],[107.16496575300005,10.506468896000058],[107.16501455000008,10.506422053000051],[107.16505933700006,10.506376767000063],[107.16511290200003,10.506326381000065],[107.16512943400005,10.506310046000067],[107.16514238900004,10.506296174000056],[107.16515475600005,10.506281604000037],[107.16516110800006,10.506272430000024],[107.16516934600008,10.506262735000064],[107.16527081500004,10.506351471000073],[107.16527838800005,10.506359731000032],[107.16528618200005,10.506372393000049],[107.16527207400009,10.50638364200006],[107.16524837700007,10.506405659000052],[107.16522962400006,10.506423787000074],[107.16520626600004,10.506445018000022],[107.16517600800006,10.506475287000058],[107.16513531500004,10.506514586000037],[107.16498627200008,10.506660100000033],[107.16496273100006,10.506683292000048],[107.16494116800004,10.506704914000068],[107.16492165900007,10.506724163000058],[107.16490050000004,10.506746257000032],[107.16487437500007,10.506771651000065],[107.16485994800007,10.506785140000034]]]},"properties":{"OBJECTID":432,"FID":431,"Shape_Leng":167.87130881499999,"Sothua":21,"So_To":116,"LoaidatHT":"LUC","Khuphomoi":"Khu phố Hương Điền","Sothuacu":184,"Sotocu":43,"Phuongcu":"Phường Long Hương","Nguoisudun":"Nguyễn Thị Nhạn","Quyetdinh":"Quyết định 3693/QĐ-UBND","ID":"21.116","Shape_Length":0.0015251164922956361,"Shape_Area":9.2581192245519933e-08}},{"type":"Feature","id":433,"geometry":{"type":"Polygon","coordinates":[[[107.16501143200009,10.506856809000055],[107.16495713100005,10.506914219000066],[107.16495145300007,10.506911125000045],[107.16494388700005,10.506906320000041],[107.16491108200006,10.506869281000036],[107.16488202900007,10.506837059000077],[107.16486885800003,10.506828301000041],[107.16484391900008,10.506800454000029],[107.16485994800007,10.506785140000034],[107.16487437500007,10.506771651000065],[107.16490050000004,10.506746257000032],[107.16492165900007,10.506724163000058],[107.16494116800004,10.506704914000068],[107.16496273100006,10.506683292000048],[107.16498627200008,10.506660100000033],[107.16513531500004,10.506514586000037],[107.16517600800006,10.506475287000058],[107.16520626600004,10.506445018000022],[107.16522962400006,10.506423787000074],[107.16524837700007,10.506405659000052],[107.16527207400009,10.50638364200006],[107.16528618200005,10.506372393000049],[107.16530893600009,10.506398057000069],[107.16533697300008,10.506429771000057],[107.16536209400005,10.506458940000073],[107.16538488100008,10.506482624000057],[107.16534113800009,10.506524521000074],[107.16526017000007,10.506603771000073],[107.16520911700007,10.506654669000056],[107.16511622700006,10.506748553000023],[107.16501143200009,10.506856809000055]]]},"properties":{"OBJECTID":433,"FID":432,"Shape_Leng":168.724972968,"Sothua":16,"So_To":116,"LoaidatHT":"LUC","Khuphomoi":"Khu phố Hương Điền","Sothuacu":185,"Sotocu":43,"Phuongcu":"Phường Long Hương","Nguoisudun":"Nguyễn Thị Nhạn","Quyetdinh":"Quyết định 3693/QĐ-UBND","ID":"16.116","Shape_Length":0.0015328434752422341,"Shape_Area":9.3935115917798309e-08}},{"type":"Feature","id":434,"geometry":{"type":"Polygon","coordinates":[[[107.16392808900008,10.507025154000075],[107.16391612500007,10.507032971000058],[107.16390738700005,10.507030469000028],[107.16389620200005,10.507023396000022],[107.16388876400003,10.507016209000028],[107.16400183800005,10.506966980000072],[107.16399333300006,10.506974211000056],[107.16396070900004,10.507001418000073],[107.16392808900008,10.507025154000075]]]},"properties":{"OBJECTID":434,"FID":433,"Shape_Leng":29.016461979599999,"Sothua":7,"So_To":116,"LoaidatHT":"LUC","Khuphomoi":"Khu phố Hương Điền","Sothuacu":181,"Sotocu":43,"Phuongcu":"Phường Long Hương","Nguoisudun":"Trần Văn Long","Quyetdinh":"Quyết định 3693/QĐ-UBND","ID":"7.116","Shape_Length":0.00026426807960229281,"Shape_Area":1.8096119219823466e-09}},{"type":"Feature","id":435,"geometry":{"type":"Polygon","coordinates":[[[107.16960419200007,10.50721367500006],[107.16960745700004,10.507275703000062],[107.16935530200004,10.507054400000072],[107.16924857400005,10.506947056000058],[107.16919902100005,10.506889910000041],[107.16913051400007,10.506815360000076],[107.16897860400007,10.506659303000049],[107.16898209900006,10.506352906000075],[107.16907513300004,10.506238162000045],[107.16907752400004,10.506229939000036],[107.16896856400007,10.506116545000054],[107.16898390700004,10.506069921000062],[107.16907501000009,10.506059600000071],[107.16921439400005,10.506319426000061],[107.16925362000006,10.506399331000068],[107.16922024400009,10.506513007000024],[107.16930782300005,10.506531069000062],[107.16934155000007,10.506571454000039],[107.16940599600008,10.506648421000023],[107.16945727300003,10.506733050000037],[107.16964518800006,10.507030486000076],[107.16963745800007,10.507060489000025],[107.16960419200007,10.50721367500006]]]},"properties":{"OBJECTID":435,"FID":434,"Shape_Leng":340.422877196,"Sothua":25,"So_To":69,"LoaidatHT":"LUC","Khuphomoi":"Khu phố Hương Điền","Sothuacu":25,"Sotocu":11,"Phuongcu":"phường Long Hương","Nguoisudun":"Đăng ký: DƯƠNG VĂN HƯƠNG; Sử dụng: DƯƠNG VĂN HƯƠNG.","Quyetdinh":"Quyết định 3693/QĐ-UBND","ID":"25.69","Shape_Length":0.0030876607552284031,"Shape_Area":3.1005592104686219e-07}},{"type":"Feature","id":436,"geometry":{"type":"Polygon","coordinates":[[[107.16438474700004,10.507256595000058],[107.16441607500008,10.50730610200003],[107.16435935800007,10.507246174000045],[107.16432145500005,10.507215473000031],[107.16431232900004,10.507207428000072],[107.16430271100006,10.507201253000062],[107.16428308200005,10.507174862000056],[107.16426546800005,10.50715109600003],[107.16424026500005,10.507120599000075],[107.16421507300004,10.507092471000021],[107.16419476600004,10.507069107000063],[107.16417235800009,10.507044158000042],[107.16415307500006,10.507019422000042],[107.16413141500004,10.50699194200007],[107.16410935300007,10.506966206000072],[107.16409048500009,10.506940386000053],[107.16408417800005,10.506931133000023],[107.16415838200004,10.506898826000054],[107.16438474700004,10.507256595000058]]]},"properties":{"OBJECTID":436,"FID":435,"Shape_Leng":117.401138434,"Sothua":1,"So_To":116,"LoaidatHT":"LUC","Khuphomoi":"Khu phố Hương Điền","Sothuacu":1,"Sotocu":43,"Phuongcu":"Phường Long Hương","Nguoisudun":"Nguyễn Thị Nhạn","Quyetdinh":"Quyết định 3693/QĐ-UBND","ID":"1.116","Shape_Length":0.0010654849516883525,"Shape_Area":2.2776827984673588e-08}},{"type":"Feature","id":437,"geometry":{"type":"Polygon","coordinates":[[[107.16415095100007,10.507326473000035],[107.16413741200006,10.50733959400003],[107.16412450800004,10.507330357000058],[107.16410704400005,10.50731558800004],[107.16409265900006,10.507299874000068],[107.16407740400007,10.507278989000042],[107.16405579900004,10.50724815500007],[107.16396409300006,10.507102948000067],[107.16394202800006,10.507066516000066],[107.16392570400006,10.50704302500003],[107.16391612500007,10.507032971000058],[107.16392808900008,10.507025154000075],[107.16396070900004,10.507001418000073],[107.16399333300006,10.506974211000056],[107.16400183800005,10.506966980000072],[107.16408417800005,10.506931133000023],[107.16409048500009,10.506940386000053],[107.16410935300007,10.506966206000072],[107.16413141500004,10.50699194200007],[107.16415307500006,10.507019422000042],[107.16417235800009,10.507044158000042],[107.16419476600004,10.507069107000063],[107.16421507300004,10.507092471000021],[107.16424026500005,10.507120599000075],[107.16426546800005,10.50715109600003],[107.16428308200005,10.507174862000056],[107.16430271100006,10.507201253000062],[107.16429143900007,10.507214026000042],[107.16424503500008,10.50724985100004],[107.16418282900008,10.507301496000025],[107.16415095100007,10.507326473000035]]]},"properties":{"OBJECTID":437,"FID":436,"Shape_Leng":125.74325198299999,"Sothua":99,"So_To":113,"LoaidatHT":"LUC","Khuphomoi":"Khu phố Hương Điền","Sothuacu":140,"Sotocu":40,"Phuongcu":"Phường Long Hương","Nguoisudun":"Nguyễn Thị Nhạn","Quyetdinh":"Quyết định 3693/QĐ-UBND","ID":"99.113","Shape_Length":0.001142042387127693,"Shape_Area":7.7990137383128996e-08}},{"type":"Feature","id":438,"geometry":{"type":"Polygon","coordinates":[[[107.16324837600007,10.507412080000051],[107.16318251800004,10.507426903000066],[107.16316944900007,10.507381330000044],[107.16316160000008,10.507338144000073],[107.16316149100004,10.507332836000046],[107.16349383600004,10.507188145000043],[107.16350734800005,10.507197136000059],[107.16349349200004,10.507206576000044],[107.16349074200008,10.507216669000059],[107.16349043000008,10.507227907000072],[107.16349668900006,10.507240893000073],[107.16350469600008,10.507253366000043],[107.16350960800008,10.507263447000071],[107.16350953000006,10.50727304000003],[107.16350432000007,10.507281004000049],[107.16349416900005,10.50728962900007],[107.16347201100007,10.507304795000039],[107.16344935900008,10.507319047000067],[107.16342947900006,10.507330719000038],[107.16341988300007,10.507340475000035],[107.16341115200004,10.507349672000032],[107.16340622800004,10.507361072000037],[107.16340430900004,10.507373093000069],[107.16337690600005,10.50737779800005],[107.16332162400005,10.507391077000023],[107.16324837600007,10.507412080000051]]]},"properties":{"OBJECTID":438,"FID":437,"Shape_Leng":103.568139042,"Sothua":90,"So_To":113,"LoaidatHT":"HNK","Khuphomoi":"Khu phố Hương Điền","Sothuacu":143,"Sotocu":40,"Phuongcu":"Phường Long Hương","Nguoisudun":"Nguyễn Thị Lang","Quyetdinh":"Quyết định 3693/QĐ-UBND","ID":"90.113","Shape_Length":0.00094265711987606671,"Shape_Area":3.9439329343757121e-08}},{"type":"Feature","id":439,"geometry":{"type":"Polygon","coordinates":[[[107.16292642900004,10.507435173000033],[107.16292202800008,10.507437090000053],[107.16292182600006,10.507436771000073],[107.16262741600008,10.506975203000025],[107.16260268000008,10.506937485000037],[107.16240294600004,10.506623283000067],[107.16240273600005,10.506622952000043],[107.16227725300007,10.506426219000048],[107.16226140900005,10.506401380000057],[107.16221847400004,10.506334068000058],[107.16216074800008,10.50624356700007],[107.16215176200006,10.506229477000034],[107.16194674900004,10.505908057000056],[107.16250602100007,10.505676357000027],[107.16315864100005,10.505405985000039],[107.16322920200008,10.505430169000022],[107.16324510100009,10.505435619000025],[107.16326702500004,10.505469704000063],[107.16326828900009,10.50547166900003],[107.16336106600005,10.505615914000032],[107.16340487500008,10.50568402500005],[107.16341986100008,10.505707322000035],[107.16344912000005,10.505752812000026],[107.16345799200008,10.505766607000055],[107.16351268500006,10.505851638000024],[107.16351573800006,10.505856385000072],[107.16360426100005,10.505994014000066],[107.16372547000009,10.506182462000027],[107.16381347700008,10.506319286000064],[107.16384534500008,10.506368834000057],[107.16395532800004,10.506539824000072],[107.16396202000004,10.506550227000048],[107.16416550300005,10.506866586000058],[107.16416640100005,10.506867980000038],[107.16418014700008,10.506889351000041],[107.16415838200004,10.506898826000054],[107.16408417800005,10.506931133000023],[107.16400183800005,10.506966980000072],[107.16388876400003,10.507016209000028],[107.16363954900004,10.507124708000049],[107.16361818800004,10.507134007000047],[107.16359617600006,10.507143591000045],[107.16357125100006,10.507154442000058],[107.16349383600004,10.507188145000043],[107.16316149100004,10.507332836000046],[107.16292642900004,10.507435173000033]]]},"properties":{"OBJECTID":439,"FID":438,"Shape_Leng":695.11018097099998,"Sothua":18,"So_To":116,"LoaidatHT":"CQP","Khuphomoi":"Khu phố Hương Điền","Sothuacu":0,"Sotocu":43,"Phuongcu":"Phường Long Hương","Nguoisudun":"Ban chỉ huy Quân Sự TP. Bà Rịa","Quyetdinh":"Phòng ĐKCG chuyển phiếu ĐK số tờ, thửa ngày 23/02/2023","ID":"18.116","Shape_Length":0.0063174316884760488,"Shape_Area":2.4333353318885943e-06}},{"type":"Feature","id":440,"geometry":{"type":"Polygon","coordinates":[[[107.16305697800004,10.507478951000053],[107.16305029900008,10.507481719000054],[107.16302296700007,10.50742910300005],[107.16301379300006,10.50740483900006],[107.16292642900004,10.507435173000033],[107.16316149100004,10.507332836000046],[107.16316160000008,10.507338144000073],[107.16316944900007,10.507381330000044],[107.16318251800004,10.507426903000066],[107.16305697800004,10.507478951000053]]]},"properties":{"OBJECTID":440,"FID":439,"Shape_Leng":74.049726992399997,"Sothua":89,"So_To":113,"LoaidatHT":"HNK","Khuphomoi":"Khu phố Hương Điền","Sothuacu":144,"Sotocu":40,"Phuongcu":"Phường Long Hương","Nguoisudun":"Nguyễn Văn Hai","Quyetdinh":"Quyết định 3693/QĐ-UBND","ID":"89.113","Shape_Length":0.00067382914375075222,"Shape_Area":1.4628194198069846e-08}},{"type":"Feature","id":441,"geometry":{"type":"Polygon","coordinates":[[[107.16292143400005,10.507436908000045],[107.16282040600004,10.507481936000033],[107.16275409000008,10.507338213000025],[107.16272087900006,10.507266546000039],[107.16267543000004,10.507166465000068],[107.16270840800007,10.507151825000051],[107.16261532000004,10.506963038000038],[107.16260268000008,10.506937485000037],[107.16262741600008,10.506975203000025],[107.16292182600006,10.507436771000073],[107.16292143400005,10.507436908000045]]]},"properties":{"OBJECTID":441,"FID":440,"Shape_Leng":146.23939503899999,"Sothua":1,"So_To":115,"LoaidatHT":"HNK","Khuphomoi":"Khu phố Hương Điền","Sothuacu":146,"Sotocu":42,"Phuongcu":"Phường Long Hương","Nguoisudun":"Nguyễn Văn Hai","Quyetdinh":"Quyết định 3693/QĐ-UBND","ID":"1.115","Shape_Length":0.0013258680189768275,"Shape_Area":3.3566958656026024e-08}},{"type":"Feature","id":442,"geometry":{"type":"Polygon","coordinates":[[[107.16399746100006,10.507481118000044],[107.16397047100008,10.507505696000067],[107.16395726000007,10.507486424000035],[107.16394224500004,10.507462988000043],[107.16392111300007,10.507434298000021],[107.16390167100008,10.507413016000044],[107.16388019000004,10.507389071000034],[107.16386087100005,10.507367888000033],[107.16384087500006,10.507344733000025],[107.16381795400008,10.507319782000025],[107.16380142900005,10.507299861000035],[107.16378419000006,10.507276323000042],[107.16376820900007,10.507257352000067],[107.16375880400005,10.507245762000025],[107.16374699200009,10.507230641000035],[107.16373136100009,10.50721451000004],[107.16371263900004,10.507197180000048],[107.16369354300008,10.507186061000027],[107.16367781400004,10.507173880000039],[107.16365136800005,10.50714264800007],[107.16364289100005,10.507129893000069],[107.16363954900004,10.507124708000049],[107.16388876400003,10.507016209000028],[107.16389620200005,10.507023396000022],[107.16390738700005,10.507030469000028],[107.16391612500007,10.507032971000058],[107.16392570400006,10.50704302500003],[107.16394202800006,10.507066516000066],[107.16396409300006,10.507102948000067],[107.16405579900004,10.50724815500007],[107.16407740400007,10.507278989000042],[107.16409265900006,10.507299874000068],[107.16410704400005,10.50731558800004],[107.16412450800004,10.507330357000058],[107.16413741200006,10.50733959400003],[107.16412738700006,10.507353806000026],[107.16409927800004,10.507383988000072],[107.16407293600008,10.507409019000022],[107.16404154000008,10.507439005000037],[107.16399746100006,10.507481118000044]]]},"properties":{"OBJECTID":442,"FID":441,"Shape_Leng":157.17954537,"Sothua":92,"So_To":113,"LoaidatHT":"LUC","Khuphomoi":"Khu phố Hương Điền","Sothuacu":141,"Sotocu":40,"Phuongcu":"Phường Long Hương","Nguoisudun":"Nguyễn Thị Nhạn","Quyetdinh":"Quyết định 3693/QĐ-UBND","ID":"92.113","Shape_Length":0.0014280357071019668,"Shape_Area":1.1037161124304885e-07}},{"type":"Feature","id":443,"geometry":{"type":"Polygon","coordinates":[[[107.16437430600007,10.507506858000056],[107.16406780400007,10.507795789000056],[107.16406291200008,10.507773991000022],[107.16406118400005,10.507770010000058],[107.16403074700008,10.507728907000057],[107.16437266500009,10.507505137000066],[107.16437430600007,10.507506858000056]]]},"properties":{"OBJECTID":443,"FID":442,"Shape_Leng":100.08529512200001,"Sothua":597,"So_To":68,"LoaidatHT":"HNK","Khuphomoi":"Khu phố Hương Điền","Sothuacu":597,"Sotocu":10,"Phuongcu":"phường Long Hương","Nguoisudun":"Đăng ký: NGUYỄN THỊ NHẠN (già yếu); Sử dụng: ĐOÀN VIẾT THUẬN (con).","Quyetdinh":"Quyết định 3693/QĐ-UBND","ID":"597.68","Shape_Length":0.00091005457060438317,"Shape_Area":1.5815652406616432e-08}},{"type":"Feature","id":444,"geometry":{"type":"Polygon","coordinates":[[[107.16660919600008,10.508120047000034],[107.16660075800007,10.508125574000076],[107.16659205600007,10.508105414000056],[107.16658683800006,10.508093322000036],[107.16657704500005,10.508070633000045],[107.16656377600003,10.508046703000048],[107.16654529100003,10.508014962000061],[107.16652431700004,10.507983849000027],[107.16650583100005,10.507957144000045],[107.16649175900005,10.507936016000031],[107.16647873100004,10.507919248000064],[107.16644487300005,10.507879865000064],[107.16641420500008,10.507840788000067],[107.16637558400004,10.507798838000042],[107.16634454900009,10.507766396000022],[107.16633303000003,10.507752839000034],[107.16632763000007,10.507746266000026],[107.16631114300009,10.507731978000038],[107.16629852600005,10.507710889000066],[107.16628080500004,10.507676744000037],[107.16625914700006,10.507642574000045],[107.16624172300004,10.507612652000034],[107.16622812300005,10.507588596000062],[107.16621724400005,10.507563080000068],[107.16621245700009,10.507548687000053],[107.16622639500008,10.507541100000026],[107.16624429900008,10.507533601000034],[107.16624681400003,10.507532548000029],[107.16626207200005,10.507525958000031],[107.16627218600007,10.507519819000038],[107.16630236000009,10.50749167400005],[107.16632329700008,10.507503050000025],[107.16633489300006,10.507505292000076],[107.16634800000008,10.507507823000026],[107.16637026700005,10.507513552000034],[107.16637854600003,10.507518612000069],[107.16638600200008,10.507528137000065],[107.16639271700006,10.507541593000042],[107.16639840500005,10.50756560800005],[107.16640449000005,10.507586377000052],[107.16641374700004,10.507594116000064],[107.16641596000005,10.507602926000061],[107.16642480300004,10.507619632000058],[107.16643645700009,10.507637763000048],[107.16645116500007,10.507665176000046],[107.16646207800005,10.507690828000023],[107.16647005700008,10.507712170000048],[107.16647216800004,10.507717969000055],[107.16648663700005,10.507739215000072],[107.16651089500004,10.507769232000044],[107.16652397100006,10.507789381000066],[107.16653827700009,10.507809370000075],[107.16655518600004,10.507832465000035],[107.16658012700009,10.507858748000046],[107.16659334100007,10.507868419000033],[107.16659680100008,10.507872736000024],[107.16660565700005,10.507883776000028],[107.16662379500008,10.507900935000066],[107.16664162000006,10.507916220000027],[107.16667575000008,10.507951751000064],[107.16670344900007,10.50798050700007],[107.16672147500009,10.508003487000053],[107.16672626400003,10.508017067000026],[107.16672595700004,10.508024245000058],[107.16670548200005,10.508046728000068],[107.16667957500005,10.508066400000075],[107.16665172400008,10.508094909000022],[107.16663048100008,10.508105259000047],[107.16661904300008,10.50811320400004],[107.16661007400006,10.508119438000051],[107.16660919600008,10.508120047000034]]]},"properties":{"OBJECTID":444,"FID":443,"Shape_Leng":184.88045531899999,"Sothua":81,"So_To":113,"LoaidatHT":"HNK","Khuphomoi":"Khu phố Hương Điền","Sothuacu":44,"Sotocu":40,"Phuongcu":"Phường Long Hương","Nguoisudun":"Nguyễn Thị Sành","Quyetdinh":"Quyết định 3693/QĐ-UBND","ID":"81.113","Shape_Length":0.0016779498298079695,"Shape_Area":9.5594822050398149e-08}},{"type":"Feature","id":445,"geometry":{"type":"Polygon","coordinates":[[[107.17011531600008,10.508092636000072],[107.17027532400004,10.508234199000071],[107.17014463500004,10.50821045400005],[107.17001514100008,10.508182551000061],[107.16998835300006,10.508165666000025],[107.17011531600008,10.508092636000072]]]},"properties":{"OBJECTID":445,"FID":444,"Shape_Leng":72.1193298118,"Sothua":9,"So_To":69,"LoaidatHT":"HNK","Khuphomoi":"Khu phố Hương Điền","Sothuacu":9,"Sotocu":11,"Phuongcu":"phường Long Hương","Nguoisudun":"Đăng ký: DƯƠNG VĂN HƯƠNG; Sử dụng: DƯƠNG VĂN HƯƠNG.","Quyetdinh":"Quyết định 3693/QĐ-UBND","ID":"9.69","Shape_Length":0.00065706993528826603,"Shape_Area":1.6620035436779773e-08}},{"type":"Feature","id":446,"geometry":{"type":"Polygon","coordinates":[[[107.16299633200003,10.508291976000066],[107.16296961700004,10.508307658000035],[107.16293618700007,10.508241000000055],[107.16291193800004,10.508183679000069],[107.16289791300005,10.508164061000059],[107.16288108500004,10.508136581000031],[107.16284317100008,10.508069651000028],[107.16286619100003,10.508063185000026],[107.16290993200005,10.508042643000067],[107.16295213400008,10.508022287000074],[107.16298294500007,10.507996614000035],[107.16301920900008,10.507937072000061],[107.16306190300008,10.507898130000058],[107.16306559800006,10.507905699000048],[107.16306173800007,10.507908301000043],[107.16306737700006,10.50792124000003],[107.16316451900008,10.508100524000042],[107.16319000500005,10.508150117000071],[107.16319710400006,10.508164505000025],[107.16319687200007,10.508166603000063],[107.16315548400007,10.508192149000024],[107.16310244700009,10.508222682000053],[107.16306561800008,10.508248454000068],[107.16302733500004,10.50827490100005],[107.16299633200003,10.508291976000066]]]},"properties":{"OBJECTID":446,"FID":445,"Shape_Leng":124.402234953,"Sothua":64,"So_To":113,"LoaidatHT":"HNK","Khuphomoi":"Khu phố Hương Điền","Sothuacu":64,"Sotocu":40,"Phuongcu":"Phường Long Hương","Nguoisudun":"Lê Hữu Phước","Quyetdinh":"Quyết định 3693/QĐ-UBND","ID":"64.113","Shape_Length":0.0011294723754917036,"Shape_Area":7.1483128645656998e-08}},{"type":"Feature","id":447,"geometry":{"type":"Polygon","coordinates":[[[107.16304554600003,10.508403906000069],[107.16297363000007,10.508417546000032],[107.16316378400006,10.508295459000067],[107.16317555700005,10.508291602000043],[107.16320922700004,10.508255925000071],[107.16323642500004,10.508238734000031],[107.16324043600008,10.508246318000033],[107.16327939900003,10.508319985000071],[107.16324026600006,10.508336276000023],[107.16322938600007,10.508340777000058],[107.16304554600003,10.508403906000069]]]},"properties":{"OBJECTID":447,"FID":446,"Shape_Leng":80.524188685599995,"Sothua":603,"So_To":68,"LoaidatHT":"HNK","Khuphomoi":"Khu phố Hương Điền","Sothuacu":603,"Sotocu":10,"Phuongcu":"phường Long Hương","Nguoisudun":"Đăng ký: LÊ HỮU PHƯỚC; Sử dụng: LÊ HỮU PHƯỚC.","Quyetdinh":"Quyết định 3693/QĐ-UBND","ID":"603.68","Shape_Length":0.00073324697591568757,"Shape_Area":1.5317132125891453e-08}},{"type":"Feature","id":448,"geometry":{"type":"Polygon","coordinates":[[[107.16271775000007,10.508477681000045],[107.16269520900005,10.508488642000032],[107.16251580200009,10.508183154000051],[107.16258579600009,10.508146857000042],[107.16266465700005,10.508112466000057],[107.16275701600006,10.50806668000007],[107.16281202300007,10.508067424000046],[107.16284317100008,10.508069651000028],[107.16288108500004,10.508136581000031],[107.16289791300005,10.508164061000059],[107.16291193800004,10.508183679000069],[107.16293618700007,10.508241000000055],[107.16296961700004,10.508307658000035],[107.16294705600006,10.508325382000066],[107.16291940500008,10.508343382000021],[107.16287037400008,10.508375302000047],[107.16281903800007,10.508410114000071],[107.16279313200005,10.508427524000069],[107.16276856200005,10.50844429600005],[107.16274496200003,10.508460092000064],[107.16271775000007,10.508477681000045]]]},"properties":{"OBJECTID":448,"FID":447,"Shape_Leng":143.894649469,"Sothua":62,"So_To":113,"LoaidatHT":"HNK","Khuphomoi":"Khu phố Hương Điền","Sothuacu":62,"Sotocu":40,"Phuongcu":"Phường Long Hương","Nguoisudun":"Lê Hữu Phước","Quyetdinh":"Quyết định 3693/QĐ-UBND","ID":"62.113","Shape_Length":0.0013075916198547473,"Shape_Area":1.1124256108855912e-07}},{"type":"Feature","id":449,"geometry":{"type":"Polygon","coordinates":[[[107.16253075700007,10.508601469000041],[107.16252414300004,10.508604233000028],[107.16251075000008,10.508595483000022],[107.16250424100008,10.508585047000054],[107.16247589300008,10.508517141000027],[107.16244044200005,10.508431745000053],[107.16240327000008,10.50835117400004],[107.16236314600008,10.508263148000026],[107.16251580200009,10.508183154000051],[107.16269520900005,10.508488642000032],[107.16253075700007,10.508601469000041]]]},"properties":{"OBJECTID":449,"FID":448,"Shape_Leng":122.64828512699999,"Sothua":60,"So_To":113,"LoaidatHT":"HNK","Khuphomoi":"Khu phố Hương Điền","Sothuacu":60,"Sotocu":40,"Phuongcu":"Phường Long Hương","Nguoisudun":"Lê Văn Liên","Quyetdinh":"Quyết định 3693/QĐ-UBND","ID":"60.113","Shape_Length":0.0011130393664240473,"Shape_Area":7.0488617135877032e-08}},{"type":"Feature","id":450,"geometry":{"type":"Polygon","coordinates":[[[107.16329314000006,10.50859070100006],[107.16312982200009,10.508622586000058],[107.16305317200005,10.508428873000071],[107.16304554600003,10.508403906000069],[107.16322938600007,10.508340777000058],[107.16328074000006,10.508528837000028],[107.16329314000006,10.50859070100006]]]},"properties":{"OBJECTID":450,"FID":449,"Shape_Leng":93.970819715100006,"Sothua":458,"So_To":65,"LoaidatHT":"HNK","Khuphomoi":"Khu phố Hương Điền","Sothuacu":458,"Sotocu":7,"Phuongcu":"phường Long Hương","Nguoisudun":"Lê Hữu Phước","Quyetdinh":"Quyết định 3693/QĐ-UBND","ID":"458.65","Shape_Length":0.0008532507308072364,"Shape_Area":4.4826879998879425e-08}},{"type":"Feature","id":451,"geometry":{"type":"Polygon","coordinates":[[[107.13819214200004,10.508343613000022],[107.13818927500006,10.508579790000056],[107.13778949600004,10.508572505000075],[107.13779033300005,10.50855679600005],[107.13779808600003,10.508386847000054],[107.13804236600004,10.50836004100006],[107.13819214200004,10.508343613000022]]]},"properties":{"OBJECTID":451,"FID":450,"Shape_Leng":133.88887934900001,"Sothua":151,"So_To":43,"LoaidatHT":"ODT","Khuphomoi":"Khu phố Hải Dinh","Sothuacu":65,"Sotocu":6,"Phuongcu":"Phường Kim Dinh","Nguoisudun":"UBND phường","Quyetdinh":"Quyết định 3693/QĐ-UBND","ID":"151.43","Shape_Length":0.0012183174286035606,"Shape_Area":8.3604583979943173e-08}},{"type":"Feature","id":452,"geometry":{"type":"Polygon","coordinates":[[[107.13818888200007,10.508612164000056],[107.13818674600009,10.508664126000042],[107.13802068400008,10.50866295700007],[107.13787017400006,10.50866189900006],[107.13778576900006,10.508661220000022],[107.13778757200004,10.508608650000042],[107.13778949600004,10.508572505000075],[107.13818927500006,10.508579790000056],[107.13818888200007,10.508612164000056]]]},"properties":{"OBJECTID":452,"FID":451,"Shape_Leng":106.848023044,"Sothua":169,"So_To":43,"LoaidatHT":"ODT","Khuphomoi":"Khu phố Hải Dinh","Sothuacu":65,"Sotocu":6,"Phuongcu":"Phường Kim Dinh","Nguoisudun":"UBND phường","Quyetdinh":"Quyết định 3693/QĐ-UBND","ID":"169.43","Shape_Length":0.00097401228419591768,"Shape_Area":3.4714562812604277e-08}},{"type":"Feature","id":453,"geometry":{"type":"Polygon","coordinates":[[[107.16282477600004,10.508719395000071],[107.16276965700007,10.508735566000041],[107.16274186300006,10.508649715000047],[107.16271773400007,10.508582498000067],[107.16271852800008,10.508581981000077],[107.16293798400005,10.508440432000043],[107.16297363000007,10.508417546000032],[107.16304554600003,10.508403906000069],[107.16305317200005,10.508428873000071],[107.16312982200009,10.508622586000058],[107.16291308700005,10.508688366000058],[107.16289407100004,10.50869556400005],[107.16282477600004,10.508719395000071]]]},"properties":{"OBJECTID":453,"FID":452,"Shape_Leng":126.607964548,"Sothua":457,"So_To":65,"LoaidatHT":"HNK","Khuphomoi":"Khu phố Hương Điền","Sothuacu":457,"Sotocu":7,"Phuongcu":"phường Long Hương","Nguoisudun":"Lê Hữu Phước","Quyetdinh":"Quyết định 3693/QĐ-UBND","ID":"457.65","Shape_Length":0.0011512891755468279,"Shape_Area":7.7511373486896179e-08}},{"type":"Feature","id":454,"geometry":{"type":"Polygon","coordinates":[[[107.16268154200009,10.508759272000077],[107.16255465400008,10.508768442000076],[107.16254650700006,10.508737785000051],[107.16254013800005,10.508717349000051],[107.16254031800008,10.508704557000044],[107.16254289800008,10.508696677000046],[107.16271773400007,10.508582498000067],[107.16274186300006,10.508649715000047],[107.16276965700007,10.508735566000041],[107.16268154200009,10.508759272000077]]]},"properties":{"OBJECTID":454,"FID":453,"Shape_Leng":72.938484521600003,"Sothua":456,"So_To":65,"LoaidatHT":"HNK","Khuphomoi":"Khu phố Hương Điền","Sothuacu":456,"Sotocu":7,"Phuongcu":"phường Long Hương","Nguoisudun":" LÊ VĂN LIÊU (chết); Sử dụng: TRƯƠNG THỊ HẢI (vợ).","Quyetdinh":"Quyết định 3693/QĐ-UBND","ID":"456.65","Shape_Length":0.00066314996643381126,"Shape_Area":2.567683476560798e-08}},{"type":"Feature","id":455,"geometry":{"type":"Polygon","coordinates":[[[107.16332817700004,10.508759022000049],[107.16300038700007,10.508902079000052],[107.16293074600009,10.508770854000034],[107.16289407100004,10.50869556400005],[107.16291308700005,10.508688366000058],[107.16312982200009,10.508622586000058],[107.16329314000006,10.50859070100006],[107.16330662500008,10.508657630000073],[107.16332817700004,10.508759022000049]]]},"properties":{"OBJECTID":455,"FID":454,"Shape_Leng":129.169215584,"Sothua":451,"So_To":65,"LoaidatHT":"HNK","Khuphomoi":"Khu phố Hương Điền","Sothuacu":451,"Sotocu":7,"Phuongcu":"phường Long Hương","Nguoisudun":"Lê Hữu Phước","Quyetdinh":"Quyết định 3693/QĐ-UBND","ID":"451.65","Shape_Length":0.0011751168204579155,"Shape_Area":7.9407437835734111e-08}},{"type":"Feature","id":456,"geometry":{"type":"Polygon","coordinates":[[[107.13818599400008,10.508682452000073],[107.13817442800007,10.508934371000066],[107.13778595400004,10.508930139000029],[107.13778576900006,10.508661220000022],[107.13787017400006,10.50866189900006],[107.13802068400008,10.50866295700007],[107.13818674600009,10.508664126000042],[107.13818599400008,10.508682452000073]]]},"properties":{"OBJECTID":456,"FID":455,"Shape_Leng":146.12910352700001,"Sothua":168,"So_To":43,"LoaidatHT":"ODT","Khuphomoi":"Khu phố Hải Dinh","Sothuacu":65,"Sotocu":6,"Phuongcu":"Phường Kim Dinh","Nguoisudun":"UBND phường","Quyetdinh":"Quyết định 3693/QĐ-UBND","ID":"168.43","Shape_Length":0.0013289294681503704,"Shape_Area":1.064304338683491e-07}},{"type":"Feature","id":457,"geometry":{"type":"Polygon","coordinates":[[[107.12999485900008,10.508920775000036],[107.12924612000006,10.508923552000056],[107.12920015500004,10.508879179000076],[107.12919899800005,10.507628705000059],[107.12924538800007,10.507583383000053],[107.13047102200005,10.507579366000073],[107.13049136800004,10.507624892000024],[107.13046431600009,10.507987468000067],[107.13040158600006,10.508452129000034],[107.13038390800006,10.508567287000062],[107.13033130500008,10.508722194000029],[107.13030675700008,10.50877311000005],[107.13029242900006,10.508797376000075],[107.13027408700003,10.508818903000076],[107.13023403200003,10.508857865000039],[107.13021093200007,10.50887375800005],[107.13018748700006,10.508888884000044],[107.13016089300004,10.508897574000059],[107.13010663700004,10.508910850000063],[107.13004773200004,10.508918419000054],[107.12999485900008,10.508920775000036]]]},"properties":{"OBJECTID":457,"FID":456,"Shape_Leng":543.52254754199998,"Sothua":5,"So_To":41,"LoaidatHT":"DGD","Khuphomoi":"Khu phố Kim Hải","Sothuacu":0,"Sotocu":41,"Phuongcu":"Phường Kim Dinh","Nguoisudun":"Trường THCS Trần Đại Nghĩa","Quyetdinh":" ","ID":"5.41","Shape_Length":0.00493698439180519,"Shape_Area":1.6170912060493839e-06}},{"type":"Feature","id":458,"geometry":{"type":"Polygon","coordinates":[[[107.12900107200005,10.508923199000037],[107.12822146300005,10.508925822000037],[107.12817505400005,10.508884432000059],[107.12813847800004,10.507630680000034],[107.12817793200009,10.507587486000034],[107.12899739700003,10.507583937000049],[107.12904546100003,10.507629508000036],[107.12904475100004,10.508881325000061],[107.12900107200005,10.508923199000037]]]},"properties":{"OBJECTID":458,"FID":457,"Shape_Leng":479.59783783500001,"Sothua":4,"So_To":41,"LoaidatHT":"DGD","Khuphomoi":"Khu phố Kim Hải","Sothuacu":0,"Sotocu":41,"Phuongcu":"Phường Kim Dinh","Nguoisudun":"Trường mẫu giáo Vành Khuyên","Quyetdinh":" ","ID":"4.41","Shape_Length":0.0043526160715065222,"Shape_Area":1.1855950159190925e-06}},{"type":"Feature","id":459,"geometry":{"type":"Polygon","coordinates":[[[107.16286880400008,10.508964491000029],[107.16278761900008,10.508995623000033],[107.16268154200009,10.508759272000077],[107.16276965700007,10.508735566000041],[107.16282477600004,10.508719395000071],[107.16289407100004,10.50869556400005],[107.16293074600009,10.508770854000034],[107.16300038700007,10.508902079000052],[107.16296287100005,10.50893347300007],[107.16286880400008,10.508964491000029]]]},"properties":{"OBJECTID":459,"FID":458,"Shape_Leng":104.357800885,"Sothua":452,"So_To":65,"LoaidatHT":"HNK","Khuphomoi":"Khu phố Hương Điền","Sothuacu":452,"Sotocu":7,"Phuongcu":"phường Long Hương","Nguoisudun":" LÊ VĂN LIÊU (chết); Sử dụng: TRƯƠNG THỊ HẢI (vợ).","Quyetdinh":"Quyết định 3693/QĐ-UBND","ID":"452.65","Shape_Length":0.00094825656310572554,"Shape_Area":5.6217681789669529e-08}},{"type":"Feature","id":460,"geometry":{"type":"Polygon","coordinates":[[[107.12818040400003,10.508926900000063],[107.12817899600009,10.508950566000067],[107.12812155100005,10.508932146000063],[107.12804412100007,10.508902176000049],[107.12800573800007,10.508867374000033],[107.12795637900007,10.508807453000031],[107.12794114300004,10.508778555000049],[107.12792557600005,10.50873761400004],[107.12791756000007,10.508684463000066],[107.12789777600005,10.508586673000025],[107.12789345900006,10.508529642000042],[107.12788703800004,10.508478511000021],[107.12787276600005,10.508429516000035],[107.12783820500005,10.508398022000051],[107.12780514600007,10.508373357000039],[107.12777462700006,10.50835771900006],[107.12768971100007,10.508320963000074],[107.12761354900005,10.508296313000073],[107.12759746700004,10.508270731000039],[107.12757660200003,10.50822856800005],[107.12752941000008,10.508159067000065],[107.12746877100005,10.508087714000055],[107.12744565500009,10.508066910000025],[107.12743274800005,10.508061433000023],[107.12741655500008,10.508044982000058],[107.12739805400008,10.507676260000039],[107.12744038900007,10.507653198000071],[107.12780991100004,10.507457577000025],[107.12811349600008,10.507304799000053],[107.12810563500005,10.507183335000036],[107.12810049900008,10.507147921000069],[107.12815742100008,10.506852280000032],[107.12818718300008,10.506730094000034],[107.12877232700004,10.50676607500003],[107.12879247200004,10.507154392000075],[107.12929516800006,10.507167364000054],[107.12928642500003,10.507392072000073],[107.12924538800007,10.507583383000053],[107.12899739700003,10.507583937000049],[107.12817793200009,10.507587486000034],[107.12813847800004,10.507630680000034],[107.12817505400005,10.508884432000059],[107.12818040400003,10.508926900000063]]]},"properties":{"OBJECTID":460,"FID":459,"Shape_Leng":813.23137547600004,"Sothua":6,"So_To":41,"LoaidatHT":"HNK","Khuphomoi":"Khu phố Kim Hải","Sothuacu":0,"Sotocu":41,"Phuongcu":"Phường Kim Dinh","Nguoisudun":" ","Quyetdinh":"Quyết định 3693/QĐ-UBND","ID":"6.41","Shape_Length":0.007385488099749365,"Shape_Area":1.4983986365562966e-06}},{"type":"Feature","id":461,"geometry":{"type":"Polygon","coordinates":[[[107.16317023400006,10.509041265000064],[107.16303591900004,10.509099241000058],[107.16302965700004,10.509077260000026],[107.16296287100005,10.50893347300007],[107.16300038700007,10.508902079000052],[107.16332817700004,10.508759022000049],[107.16334587300008,10.508774063000033],[107.16338442400007,10.508823498000027],[107.16342180100008,10.508866061000049],[107.16345924500007,10.508872820000022],[107.16347455800008,10.508891292000044],[107.16317023400006,10.509041265000064]]]},"properties":{"OBJECTID":461,"FID":460,"Shape_Leng":140.42730989099999,"Sothua":516,"So_To":65,"LoaidatHT":"HNK","Khuphomoi":"Khu phố Hương Điền","Sothuacu":516,"Sotocu":7,"Phuongcu":"phường Long Hương","Nguoisudun":"Lê Hữu Phước","Quyetdinh":"Quyết định 3693/QĐ-UBND","ID":"516.65","Shape_Length":0.0012781286914850974,"Shape_Area":8.3098268711919241e-08}},{"type":"Feature","id":462,"geometry":{"type":"Polygon","coordinates":[[[107.17019014600004,10.509137778000024],[107.17010547100006,10.509184439000023],[107.17009670500005,10.509172073000059],[107.17005252500007,10.509103369000059],[107.17010308900007,10.509079955000061],[107.17014725000007,10.509061592000023],[107.17015760300006,10.50907998200006],[107.17019014600004,10.509137778000024]]]},"properties":{"OBJECTID":462,"FID":461,"Shape_Leng":42.301475651399997,"Sothua":70,"So_To":66,"LoaidatHT":"LUC","Khuphomoi":"Khu phố Hương Điền","Sothuacu":70,"Sotocu":8,"Phuongcu":"phường Long Hương","Nguoisudun":"NGUYỄN THANH KHIẾT","Quyetdinh":"Quyết định 3693/QĐ-UBND","ID":"70.66","Shape_Length":0.00038450202397132248,"Shape_Area":9.252602557967723e-09}},{"type":"Feature","id":463,"geometry":{"type":"Polygon","coordinates":[[[107.15882759100003,10.507316297000045],[107.15628633000006,10.509160193000071],[107.15510820900005,10.507470190000049],[107.15715345000007,10.506026170000041],[107.15730347300007,10.506067407000046],[107.15737907700009,10.506088162000026],[107.15739971400006,10.506093806000024],[107.15752992100005,10.506129580000049],[107.15759338100008,10.506147058000067],[107.15779481000004,10.506202404000021],[107.15783991800004,10.506214784000065],[107.15805623700004,10.50631898000006],[107.15818440500004,10.506418761000077],[107.15829850700004,10.506563993000043],[107.15883785700004,10.507250767000073],[107.15882960400006,10.507314854000072],[107.15882759100003,10.507316297000045]]]},"properties":{"OBJECTID":463,"FID":462,"Shape_Leng":1093.52426728,"Sothua":380,"So_To":67,"LoaidatHT":"HNK","Khuphomoi":"Khu phố Hương Sơn","Sothuacu":0,"Sotocu":9,"Phuongcu":"phường Long Hương","Nguoisudun":" ","Quyetdinh":"Quyết định 3693/QĐ-UBND","ID":"380.67","Shape_Length":0.0099429681002614814,"Shape_Area":6.1653918960001183e-06}},{"type":"Feature","id":464,"geometry":{"type":"Polygon","coordinates":[[[107.16303591900004,10.509099241000058],[107.16287570900005,10.509178417000044],[107.16282538200005,10.509172266000064],[107.16282430300004,10.50916322300003],[107.16277968200006,10.509086472000035],[107.16274254000007,10.509016515000042],[107.16278761900008,10.508995623000033],[107.16286880400008,10.508964491000029],[107.16296287100005,10.50893347300007],[107.16302965700004,10.509077260000026],[107.16303591900004,10.509099241000058]]]},"properties":{"OBJECTID":464,"FID":463,"Shape_Leng":90.585877490499996,"Sothua":410,"So_To":65,"LoaidatHT":"HNK","Khuphomoi":"Khu phố Hương Điền","Sothuacu":410,"Sotocu":7,"Phuongcu":"phường Long Hương","Nguoisudun":"LÊ VĂN LIÊU (chết - TRƯƠNG THỊ HẢI (vợ).","Quyetdinh":"Quyết định 3693/QĐ-UBND","ID":"410.65","Shape_Length":0.00082357948835221669,"Shape_Area":4.3964160456993466e-08}},{"type":"Feature","id":465,"geometry":{"type":"Polygon","coordinates":[[[107.17010547100006,10.509184439000023],[107.16998628000005,10.509250131000044],[107.16992424900008,10.509234630000037],[107.16989946100006,10.509191676000057],[107.16990354000006,10.509189260000028],[107.17005252500007,10.509103369000059],[107.17009670500005,10.509172073000059],[107.17010547100006,10.509184439000023]]]},"properties":{"OBJECTID":465,"FID":464,"Shape_Leng":57.498749450399998,"Sothua":66,"So_To":66,"LoaidatHT":"LUC","Khuphomoi":"Khu phố Hương Điền","Sothuacu":66,"Sotocu":8,"Phuongcu":"phường Long Hương","Nguoisudun":"NGUYỄN THANH KHIẾT","Quyetdinh":"Quyết định 3693/QĐ-UBND","ID":"66.66","Shape_Length":0.00052317901826667281,"Shape_Area":1.5994467160529311e-08}},{"type":"Feature","id":466,"geometry":{"type":"Polygon","coordinates":[[[107.13813808000003,10.509203208000031],[107.13810683000008,10.509203483000022],[107.13779030600006,10.509200874000044],[107.13778697100008,10.509201273000031],[107.13778614000006,10.509201372000064],[107.13778609900004,10.509142332000067],[107.13778595400004,10.508930139000029],[107.13817442800007,10.508934371000066],[107.13817262200007,10.508973712000056],[107.13816327400008,10.509107304000054],[107.13813808000003,10.509203208000031]]]},"properties":{"OBJECTID":466,"FID":465,"Shape_Leng":141.225839253,"Sothua":68,"So_To":43,"LoaidatHT":"ODT","Khuphomoi":"Khu phố Hải Dinh","Sothuacu":65,"Sotocu":6,"Phuongcu":"Phường Kim Dinh","Nguoisudun":"UBND phường","Quyetdinh":"Quyết định 3693/QĐ-UBND","ID":"68.43","Shape_Length":0.0012841708582505495,"Shape_Area":1.0172343213723814e-07}},{"type":"Feature","id":467,"geometry":{"type":"Polygon","coordinates":[[[107.16348428000003,10.509161731000063],[107.16331678200004,10.509278685000027],[107.16327977800006,10.509232416000032],[107.16325196300005,10.50920605500005],[107.16323776900003,10.509175199000026],[107.16317023400006,10.509041265000064],[107.16347455800008,10.508891292000044],[107.16361943100009,10.509038831000055],[107.16360163400009,10.509077106000063],[107.16354847400004,10.509110460000045],[107.16350851800007,10.509146967000049],[107.16350171300007,10.509156321000034],[107.16349065400004,10.509170017000031],[107.16348428000003,10.509161731000063]]]},"properties":{"OBJECTID":467,"FID":466,"Shape_Leng":135.36773223700001,"Sothua":412,"So_To":65,"LoaidatHT":"HNK","Khuphomoi":"Khu phố Hương Điền","Sothuacu":412,"Sotocu":7,"Phuongcu":"phường Long Hương","Nguoisudun":"NGUYỄN VĂN PHỦ","Quyetdinh":"Quyết định 3693/QĐ-UBND","ID":"412.65","Shape_Length":0.001230579875215557,"Shape_Area":9.2831691099751892e-08}},{"type":"Feature","id":468,"geometry":{"type":"Polygon","coordinates":[[[107.16325196300005,10.50920605500005],[107.16294374100005,10.509339294000029],[107.16293454300006,10.509323997000024],[107.16287570900005,10.509178417000044],[107.16303591900004,10.509099241000058],[107.16317023400006,10.509041265000064],[107.16323776900003,10.509175199000026],[107.16325196300005,10.50920605500005]]]},"properties":{"OBJECTID":468,"FID":467,"Shape_Leng":112.111895369,"Sothua":411,"So_To":65,"LoaidatHT":"HNK","Khuphomoi":"Khu phố Hương Điền","Sothuacu":411,"Sotocu":7,"Phuongcu":"phường Long Hương","Nguoisudun":"NGUYỄN VĂN PHỦ","Quyetdinh":"Quyết định 3693/QĐ-UBND","ID":"411.65","Shape_Length":0.001019618010959861,"Shape_Area":6.018123413653417e-08}},{"type":"Feature","id":469,"geometry":{"type":"Polygon","coordinates":[[[107.16294374100005,10.509339294000029],[107.16266387500008,10.509450973000071],[107.16260540100006,10.509268816000031],[107.16278201900008,10.509203830000047],[107.16282538200005,10.509172266000064],[107.16287570900005,10.509178417000044],[107.16293454300006,10.509323997000024],[107.16294374100005,10.509339294000029]]]},"properties":{"OBJECTID":469,"FID":468,"Shape_Leng":105.58574463799999,"Sothua":393,"So_To":65,"LoaidatHT":"HNK","Khuphomoi":"Khu phố Hương Điền","Sothuacu":393,"Sotocu":7,"Phuongcu":"phường Long Hương","Nguoisudun":"NGUYỄN VĂN PHỦ","Quyetdinh":"Quyết định 3693/QĐ-UBND","ID":"393.65","Shape_Length":0.00096003648498901926,"Shape_Area":5.508128244793638e-08}},{"type":"Feature","id":470,"geometry":{"type":"Polygon","coordinates":[[[107.16321699500008,10.509435997000026],[107.16307955600007,10.509503280000047],[107.16300765100004,10.509498137000037],[107.16294374100005,10.509339294000029],[107.16325196300005,10.50920605500005],[107.16327977800006,10.509232416000032],[107.16331678200004,10.509278685000027],[107.16330075900004,10.509297280000055],[107.16321699500008,10.509435997000026]]]},"properties":{"OBJECTID":470,"FID":469,"Shape_Leng":111.758359,"Sothua":392,"So_To":65,"LoaidatHT":"HNK","Khuphomoi":"Khu phố Hương Điền","Sothuacu":392,"Sotocu":7,"Phuongcu":"phường Long Hương","Nguoisudun":"NGUYỄN VĂN PHỦ","Quyetdinh":"Quyết định 3693/QĐ-UBND","ID":"392.65","Shape_Length":0.0010162789185754542,"Shape_Area":6.3036943140655647e-08}},{"type":"Feature","id":471,"geometry":{"type":"Polygon","coordinates":[[[107.16299652200007,10.509497340000053],[107.16275666300004,10.509568141000045],[107.16269147700007,10.509545981000031],[107.16267624100004,10.509500599000035],[107.16266759700005,10.509462565000035],[107.16266387500008,10.509450973000071],[107.16294374100005,10.509339294000029],[107.16300765100004,10.509498137000037],[107.16299652200007,10.509497340000053]]]},"properties":{"OBJECTID":471,"FID":470,"Shape_Leng":99.084735100900005,"Sothua":339,"So_To":65,"LoaidatHT":"HNK","Khuphomoi":"Khu phố Hương Điền","Sothuacu":339,"Sotocu":7,"Phuongcu":"phường Long Hương","Nguoisudun":"NGUYỄN VĂN PHỦ","Quyetdinh":"Quyết định 3693/QĐ-UBND","ID":"339.65","Shape_Length":0.00090169115194779228,"Shape_Area":4.6125709449622971e-08}},{"type":"Feature","id":472,"geometry":{"type":"Polygon","coordinates":[[[107.13023213300005,10.509122502000025],[107.12975149600004,10.509642773000053],[107.12971887600008,10.509631951000074],[107.12849203400003,10.509264095000049],[107.12724600700005,10.508966010000051],[107.12620801900005,10.508747009000047],[107.12622581700003,10.508664408000072],[107.12614162100004,10.508646703000068],[107.12612382300006,10.508729213000038],[107.12595707500009,10.508694030000072],[107.12540547100008,10.508577647000038],[107.12539403600005,10.508575235000023],[107.12539676500006,10.508572639000022],[107.12562222500009,10.508505699000068],[107.12566169500008,10.508495000000039],[107.12578265100007,10.508436408000023],[107.12585748800007,10.50839699900007],[107.12595771400004,10.508375670000021],[107.12600014900005,10.508366640000077],[107.12616752900004,10.508328517000052],[107.12631350300006,10.508308814000031],[107.12657264200004,10.50828950500005],[107.12670558800005,10.508265048000055],[107.12674581900006,10.508253410000066],[107.12689249900006,10.508187038000074],[107.12698601300008,10.50813689000006],[107.12712041500004,10.508101749000048],[107.12721407400005,10.508084077000035],[107.12731182200008,10.508077180000043],[107.12743566000006,10.508107729000074],[107.12747338300005,10.508157031000053],[107.12750407400006,10.508219448000034],[107.12755180000005,10.508291807000035],[107.12758996000008,10.508323779000023],[107.12763384100003,10.508345482000038],[107.12769182400007,10.508364510000035],[107.12776935100004,10.508400727000037],[107.12781094400003,10.508433808000063],[107.12784270800006,10.50852173100003],[107.12785658400009,10.508590217000062],[107.12787786700005,10.50871065900003],[107.12789859800006,10.508810269000037],[107.12791262300004,10.508836732000077],[107.12799473300004,10.508929610000052],[107.12805951200005,10.508972086000028],[107.12813423600005,10.509002610000039],[107.12817867900009,10.509013057000061],[107.12818276600007,10.509080204000043],[107.12818425100005,10.509114004000025],[107.12911887700005,10.509124648000068],[107.13023213300005,10.509122502000025]],[[107.12685909700008,10.508652525000059],[107.12693127100005,10.508674717000076],[107.12695371500007,10.508603418000064],[107.12688254800008,10.508579844000053],[107.12685909700008,10.508652525000059]]]},"properties":{"OBJECTID":472,"FID":471,"Shape_Leng":1229.2634161399999,"Sothua":1,"So_To":41,"LoaidatHT":"CLN","Khuphomoi":"Khu phố Kim Hải","Sothuacu":0,"Sotocu":41,"Phuongcu":"Phường Kim Dinh","Nguoisudun":" ","Quyetdinh":"Quyết định 3693/QĐ-UBND","ID":"1.41","Shape_Length":0.011206348452396181,"Shape_Area":1.9555562226675816e-06}},{"type":"Feature","id":473,"geometry":{"type":"Polygon","coordinates":[[[107.16739526600009,10.509738164000055],[107.16743817800005,10.509849539000072],[107.16724007400006,10.509821057000067],[107.16720197700005,10.509772889000033],[107.16720574300007,10.509768619000056],[107.16739028100005,10.509663115000023],[107.16739273100006,10.509725231000061],[107.16739526600009,10.509738164000055]]]},"properties":{"OBJECTID":473,"FID":472,"Shape_Leng":74.174346493000002,"Sothua":437,"So_To":65,"LoaidatHT":"HNK","Khuphomoi":"Khu phố Hương Điền","Sothuacu":437,"Sotocu":7,"Phuongcu":"phường Long Hương","Nguoisudun":"UBND phường","Quyetdinh":"Quyết định 3693/QĐ-UBND","ID":"437.65","Shape_Length":0.00067451511695585916,"Shape_Area":2.3209498789184229e-08}},{"type":"Feature","id":474,"geometry":{"type":"Polygon","coordinates":[[[107.17112246200008,10.510212049000074],[107.17092039200008,10.510399555000049],[107.17085656800003,10.510310635000053],[107.17071746200008,10.510116830000072],[107.17101486800004,10.509952373000033],[107.17104218000009,10.509954501000038],[107.17105442100006,10.509955428000069],[107.17111571900006,10.509957167000039],[107.17114796200008,10.509960571000022],[107.17116062300005,10.509980937000023],[107.17124748200007,10.510091940000052],[107.17112246200008,10.510212049000074]]]},"properties":{"OBJECTID":474,"FID":473,"Shape_Leng":157.87321489799999,"Sothua":45,"So_To":66,"LoaidatHT":"LUC","Khuphomoi":"Khu phố Hương Điền","Sothuacu":45,"Sotocu":8,"Phuongcu":"phường Long Hương","Nguoisudun":"NGUYỄN THỊ BÊ","Quyetdinh":"Quyết định 3693/QĐ-UBND","ID":"45.66","Shape_Length":0.0014352371989402853,"Shape_Area":1.259334680836828e-07}},{"type":"Feature","id":475,"geometry":{"type":"Polygon","coordinates":[[[107.17117984600009,10.510402741000064],[107.17101909900003,10.510525407000046],[107.17097953600006,10.510478593000073],[107.17093276400004,10.510427877000041],[107.17096589000005,10.510398644000077],[107.17107260300008,10.510297759000025],[107.17126608100006,10.510112678000041],[107.17133052700007,10.510238919000074],[107.17132411600005,10.510345502000064],[107.17117984600009,10.510402741000064]]]},"properties":{"OBJECTID":475,"FID":474,"Shape_Leng":131.54231879,"Sothua":42,"So_To":66,"LoaidatHT":"LUC","Khuphomoi":"Khu phố Hương Điền","Sothuacu":42,"Sotocu":8,"Phuongcu":"phường Long Hương","Nguoisudun":"NGUYỄN VĂN KHÁ","Quyetdinh":"Quyết định 3693/QĐ-UBND","ID":"42.66","Shape_Length":0.0011949922854268518,"Shape_Area":6.9623637957412797e-08}},{"type":"Feature","id":476,"geometry":{"type":"Polygon","coordinates":[[[107.17065884700008,10.510636499000043],[107.17058206300004,10.510707783000043],[107.17053644000003,10.510628229000076],[107.17048450500005,10.510526835000064],[107.17045351400009,10.510466331000032],[107.17043340300006,10.510423891000073],[107.17040501800005,10.510359121000022],[107.17038391400007,10.510310968000056],[107.17045827200008,10.510266621000028],[107.17050299700009,10.510239579000029],[107.17063643700004,10.510160532000043],[107.17068666300008,10.510123013000054],[107.17071746200008,10.510116830000072],[107.17085656800003,10.510310635000053],[107.17092039200008,10.510399555000049],[107.17090409700006,10.510416885000041],[107.17084937200008,10.51046705400006],[107.17079263800008,10.510516043000052],[107.17065884700008,10.510636499000043]]]},"properties":{"OBJECTID":476,"FID":475,"Shape_Leng":180.35013755700001,"Sothua":41,"So_To":66,"LoaidatHT":"LUC","Khuphomoi":"Khu phố Hương Điền","Sothuacu":41,"Sotocu":8,"Phuongcu":"phường Long Hương","Nguoisudun":"LÊ THÀNH THUẬN","Quyetdinh":"Quyết định 3693/QĐ-UBND","ID":"41.66","Shape_Length":0.0016377074347206997,"Shape_Area":1.6773258732914321e-07}},{"type":"Feature","id":477,"geometry":{"type":"Polygon","coordinates":[[[107.17058206300004,10.510707783000043],[107.17041997700005,10.510862815000053],[107.17031427000006,10.510625877000052],[107.17030916400006,10.510614432000068],[107.17029684400006,10.510607449000076],[107.17027559600007,10.510587067000074],[107.17032362400005,10.510552165000036],[107.17045351400009,10.510466331000032],[107.17048450500005,10.510526835000064],[107.17053644000003,10.510628229000076],[107.17058206300004,10.510707783000043]]]},"properties":{"OBJECTID":477,"FID":476,"Shape_Leng":113.348998366,"Sothua":34,"So_To":66,"LoaidatHT":"LUC","Khuphomoi":"Khu phố Hương Điền","Sothuacu":34,"Sotocu":8,"Phuongcu":"phường Long Hương","Nguoisudun":"LÊ THÀNH THUẬN","Quyetdinh":"Quyết định 3693/QĐ-UBND","ID":"34.66","Shape_Length":0.0010285439641060457,"Shape_Area":5.9988484273815222e-08}},{"type":"Feature","id":478,"geometry":{"type":"Polygon","coordinates":[[[107.17145495100004,10.510733877000064],[107.17126116100007,10.510890026000027],[107.17101909900003,10.510525407000046],[107.17117984600009,10.510402741000064],[107.17132411600005,10.510345502000064],[107.17134105400004,10.510375278000026],[107.17140058000007,10.51049491200007],[107.17146210600004,10.510620153000048],[107.17149597500008,10.510682418000044],[107.17149476500003,10.51069453100007],[107.17145495100004,10.510733877000064]]]},"properties":{"OBJECTID":478,"FID":477,"Shape_Leng":164.15480692200001,"Sothua":33,"So_To":66,"LoaidatHT":"LUC","Khuphomoi":"Khu phố Hương Điền","Sothuacu":33,"Sotocu":8,"Phuongcu":"phường Long Hương","Nguoisudun":"NGUYỄN VĂN KHÁ","Quyetdinh":"Quyết định 3693/QĐ-UBND","ID":"33.66","Shape_Length":0.0014903882119367265,"Shape_Area":1.4098982873311642e-07}},{"type":"Feature","id":479,"geometry":{"type":"Polygon","coordinates":[[[107.13943649100008,10.509925524000039],[107.13963805300006,10.510903245000065],[107.13948978000008,10.510869009000032],[107.13948901100008,10.510787097000048],[107.13950564000004,10.510786405000033],[107.13950486700008,10.51076099900007],[107.13896739300009,10.510748388000025],[107.13879939600008,10.510709598000062],[107.13865438200008,10.510728938000057],[107.13839662000004,10.510741408000058],[107.13836072700008,10.510743146000038],[107.13835481700005,10.510664070000075],[107.13828574700005,10.510660673000075],[107.13825046400007,10.510660849000033],[107.13821973500006,10.510660558000041],[107.13819566700005,10.510199362000037],[107.13823163200004,10.510196968000059],[107.13822696000005,10.510107398000059],[107.13822123100005,10.509998044000042],[107.13821756600004,10.509899426000061],[107.13821572300009,10.509869868000067],[107.13820458100008,10.50966021000005],[107.13820451600009,10.50965048300003],[107.13835787700003,10.509655534000046],[107.13837638300004,10.509656145000065],[107.13852615800005,10.509661078000022],[107.13854462900008,10.509661686000072],[107.13868635400007,10.509666355000036],[107.13880529600004,10.509670028000073],[107.13891083600004,10.509673534000058],[107.13915618400006,10.509681680000028],[107.13917633300008,10.509682350000048],[107.13938445200006,10.509689262000052],[107.13943649100008,10.509925524000039]]]},"properties":{"OBJECTID":479,"FID":478,"Shape_Leng":561.92113533999998,"Sothua":32,"So_To":43,"LoaidatHT":"ODT","Khuphomoi":"Khu phố Hải Dinh","Sothuacu":65,"Sotocu":6,"Phuongcu":"Phường Kim Dinh","Nguoisudun":"UBND phường","Quyetdinh":"Quyết định 3693/QĐ-UBND","ID":"32.43","Shape_Length":0.0051067766003552589,"Shape_Area":1.3788889582966068e-06}},{"type":"Feature","id":480,"geometry":{"type":"Polygon","coordinates":[[[107.17155354800008,10.510869765000052],[107.17148452400005,10.510993683000038],[107.17139422700006,10.510963502000038],[107.17126198100004,10.510891294000032],[107.17126116100007,10.510890026000027],[107.17145495100004,10.510733877000064],[107.17147520000009,10.510751093000067],[107.17152854300008,10.510806069000068],[107.17155354800008,10.510869765000052]]]},"properties":{"OBJECTID":480,"FID":479,"Shape_Leng":89.076948735800002,"Sothua":27,"So_To":66,"LoaidatHT":"ODT","Khuphomoi":"Khu phố Hương Điền","Sothuacu":27,"Sotocu":8,"Phuongcu":"phường Long Hương","Nguoisudun":"NGUYỄN VĂN KHÁ","Quyetdinh":"Quyết định 3693/QĐ-UBND","ID":"27.66","Shape_Length":0.00080971758879469632,"Shape_Area":4.1183680638101343e-08}},{"type":"Feature","id":481,"geometry":{"type":"Polygon","coordinates":[[[107.16705899400006,10.510993631000076],[107.16699169100008,10.511027051000042],[107.16683028300008,10.510771161000036],[107.16701195200005,10.510648807000052],[107.16703577100009,10.510613861000024],[107.16715532700005,10.510777816000029],[107.16716215000008,10.510792927000068],[107.16723138200007,10.510900191000076],[107.16705899400006,10.510993631000076]]]},"properties":{"OBJECTID":481,"FID":480,"Shape_Leng":130.15302762600001,"Sothua":280,"So_To":65,"LoaidatHT":"HNK","Khuphomoi":"Khu phố Hương Điền","Sothuacu":280,"Sotocu":7,"Phuongcu":"phường Long Hương","Nguoisudun":"UBND phường","Quyetdinh":"Quyết định 3693/QĐ-UBND","ID":"280.65","Shape_Length":0.001182253489384412,"Shape_Area":8.5178917061443957e-08}},{"type":"Feature","id":482,"geometry":{"type":"Polygon","coordinates":[[[107.17041997700005,10.510862815000053],[107.17004154800009,10.511118258000067],[107.16990911400006,10.510861595000051],[107.16990828000007,10.510859980000021],[107.16987714700008,10.510799710000072],[107.16995390800008,10.510740269000053],[107.17014463900006,10.510656806000043],[107.17020018900007,10.510655009000061],[107.17022930700006,10.510619621000046],[107.17027559600007,10.510587067000074],[107.17029684400006,10.510607449000076],[107.17030916400006,10.510614432000068],[107.17031427000006,10.510625877000052],[107.17041997700005,10.510862815000053]]]},"properties":{"OBJECTID":482,"FID":481,"Shape_Leng":175.43094265100001,"Sothua":35,"So_To":66,"LoaidatHT":"LUC","Khuphomoi":"Khu phố Hương Điền","Sothuacu":35,"Sotocu":8,"Phuongcu":"phường Long Hương","Nguoisudun":"ĐỖ VĂN TRỌNG.","Quyetdinh":"Quyết định 3693/QĐ-UBND","ID":"35.66","Shape_Length":0.0015939038308597855,"Shape_Area":1.5517559784081356e-07}},{"type":"Feature","id":483,"geometry":{"type":"Polygon","coordinates":[[[107.17117185200004,10.510967165000068],[107.17094595700007,10.511143146000052],[107.17088001100007,10.511134617000039],[107.17080736600008,10.511093709000022],[107.17071825800008,10.510964529000034],[107.17058015100008,10.510752895000053],[107.17064376100006,10.510691532000067],[107.17077206200008,10.510575858000038],[107.17093276400004,10.510427877000041],[107.17097953600006,10.510478593000073],[107.17101909900003,10.510525407000046],[107.17126116100007,10.510890026000027],[107.17126198100004,10.510891294000032],[107.17117185200004,10.510967165000068]]]},"properties":{"OBJECTID":483,"FID":482,"Shape_Leng":221.603722586,"Sothua":26,"So_To":66,"LoaidatHT":"LUC","Khuphomoi":"Khu phố Hương Điền","Sothuacu":26,"Sotocu":8,"Phuongcu":"phường Long Hương","Nguoisudun":"NGUYỄN VĂN NHỊ","Quyetdinh":"Quyết định 3693/QĐ-UBND","ID":"26.66","Shape_Length":0.0020127089173988854,"Shape_Area":2.6744904187656495e-07}},{"type":"Feature","id":484,"geometry":{"type":"Polygon","coordinates":[[[107.17060918100009,10.511206181000034],[107.17058668300007,10.51121888800003],[107.17036280700006,10.510949776000075],[107.17044578100007,10.510889804000044],[107.17058015100008,10.510752895000053],[107.17071825800008,10.510964529000034],[107.17080736600008,10.511093709000022],[107.17076292300004,10.511116412000035],[107.17061010500004,10.511200306000035],[107.17060708600008,10.511203284000032],[107.17060918100009,10.511206181000034]]]},"properties":{"OBJECTID":484,"FID":483,"Shape_Leng":144.42549359899999,"Sothua":25,"So_To":66,"LoaidatHT":"LUC","Khuphomoi":"Khu phố Hương Điền","Sothuacu":25,"Sotocu":8,"Phuongcu":"phường Long Hương","Nguoisudun":"NGUYỄN THỊ BÉ","Quyetdinh":"Quyết định 3693/QĐ-UBND","ID":"25.66","Shape_Length":0.0013118039898078074,"Shape_Area":1.0028986418380233e-07}},{"type":"Feature","id":485,"geometry":{"type":"Polygon","coordinates":[[[107.17128708100006,10.511198558000046],[107.17117959900008,10.511270962000026],[107.17113352700005,10.511236250000024],[107.17103364500008,10.51125062400007],[107.17098987700007,10.511253980000049],[107.17096532100004,10.511194535000072],[107.17094595700007,10.511143146000052],[107.17117185200004,10.510967165000068],[107.17126198100004,10.510891294000032],[107.17139422700006,10.510963502000038],[107.17133855900005,10.51107759000007],[107.17128708100006,10.511198558000046]]]},"properties":{"OBJECTID":485,"FID":484,"Shape_Leng":139.12384811499999,"Sothua":13,"So_To":66,"LoaidatHT":"LUC","Khuphomoi":"Khu phố Hương Điền","Sothuacu":13,"Sotocu":8,"Phuongcu":"phường Long Hương","Nguoisudun":"NGUYỄN THỊ BÉ","Quyetdinh":"Quyết định 3693/QĐ-UBND","ID":"13.66","Shape_Length":0.001264570650732889,"Shape_Area":9.2822607847843797e-08}},{"type":"Feature","id":486,"geometry":{"type":"Polygon","coordinates":[[[107.16720815600007,10.511252210000066],[107.16714569900006,10.511283379000076],[107.16701965500005,10.511071313000059],[107.16699169100008,10.511027051000042],[107.16705899400006,10.510993631000076],[107.16714196800007,10.511129492000066],[107.16720815600007,10.511252210000066]]]},"properties":{"OBJECTID":486,"FID":485,"Shape_Leng":81.857309890500005,"Sothua":243,"So_To":65,"LoaidatHT":"HNK","Khuphomoi":"Khu phố Hương Điền","Sothuacu":243,"Sotocu":7,"Phuongcu":"phường Long Hương","Nguoisudun":"UBND phường","Quyetdinh":"Quyết định 3693/QĐ-UBND","ID":"243.65","Shape_Length":0.00074262212238750981,"Shape_Area":2.2018335549402563e-08}},{"type":"Feature","id":487,"geometry":{"type":"Polygon","coordinates":[[[107.17084887200008,10.511323430000061],[107.17070523400008,10.511383924000029],[107.17060918100009,10.511206181000034],[107.17060708600008,10.511203284000032],[107.17061010500004,10.511200306000035],[107.17076292300004,10.511116412000035],[107.17080736600008,10.511093709000022],[107.17088001100007,10.511134617000039],[107.17094595700007,10.511143146000052],[107.17096532100004,10.511194535000072],[107.17098987700007,10.511253980000049],[107.17084887200008,10.511323430000061]]]},"properties":{"OBJECTID":487,"FID":486,"Shape_Leng":111.721692648,"Sothua":14,"So_To":66,"LoaidatHT":"LUC","Khuphomoi":"Khu phố Hương Điền","Sothuacu":14,"Sotocu":8,"Phuongcu":"phường Long Hương","Nguoisudun":"NGUYỄN THỊ BÉ","Quyetdinh":"Quyết định 3693/QĐ-UBND","ID":"14.66","Shape_Length":0.0010162273906004231,"Shape_Area":6.4573024108604711e-08}},{"type":"Feature","id":488,"geometry":{"type":"Polygon","coordinates":[[[107.17058668300007,10.51121888800003],[107.17027332700007,10.511411796000061],[107.17014773300008,10.511250906000043],[107.17008885200005,10.511177836000059],[107.17009375700007,10.511143940000068],[107.17009981300004,10.511129937000021],[107.17036280700006,10.510949776000075],[107.17058668300007,10.51121888800003]]]},"properties":{"OBJECTID":488,"FID":487,"Shape_Leng":152.309097452,"Sothua":24,"So_To":66,"LoaidatHT":"LUC","Khuphomoi":"Khu phố Hương Điền","Sothuacu":24,"Sotocu":8,"Phuongcu":"phường Long Hương","Nguoisudun":"NGUYỄN THỊ BÉ","Quyetdinh":"Quyết định 3693/QĐ-UBND","ID":"24.66","Shape_Length":0.0013842726712165524,"Shape_Area":1.2207199770931039e-07}},{"type":"Feature","id":489,"geometry":{"type":"Polygon","coordinates":[[[107.17022297300008,10.51137002400003],[107.17008157700008,10.51145348700004],[107.16996985500003,10.511252117000026],[107.16995682300006,10.511234463000051],[107.17003751700008,10.511172769000041],[107.17004711300007,10.511170798000023],[107.17006190500007,10.51117597800004],[107.17008261300003,10.511191929000063],[107.17009619000004,10.511210940000069],[107.17018314700005,10.511317603000066],[107.17022297300008,10.51137002400003]]]},"properties":{"OBJECTID":489,"FID":488,"Shape_Leng":87.690048220899996,"Sothua":16,"So_To":66,"LoaidatHT":"HNK","Khuphomoi":"Khu phố Hương Điền","Sothuacu":16,"Sotocu":8,"Phuongcu":"phường Long Hương","Nguoisudun":"PHAN VĂN HÙNG","Quyetdinh":"Quyết định 3693/QĐ-UBND","ID":"16.66","Shape_Length":0.00079641727898230904,"Shape_Area":3.694594316946981e-08}},{"type":"Feature","id":490,"geometry":{"type":"Polygon","coordinates":[[[107.16733582200004,10.511475942000061],[107.16727830000008,10.511506576000045],[107.16714569900006,10.511283379000076],[107.16720815600007,10.511252210000066],[107.16725870500005,10.511335030000055],[107.16731313700006,10.511429088000057],[107.16732035600006,10.511441557000069],[107.16733582200004,10.511475942000061]]]},"properties":{"OBJECTID":490,"FID":489,"Shape_Leng":71.911605097299997,"Sothua":242,"So_To":65,"LoaidatHT":"HNK","Khuphomoi":"Khu phố Hương Điền","Sothuacu":242,"Sotocu":7,"Phuongcu":"phường Long Hương","Nguoisudun":"UBND phường","Quyetdinh":"Quyết định 3693/QĐ-UBND","ID":"242.65","Shape_Length":0.00065239950414253567,"Shape_Area":1.8030924823202966e-08}},{"type":"Feature","id":491,"geometry":{"type":"Polygon","coordinates":[[[107.17066143200009,10.511405633000038],[107.17034487600006,10.511550165000074],[107.17026637400005,10.511416575000055],[107.17027332700007,10.511411796000061],[107.17058668300007,10.51121888800003],[107.17060918100009,10.511206181000034],[107.17070523400008,10.511383924000029],[107.17066143200009,10.511405633000038]]]},"properties":{"OBJECTID":491,"FID":490,"Shape_Leng":127.10916532900001,"Sothua":15,"So_To":66,"LoaidatHT":"LUC","Khuphomoi":"Khu phố Hương Điền","Sothuacu":15,"Sotocu":8,"Phuongcu":"phường Long Hương","Nguoisudun":"NGUYỄN THỊ BÉ","Quyetdinh":"Quyết định 3693/QĐ-UBND","ID":"15.66","Shape_Length":0.0011561115417732999,"Shape_Area":7.1702976954981006e-08}},{"type":"Feature","id":492,"geometry":{"type":"Polygon","coordinates":[[[107.17000237000008,10.511501441000064],[107.16976472600004,10.511658232000059],[107.16968076600006,10.511511792000022],[107.16962584700008,10.511420377000036],[107.16966095000004,10.511408778000032],[107.16995682300006,10.511234463000051],[107.16996985500003,10.511252117000026],[107.17008157700008,10.51145348700004],[107.17000237000008,10.511501441000064]]]},"properties":{"OBJECTID":492,"FID":491,"Shape_Leng":141.42952005800001,"Sothua":17,"So_To":66,"LoaidatHT":"HNK","Khuphomoi":"Khu phố Hương Điền","Sothuacu":17,"Sotocu":8,"Phuongcu":"phường Long Hương","Nguoisudun":"PHAN VĂN HÙNG","Quyetdinh":"Quyết định 3693/QĐ-UBND","ID":"17.66","Shape_Length":0.001285347337780719,"Shape_Area":9.8029621934806776e-08}},{"type":"Feature","id":493,"geometry":{"type":"Polygon","coordinates":[[[107.16747338000005,10.511686221000048],[107.16740525500006,10.511719999000036],[107.16727830000008,10.511506576000045],[107.16733582200004,10.511475942000061],[107.16747338000005,10.511686221000048]]]},"properties":{"OBJECTID":493,"FID":492,"Shape_Leng":70.613738323000007,"Sothua":223,"So_To":65,"LoaidatHT":"ODT","Khuphomoi":"Khu phố Hương Điền","Sothuacu":223,"Sotocu":7,"Phuongcu":"phường Long Hương","Nguoisudun":"UBND phường","Quyetdinh":"Quyết định 3693/QĐ-UBND","ID":"223.65","Shape_Length":0.00064081395313163379,"Shape_Area":1.7568674129240246e-08}},{"type":"Feature","id":494,"geometry":{"type":"Polygon","coordinates":[[[107.17020714000006,10.511825940000051],[107.17017478300005,10.511834742000076],[107.17000237000008,10.511501441000064],[107.17008157700008,10.51145348700004],[107.17022297300008,10.51137002400003],[107.17026637400005,10.511416575000055],[107.17034487600006,10.511550165000074],[107.17037610500006,10.511608448000061],[107.17037672800006,10.511617128000069],[107.17037250900006,10.511674803000062],[107.17036855500004,10.511688176000064],[107.17031622300004,10.511777317000053],[107.17030541400004,10.511792305000029],[107.17020714000006,10.511825940000051]]]},"properties":{"OBJECTID":494,"FID":493,"Shape_Leng":138.436349898,"Sothua":9,"So_To":66,"LoaidatHT":"HNK","Khuphomoi":"Khu phố Hương Điền","Sothuacu":9,"Sotocu":8,"Phuongcu":"phường Long Hương","Nguoisudun":"CHI HỘI NÔNG DÂN","Quyetdinh":"Quyết định 3693/QĐ-UBND","ID":"9.66","Shape_Length":0.0012564793773796642,"Shape_Area":1.0429265327560425e-07}},{"type":"Feature","id":495,"geometry":{"type":"Polygon","coordinates":[[[107.17017478300005,10.511834742000076],[107.17000739700006,10.511891756000068],[107.16999306000008,10.51188802300004],[107.16997784100005,10.511867924000057],[107.16984660300005,10.511843905000035],[107.16978508900007,10.511712787000022],[107.16976472600004,10.511658232000059],[107.17000237000008,10.511501441000064],[107.17017478300005,10.511834742000076]]]},"properties":{"OBJECTID":495,"FID":494,"Shape_Leng":133.53192296500001,"Sothua":8,"So_To":66,"LoaidatHT":"HNK","Khuphomoi":"Khu phố Hương Điền","Sothuacu":8,"Sotocu":8,"Phuongcu":"phường Long Hương","Nguoisudun":"CHI HỘI NÔNG DÂN","Quyetdinh":"Quyết định 3693/QĐ-UBND","ID":"8.66","Shape_Length":0.0012132966035892005,"Shape_Area":9.180040951672565e-08}},{"type":"Feature","id":496,"geometry":{"type":"Polygon","coordinates":[[[107.16757822600005,10.511851052000054],[107.16750798400005,10.511892964000026],[107.16740525500006,10.511719999000036],[107.16747338000005,10.511686221000048],[107.16748599800007,10.511680819000048],[107.16757822600005,10.511851052000054]]]},"properties":{"OBJECTID":496,"FID":495,"Shape_Leng":62.3998785705,"Sothua":224,"So_To":65,"LoaidatHT":"ODT","Khuphomoi":"Khu phố Hương Điền","Sothuacu":224,"Sotocu":7,"Phuongcu":"phường Long Hương","Nguoisudun":"UBND phường","Quyetdinh":"Quyết định 3693/QĐ-UBND","ID":"224.65","Shape_Length":0.00056634385808467078,"Shape_Area":1.693590054347874e-08}},{"type":"Feature","id":497,"geometry":{"type":"Polygon","coordinates":[[[107.16786179000007,10.512054907000049],[107.16775416600007,10.512105160000033],[107.16772021100007,10.51203982100003],[107.16760480300007,10.511856073000047],[107.16759980600006,10.511840965000033],[107.16780396500008,10.511710425000047],[107.16795447800007,10.511930490000054],[107.16793903300004,10.511982268000054],[107.16793491400006,10.512001713000075],[107.16793046100008,10.512022756000022],[107.16791188500008,10.512029451000046],[107.16791179800003,10.51202948100007],[107.16790550300004,10.512031752000041],[107.16786179000007,10.512054907000049]]]},"properties":{"OBJECTID":497,"FID":496,"Shape_Leng":121.76080762300001,"Sothua":227,"So_To":65,"LoaidatHT":"ODT","Khuphomoi":"Khu phố Hương Điền","Sothuacu":227,"Sotocu":7,"Phuongcu":"phường Long Hương","Nguoisudun":"UBND phường","Quyetdinh":"Quyết định 3693/QĐ-UBND","ID":"227.65","Shape_Length":0.0011056646076072771,"Shape_Area":7.9050040157752577e-08}},{"type":"Feature","id":498,"geometry":{"type":"Polygon","coordinates":[[[107.16772641100005,10.512094802000036],[107.16765233300004,10.512135803000035],[107.16750798400005,10.511892964000026],[107.16757822600005,10.511851052000054],[107.16766020500006,10.511981485000035],[107.16772641100005,10.512094802000036]]]},"properties":{"OBJECTID":498,"FID":497,"Shape_Leng":80.925853907399997,"Sothua":225,"So_To":65,"LoaidatHT":"ODT","Khuphomoi":"Khu phố Hương Điền","Sothuacu":225,"Sotocu":7,"Phuongcu":"phường Long Hương","Nguoisudun":"UBND phường","Quyetdinh":"Quyết định 3693/QĐ-UBND","ID":"225.65","Shape_Length":0.00073426202912286358,"Shape_Area":2.3946932578126053e-08}},{"type":"Feature","id":499,"geometry":{"type":"Polygon","coordinates":[[[107.16744654200005,10.512203937000038],[107.16731590200004,10.512306334000073],[107.16722931200007,10.512198947000059],[107.16718848500005,10.512144625000076],[107.16733951800006,10.512019916000042],[107.16735455200006,10.51204576400005],[107.16744654200005,10.512203937000038]]]},"properties":{"OBJECTID":499,"FID":498,"Shape_Leng":85.969600576900007,"Sothua":217,"So_To":65,"LoaidatHT":"HNK","Khuphomoi":"Khu phố Hương Điền","Sothuacu":217,"Sotocu":7,"Phuongcu":"phường Long Hương","Nguoisudun":"PHAN ĐÌNH THẮNG","Quyetdinh":"Quyết định 3693/QĐ-UBND","ID":"217.65","Shape_Length":0.0007806356276758989,"Shape_Area":3.7816275155792021e-08}},{"type":"Feature","id":500,"geometry":{"type":"Polygon","coordinates":[[[107.16823934300004,10.512317612000061],[107.16817323600009,10.512346604000072],[107.16811063500006,10.512263096000027],[107.16793046100008,10.512022756000022],[107.16793491400006,10.512001713000075],[107.16793903300004,10.511982268000054],[107.16795447800007,10.511930490000054],[107.16811074500004,10.511859261000041],[107.16812524100004,10.511875201000066],[107.16813419300007,10.511885042000074],[107.16832755100006,10.512097622000056],[107.16825655200006,10.512299652000024],[107.16823934300004,10.512317612000061]]]},"properties":{"OBJECTID":500,"FID":499,"Shape_Leng":143.810922371,"Sothua":228,"So_To":65,"LoaidatHT":"ODT","Khuphomoi":"Khu phố Hương Điền","Sothuacu":228,"Sotocu":7,"Phuongcu":"phường Long Hương","Nguoisudun":"BÙI ĐỨC TÀI","Quyetdinh":"Quyết định 3693/QĐ-UBND","ID":"228.65","Shape_Length":0.001305310149891846,"Shape_Area":1.0795793035984906e-07}},{"type":"Feature","id":501,"geometry":{"type":"Polygon","coordinates":[[[107.16665498300006,10.512562521000063],[107.16664199500008,10.512570453000023],[107.16649114100005,10.512337186000025],[107.16653833600009,10.512308793000045],[107.16666701500009,10.512236791000021],[107.16669746400004,10.512222381000072],[107.16684334200005,10.512429781000037],[107.16669505400006,10.512532849000024],[107.16665498300006,10.512562521000063]]]},"properties":{"OBJECTID":501,"FID":500,"Shape_Leng":111.523852674,"Sothua":202,"So_To":65,"LoaidatHT":"LUC","Khuphomoi":"Khu phố Hương Điền","Sothuacu":202,"Sotocu":7,"Phuongcu":"phường Long Hương","Nguoisudun":"HỘI CCB PHƯỜNG","Quyetdinh":"Quyết định 3693/QĐ-UBND","ID":"202.65","Shape_Length":0.0010132466783865529,"Shape_Area":6.4232744899503741e-08}},{"type":"Feature","id":502,"geometry":{"type":"Polygon","coordinates":[[[107.16731590200004,10.512306334000073],[107.16690491400004,10.512626630000057],[107.16685966100005,10.512447894000047],[107.16687795600006,10.51243536000004],[107.16704697200004,10.512337936000051],[107.16716984700008,10.512242144000027],[107.16722931200007,10.512198947000059],[107.16731590200004,10.512306334000073]]]},"properties":{"OBJECTID":502,"FID":501,"Shape_Leng":141.92652181700001,"Sothua":204,"So_To":65,"LoaidatHT":"HNK","Khuphomoi":"Khu phố Hương Điền","Sothuacu":204,"Sotocu":7,"Phuongcu":"phường Long Hương","Nguoisudun":"PHAN ĐÌNH THẮNG","Quyetdinh":"Quyết định 3693/QĐ-UBND","ID":"204.65","Shape_Length":0.0012899435160645309,"Shape_Area":7.1972413120827073e-08}},{"type":"Feature","id":503,"geometry":{"type":"Polygon","coordinates":[[[107.16655043300005,10.51262977500005],[107.16652509200009,10.512648354000021],[107.16647827200006,10.512573859000042],[107.16643535100008,10.512515735000022],[107.16636802300008,10.512416069000039],[107.16647466900008,10.512352254000064],[107.16658626500003,10.512522342000068],[107.16655043300005,10.51262977500005]]]},"properties":{"OBJECTID":503,"FID":502,"Shape_Leng":82.991647189399998,"Sothua":171,"So_To":65,"LoaidatHT":"HNK","Khuphomoi":"Khu phố Hương Điền","Sothuacu":171,"Sotocu":7,"Phuongcu":"phường Long Hương","Nguoisudun":"HỘI CCB PHƯỜNG","Quyetdinh":"Quyết định 3693/QĐ-UBND","ID":"171.65","Shape_Length":0.00075289992016205117,"Shape_Area":3.0429354941582439e-08}},{"type":"Feature","id":504,"geometry":{"type":"Polygon","coordinates":[[[107.16809329300008,10.512592466000058],[107.16795279300004,10.512697713000023],[107.16780260900003,10.512444611000035],[107.16780227400005,10.512444036000034],[107.16784081700007,10.512423567000042],[107.16802419700008,10.512314505000063],[107.16808577300009,10.512411900000075],[107.16809741600008,10.512585964000039],[107.16809329300008,10.512592466000058]]]},"properties":{"OBJECTID":504,"FID":503,"Shape_Leng":112.921429891,"Sothua":206,"So_To":65,"LoaidatHT":"HNK","Khuphomoi":"Khu phố Hương Điền","Sothuacu":206,"Sotocu":7,"Phuongcu":"phường Long Hương","Nguoisudun":"UBND phường","Quyetdinh":"Quyết định 3693/QĐ-UBND","ID":"206.65","Shape_Length":0.001024900635330741,"Shape_Area":6.6425195070054661e-08}},{"type":"Feature","id":505,"geometry":{"type":"Polygon","coordinates":[[[107.16690491400004,10.512626630000057],[107.16671646000009,10.512810090000073],[107.16661921700006,10.512683516000038],[107.16658048800008,10.512630916000035],[107.16662845600007,10.512580012000058],[107.16664199500008,10.512570453000023],[107.16665498300006,10.512562521000063],[107.16669505400006,10.512532849000024],[107.16684334200005,10.512429781000037],[107.16685966100005,10.512447894000047],[107.16690491400004,10.512626630000057]]]},"properties":{"OBJECTID":505,"FID":504,"Shape_Leng":113.326164405,"Sothua":170,"So_To":65,"LoaidatHT":"HNK","Khuphomoi":"Khu phố Hương Điền","Sothuacu":170,"Sotocu":7,"Phuongcu":"phường Long Hương","Nguoisudun":"HỘI CCB PHƯỜNG.","Quyetdinh":"Quyết định 3693/QĐ-UBND","ID":"170.65","Shape_Length":0.0010288837951820209,"Shape_Area":6.4470364105731819e-08}},{"type":"Feature","id":506,"geometry":{"type":"Polygon","coordinates":[[[107.16708609400007,10.512814024000022],[107.16707675900005,10.512822595000046],[107.16690491400004,10.512626630000057],[107.16731590200004,10.512306334000073],[107.16740555100006,10.512439132000054],[107.16739804300005,10.512447888000054],[107.16708609400007,10.512814024000022]]]},"properties":{"OBJECTID":506,"FID":505,"Shape_Leng":159.313198073,"Sothua":169,"So_To":65,"LoaidatHT":"HNK","Khuphomoi":"Khu phố Hương Điền","Sothuacu":169,"Sotocu":7,"Phuongcu":"phường Long Hương","Nguoisudun":"PHAN ĐÌNH THẮNG","Quyetdinh":"Quyết định 3693/QĐ-UBND","ID":"169.65","Shape_Length":0.0014471366358939192,"Shape_Area":1.07182275631433e-07}},{"type":"Feature","id":507,"geometry":{"type":"Polygon","coordinates":[[[107.16723882300005,10.513033879000034],[107.16705404600003,10.513194092000049],[107.16695367900007,10.513075883000056],[107.16671646000009,10.512810090000073],[107.16690491400004,10.512626630000057],[107.16707675900005,10.512822595000046],[107.16723882300005,10.513033879000034]]]},"properties":{"OBJECTID":507,"FID":506,"Shape_Leng":170.22265260500001,"Sothua":158,"So_To":65,"LoaidatHT":"HNK","Khuphomoi":"Khu phố Hương Điền","Sothuacu":158,"Sotocu":7,"Phuongcu":"phường Long Hương","Nguoisudun":"ĐỖ ĐỨC HUYNH","Quyetdinh":"Quyết định 3693/QĐ-UBND","ID":"158.65","Shape_Length":0.0015458169741439239,"Shape_Area":1.3311585200650649e-07}},{"type":"Feature","id":508,"geometry":{"type":"Polygon","coordinates":[[[107.16755563700008,10.513228699000024],[107.16754877000005,10.513236100000029],[107.16749639600005,10.513200563000055],[107.16768190400006,10.513028851000058],[107.16767434300004,10.51301780600005],[107.16772577200004,10.512972243000036],[107.16780989100005,10.512887139000043],[107.16782531300004,10.512848897000026],[107.16787534300005,10.512933210000028],[107.16787573300007,10.512933867000072],[107.16775802600006,10.513018683000041],[107.16761646100008,10.513142468000069],[107.16755563700008,10.513228699000024]]]},"properties":{"OBJECTID":508,"FID":507,"Shape_Leng":121.805306554,"Sothua":165,"So_To":65,"LoaidatHT":"HNK","Khuphomoi":"Khu phố Hương Điền","Sothuacu":165,"Sotocu":7,"Phuongcu":"phường Long Hương","Nguoisudun":"UBND phường","Quyetdinh":"Quyết định 3693/QĐ-UBND","ID":"165.65","Shape_Length":0.00110661933309782,"Shape_Area":2.5512252419228351e-08}},{"type":"Feature","id":509,"geometry":{"type":"Polygon","coordinates":[[[107.16752669300007,10.513267793000068],[107.16742651000004,10.513442375000068],[107.16737790100007,10.513396628000066],[107.16732064000007,10.513336336000066],[107.16737315600005,10.513296082000068],[107.16742606200006,10.513242836000074],[107.16723882300005,10.513033879000034],[107.16707675900005,10.512822595000046],[107.16708609400007,10.512814024000022],[107.16724178700008,10.513000196000064],[107.16725427600005,10.513015136000035],[107.16744162900005,10.513223788000062],[107.16747805500006,10.51318877600005],[107.16749639600005,10.513200563000055],[107.16754877000005,10.513236100000029],[107.16752669300007,10.513267793000068]]]},"properties":{"OBJECTID":509,"FID":508,"Shape_Leng":194.82842247100001,"Sothua":160,"So_To":65,"LoaidatHT":"HNK","Khuphomoi":"Khu phố Hương Điền","Sothuacu":160,"Sotocu":7,"Phuongcu":"phường Long Hương","Nguoisudun":"PHAN ĐÌNH THẮNG","Quyetdinh":"Quyết định 3693/QĐ-UBND","ID":"160.65","Shape_Length":0.001768774629701247,"Shape_Area":3.7087712300846438e-08}},{"type":"Feature","id":510,"geometry":{"type":"Polygon","coordinates":[[[107.16788390300007,10.51361264600007],[107.16774652700008,10.513792583000054],[107.16770892800008,10.513770454000053],[107.16773248000004,10.513731440000072],[107.16782658200009,10.513584242000036],[107.16788390300007,10.51361264600007]]]},"properties":{"OBJECTID":510,"FID":509,"Shape_Leng":61.0623433672,"Sothua":161,"So_To":65,"LoaidatHT":"NTS","Khuphomoi":"Khu phố Hương Điền","Sothuacu":161,"Sotocu":7,"Phuongcu":"phường Long Hương","Nguoisudun":"UBND phường","Quyetdinh":"Quyết định 3693/QĐ-UBND","ID":"161.65","Shape_Length":0.00055426226035256863,"Shape_Area":1.2012817586707152e-08}},{"type":"Feature","id":511,"geometry":{"type":"Polygon","coordinates":[[[107.16796453000006,10.513685032000069],[107.16781725400006,10.513833851000072],[107.16774652700008,10.513792583000054],[107.16788390300007,10.51361264600007],[107.16794727700005,10.513531572000034],[107.16796601800007,10.513671202000069],[107.16796453000006,10.513685032000069]]]},"properties":{"OBJECTID":511,"FID":510,"Shape_Leng":85.454659905699998,"Sothua":162,"So_To":65,"LoaidatHT":"NTS","Khuphomoi":"Khu phố Hương Điền","Sothuacu":162,"Sotocu":7,"Phuongcu":"phường Long Hương","Nguoisudun":"UBND phường","Quyetdinh":"Quyết định 3693/QĐ-UBND","ID":"162.65","Shape_Length":0.00077533938708801431,"Shape_Area":2.6323144123276685e-08}},{"type":"Feature","id":512,"geometry":{"type":"Polygon","coordinates":[[[107.16612814100006,10.513811217000068],[107.16598359800008,10.513943534000077],[107.16583583900007,10.513784550000025],[107.16593533600008,10.513684287000046],[107.16598429800007,10.513639352000041],[107.16604254700007,10.513708985000051],[107.16612814100006,10.513811217000068]]]},"properties":{"OBJECTID":512,"FID":511,"Shape_Leng":93.010694469900002,"Sothua":591,"So_To":65,"LoaidatHT":"HNK","Khuphomoi":"Khu phố Hương Điền","Sothuacu":591,"Sotocu":7,"Phuongcu":"phường Long Hương","Nguoisudun":"UBND phường","Quyetdinh":"Quyết định 3693/QĐ-UBND","ID":"591.65","Shape_Length":0.00084483144501211439,"Shape_Area":4.4682298973982114e-08}},{"type":"Feature","id":513,"geometry":{"type":"Polygon","coordinates":[[[107.16743352200007,10.513795354000024],[107.16719305800007,10.513993004000042],[107.16709475300007,10.513896354000053],[107.16693087400006,10.513738918000058],[107.16718397600005,10.513574111000025],[107.16725001400005,10.513533457000051],[107.16740087600004,10.513470717000075],[107.16747577300004,10.513626543000044],[107.16750635900007,10.513685999000074],[107.16743352200007,10.513795354000024]]]},"properties":{"OBJECTID":513,"FID":512,"Shape_Leng":174.98216212599999,"Sothua":590,"So_To":65,"LoaidatHT":"CLN","Khuphomoi":"Khu phố Hương Điền","Sothuacu":590,"Sotocu":7,"Phuongcu":"phường Long Hương","Nguoisudun":"TRẦN VĂN THÁI.","Quyetdinh":"Quyết định 3693/QĐ-UBND","ID":"590.65","Shape_Length":0.0015904885489813497,"Shape_Area":1.5618133674078832e-07}},{"type":"Feature","id":514,"geometry":{"type":"Polygon","coordinates":[[[107.16797493600006,10.513884950000033],[107.16800599000004,10.51403545200003],[107.16787527200006,10.514026171000069],[107.16785747200004,10.513969631000066],[107.16787786500004,10.513958548000062],[107.16791382800005,10.51392796500005],[107.16797493600006,10.513884950000033]]]},"properties":{"OBJECTID":514,"FID":513,"Shape_Leng":53.848488011100002,"Sothua":127,"So_To":65,"LoaidatHT":"NTS","Khuphomoi":"Khu phố Hương Điền","Sothuacu":127,"Sotocu":7,"Phuongcu":"phường Long Hương","Nguoisudun":"UBND phường","Quyetdinh":"Quyết định 3693/QĐ-UBND","ID":"127.65","Shape_Length":0.00048914326627389382,"Shape_Area":1.3715358011124766e-08}},{"type":"Feature","id":515,"geometry":{"type":"Polygon","coordinates":[[[107.16785747200004,10.513969631000066],[107.16765077000008,10.514042756000038],[107.16770892800008,10.513770454000053],[107.16774652700008,10.513792583000054],[107.16781725400006,10.513833851000072],[107.16791382800005,10.51392796500005],[107.16787786500004,10.513958548000062],[107.16785747200004,10.513969631000066]]]},"properties":{"OBJECTID":515,"FID":514,"Shape_Leng":91.190196983500002,"Sothua":128,"So_To":65,"LoaidatHT":"NTS","Khuphomoi":"Khu phố Hương Điền","Sothuacu":128,"Sotocu":7,"Phuongcu":"phường Long Hương","Nguoisudun":"UBND phường","Quyetdinh":"Quyết định 3693/QĐ-UBND","ID":"128.65","Shape_Length":0.00082847960626139939,"Shape_Area":3.6865363890215236e-08}},{"type":"Feature","id":516,"geometry":{"type":"Polygon","coordinates":[[[107.16788833600003,10.514172933000054],[107.16763359500004,10.514188197000067],[107.16759792000005,10.514065715000072],[107.16756949900008,10.514070273000073],[107.16758649200005,10.51377773300004],[107.16748311800006,10.513558387000046],[107.16757248100004,10.513405032000037],[107.16760711500007,10.513351753000052],[107.16779659200006,10.513451372000077],[107.16783811800008,10.51347405100006],[107.16778733800004,10.513562742000033],[107.16782658200009,10.513584242000036],[107.16773248000004,10.513731440000072],[107.16770892800008,10.513770454000053],[107.16765077000008,10.514042756000038],[107.16785747200004,10.513969631000066],[107.16787527200006,10.514026171000069],[107.16800599000004,10.51403545200003],[107.16802300900008,10.51416838800003],[107.16788833600003,10.514172933000054]]]},"properties":{"OBJECTID":516,"FID":515,"Shape_Leng":305.48720513299997,"Sothua":126,"So_To":65,"LoaidatHT":"NTS","Khuphomoi":"Khu phố Hương Điền","Sothuacu":126,"Sotocu":7,"Phuongcu":"phường Long Hương","Nguoisudun":"UBND phường","Quyetdinh":"Quyết định 3693/QĐ-UBND","ID":"126.65","Shape_Length":0.0027735124962403397,"Shape_Area":1.8774787153325177e-07}},{"type":"Feature","id":517,"geometry":{"type":"Polygon","coordinates":[[[107.17138879400005,10.51613728600006],[107.17134226800005,10.516248136000058],[107.17128417000004,10.516244413000038],[107.17121991000005,10.516169245000071],[107.17120103000008,10.51614716000006],[107.17121484300009,10.51613769100004],[107.17131135200009,10.516071325000041],[107.17140720900005,10.516015412000058],[107.17142264500006,10.516018592000023],[107.17143006300006,10.51602981800005],[107.17141425100004,10.516057047000061],[107.17138879400005,10.51613728600006]]]},"properties":{"OBJECTID":517,"FID":516,"Shape_Leng":76.632204573300001,"Sothua":326,"So_To":106,"LoaidatHT":"HNK","Khuphomoi":"Khu phố Phước Tân","Sothuacu":326,"Sotocu":24,"Phuongcu":"Phường Tân Hưng","Nguoisudun":"UBND xã Tân Hưng","Quyetdinh":"Quyết định 3693/QĐ-UBND","ID":"326.106","Shape_Length":0.00069611025826491119,"Shape_Area":2.6059689036342627e-08}},{"type":"Feature","id":518,"geometry":{"type":"Polygon","coordinates":[[[107.17150139300009,10.516506822000053],[107.17136660000006,10.51657565000005],[107.17122726600007,10.516334359000041],[107.17128417000004,10.516244413000038],[107.17134226800005,10.516248136000058],[107.17141988400004,10.516368163000038],[107.17150139300009,10.516506822000053]]]},"properties":{"OBJECTID":518,"FID":517,"Shape_Leng":98.989193215699999,"Sothua":316,"So_To":106,"LoaidatHT":"HNK","Khuphomoi":"Khu phố Phước Tân","Sothuacu":316,"Sotocu":24,"Phuongcu":"Phường Tân Hưng","Nguoisudun":"UBND xã Tân Hưng","Quyetdinh":"Quyết định 3693/QĐ-UBND","ID":"316.106","Shape_Length":0.00089840950356779962,"Shape_Area":4.6000236531219437e-08}},{"type":"Feature","id":519,"geometry":{"type":"Polygon","coordinates":[[[107.16668522300006,10.519082138000044],[107.16651482500004,10.519135618000064],[107.16650257000003,10.519091568000022],[107.16648832600004,10.519040367000059],[107.16647289400004,10.518984896000063],[107.16647260700006,10.518983862000027],[107.16647527300006,10.518982677000054],[107.16650124700004,10.518971135000072],[107.16663717200004,10.51893341300007],[107.16664369800009,10.51893218500004],[107.16665823200009,10.51898466800003],[107.16668522300006,10.519082138000044]]]},"properties":{"OBJECTID":519,"FID":518,"Shape_Leng":73.814066882999995,"Sothua":1042,"So_To":105,"LoaidatHT":"TSC","Khuphomoi":"Khu phố Phước Tân","Sothuacu":1042,"Sotocu":23,"Phuongcu":"Phường Tân Hưng","Nguoisudun":"Trụ sở cơ quan","Quyetdinh":" ","ID":"1042.105","Shape_Length":0.00067075200456968268,"Shape_Area":2.8347569035680841e-08}},{"type":"Feature","id":520,"geometry":{"type":"Polygon","coordinates":[[[107.17254676700009,10.520179520000056],[107.17248008500007,10.520222435000051],[107.17238926000005,10.520081047000076],[107.17232163500006,10.519943408000074],[107.17240058900006,10.519884513000022],[107.17265386300005,10.519726935000051],[107.17279715000006,10.519955846000073],[107.17254676700009,10.520179520000056]]]},"properties":{"OBJECTID":520,"FID":519,"Shape_Leng":154.490008125,"Sothua":32,"So_To":107,"LoaidatHT":"LUC","Khuphomoi":"Khu phố Phước Tân","Sothuacu":32,"Sotocu":25,"Phuongcu":"Phường Tân Hưng","Nguoisudun":"UBND xã Tân Hưng","Quyetdinh":"Quyết định 3693/QĐ-UBND","ID":"32.107","Shape_Length":0.0014032914947762762,"Shape_Area":1.2368191700376194e-07}},{"type":"Feature","id":521,"geometry":{"type":"Polygon","coordinates":[[[107.17176053800006,10.520604376000051],[107.17128321600006,10.520776192000028],[107.17120235800007,10.520532838000065],[107.17139776600004,10.520443144000069],[107.17147923100003,10.52040984100006],[107.17161973600008,10.520366338000031],[107.17176053800006,10.520604376000051]]]},"properties":{"OBJECTID":521,"FID":520,"Shape_Leng":163.83150220300001,"Sothua":16,"So_To":106,"LoaidatHT":"CLN","Khuphomoi":"Khu phố Phước Tân","Sothuacu":16,"Sotocu":24,"Phuongcu":"Phường Tân Hưng","Nguoisudun":"Lê Đình Viên","Quyetdinh":"Quyết định 3693/QĐ-UBND","ID":"16.106","Shape_Length":0.0014904074543390425,"Shape_Area":1.2944120495969892e-07}},{"type":"Feature","id":522,"geometry":{"type":"Polygon","coordinates":[[[107.17194218000009,10.521234333000052],[107.17160890100007,10.521327573000065],[107.17154839800008,10.521191483000052],[107.17154441700006,10.521121407000066],[107.17160321300008,10.521045207000043],[107.17161317700004,10.52104242200005],[107.17187405900006,10.520970660000046],[107.17190370900005,10.52104231900006],[107.17194218000009,10.521234333000052]]]},"properties":{"OBJECTID":522,"FID":521,"Shape_Leng":133.753864198,"Sothua":212,"So_To":102,"LoaidatHT":"HNK","Khuphomoi":"Khu phố Phước Tân","Sothuacu":212,"Sotocu":20,"Phuongcu":"Phường Tân Hưng","Nguoisudun":"Nguyễn Thị Hòa","Quyetdinh":"Quyết định 3693/QĐ-UBND","ID":"212.102","Shape_Length":0.0012157435466434155,"Shape_Area":9.7405696585510361e-08}},{"type":"Feature","id":523,"geometry":{"type":"Polygon","coordinates":[[[107.17230913500003,10.521259775000033],[107.17202138700009,10.521384018000049],[107.17194218000009,10.521234333000052],[107.17190370900005,10.52104231900006],[107.17216674200006,10.520943346000024],[107.17224000800007,10.520947006000029],[107.17225087100007,10.520951818000071],[107.17227823100006,10.52107645500007],[107.17228157100004,10.521146981000072],[107.17230913500003,10.521259775000033]]]},"properties":{"OBJECTID":523,"FID":522,"Shape_Leng":149.63977737799999,"Sothua":213,"So_To":102,"LoaidatHT":"HNK","Khuphomoi":"Khu phố Phước Tân","Sothuacu":213,"Sotocu":20,"Phuongcu":"Phường Tân Hưng","Nguoisudun":"Phạm Thị Hoa","Quyetdinh":"Quyết định 3693/QĐ-UBND","ID":"213.102","Shape_Length":0.0013592034803499679,"Shape_Area":1.2252121515418469e-07}},{"type":"Feature","id":524,"geometry":{"type":"Polygon","coordinates":[[[107.17130833200008,10.521418158000074],[107.17117248900007,10.521454017000053],[107.17116462900009,10.521441658000072],[107.17104470300006,10.521249284000021],[107.17102783000007,10.521222378000061],[107.17108167700007,10.521214590000056],[107.17127529800007,10.521152198000038],[107.17131569100007,10.521244492000051],[107.17129697700005,10.521285414000033],[107.17130833200008,10.521418158000074]]]},"properties":{"OBJECTID":524,"FID":523,"Shape_Leng":104.61544241,"Sothua":396,"So_To":101,"LoaidatHT":"HNK","Khuphomoi":"Khu phố Phước Tân","Sothuacu":0,"Sotocu":19,"Phuongcu":"Phường Tân Hưng","Nguoisudun":" ","Quyetdinh":"Quyết định 3693/QĐ-UBND","ID":"396.101","Shape_Length":0.00095040095594416097,"Shape_Area":5.3847981826330361e-08}},{"type":"Feature","id":525,"geometry":{"type":"Polygon","coordinates":[[[107.17203639700006,10.521517131000053],[107.17168824700008,10.521549044000039],[107.17164093100007,10.521445708000044],[107.17160890100007,10.521327573000065],[107.17194218000009,10.521234333000052],[107.17202138700009,10.521384018000049],[107.17204991600005,10.521469237000076],[107.17203639700006,10.521517131000053]]]},"properties":{"OBJECTID":525,"FID":524,"Shape_Leng":136.42099495400001,"Sothua":194,"So_To":102,"LoaidatHT":"CLN","Khuphomoi":"Khu phố Phước Tân","Sothuacu":194,"Sotocu":20,"Phuongcu":"Phường Tân Hưng","Nguoisudun":"Phạm Văn Đóa","Quyetdinh":"Quyết định 3693/QĐ-UBND","ID":"194.102","Shape_Length":0.001240722092863297,"Shape_Area":9.7883850984575961e-08}},{"type":"Feature","id":526,"geometry":{"type":"Polygon","coordinates":[[[107.17158327200008,10.521597946000043],[107.17143344300007,10.521643783000059],[107.17130833200008,10.521418158000074],[107.17129697700005,10.521285414000033],[107.17131569100007,10.521244492000051],[107.17133186700005,10.52124180800007],[107.17154839800008,10.521191483000052],[107.17160890100007,10.521327573000065],[107.17164093100007,10.521445708000044],[107.17168824700008,10.521549044000039],[107.17161216700003,10.521584527000073],[107.17158327200008,10.521597946000043]]]},"properties":{"OBJECTID":526,"FID":525,"Shape_Leng":146.74626332599999,"Sothua":377,"So_To":101,"LoaidatHT":"HNK","Khuphomoi":"Khu phố Phước Tân","Sothuacu":0,"Sotocu":19,"Phuongcu":"Phường Tân Hưng","Nguoisudun":" ","Quyetdinh":"Quyết định 3693/QĐ-UBND","ID":"377.101","Shape_Length":0.0013323944321573331,"Shape_Area":1.1623095471661018e-07}},{"type":"Feature","id":527,"geometry":{"type":"Polygon","coordinates":[[[107.17139833000005,10.521660264000047],[107.17131729300007,10.521684965000077],[107.17128652800005,10.521634464000044],[107.17123553000005,10.521553147000077],[107.17117248900007,10.521454017000053],[107.17130833200008,10.521418158000074],[107.17143344300007,10.521643783000059],[107.17139833000005,10.521660264000047]]]},"properties":{"OBJECTID":527,"FID":526,"Shape_Leng":87.482167206900002,"Sothua":363,"So_To":101,"LoaidatHT":"HNK","Khuphomoi":"Khu phố Phước Tân","Sothuacu":0,"Sotocu":19,"Phuongcu":"Phường Tân Hưng","Nguoisudun":" ","Quyetdinh":"Quyết định 3693/QĐ-UBND","ID":"363.101","Shape_Length":0.0007945908326507363,"Shape_Area":3.4056800249999592e-08}},{"type":"Feature","id":528,"geometry":{"type":"Polygon","coordinates":[[[107.17189700400007,10.52174860100007],[107.17180447900006,10.521784235000041],[107.17167602100005,10.521638348000067],[107.17170052900008,10.521625826000047],[107.17167468400004,10.521571170000072],[107.17169142100005,10.521561707000046],[107.17203317800005,10.521528426000032],[107.17203890900004,10.521541908000074],[107.17207948800007,10.521632393000061],[107.17212946400008,10.521730219000062],[107.17189700400007,10.52174860100007]]]},"properties":{"OBJECTID":528,"FID":527,"Shape_Leng":131.92260007499999,"Sothua":183,"So_To":102,"LoaidatHT":"HNK","Khuphomoi":"Khu phố Phước Tân","Sothuacu":183,"Sotocu":20,"Phuongcu":"Phường Tân Hưng","Nguoisudun":"Nguyễn Trung Tiếng","Quyetdinh":"Quyết định 3693/QĐ-UBND","ID":"183.102","Shape_Length":0.0012009678131710867,"Shape_Area":7.7441406292480611e-08}},{"type":"Feature","id":529,"geometry":{"type":"Polygon","coordinates":[[[107.17245329900004,10.521803138000053],[107.17217474300008,10.521847746000049],[107.17212946400008,10.521730219000062],[107.17207948800007,10.521632393000061],[107.17238723000008,10.521565146000057],[107.17245329900004,10.521803138000053]]]},"properties":{"OBJECTID":529,"FID":528,"Shape_Leng":118.757287042,"Sothua":184,"So_To":102,"LoaidatHT":"CLN","Khuphomoi":"Khu phố Phước Tân","Sothuacu":184,"Sotocu":20,"Phuongcu":"Phường Tân Hưng","Nguoisudun":"Trần Thị Định","Quyetdinh":"Quyết định 3693/QĐ-UBND","ID":"184.102","Shape_Length":0.0010799011607660162,"Shape_Area":7.0238007752068691e-08}},{"type":"Feature","id":530,"geometry":{"type":"Polygon","coordinates":[[[107.17163802300007,10.521928047000074],[107.17148330000003,10.521971506000057],[107.17143115000005,10.521879517000059],[107.17136053900003,10.52175595600005],[107.17132719500006,10.521701222000047],[107.17140661200006,10.521677366000063],[107.17159603800008,10.521611350000057],[107.17168502100009,10.521711236000044],[107.17168263300005,10.521816199000057],[107.17164061800008,10.521859158000041],[107.17166627500006,10.521916526000041],[107.17163802300007,10.521928047000074]]]},"properties":{"OBJECTID":530,"FID":529,"Shape_Leng":126.386427713,"Sothua":341,"So_To":101,"LoaidatHT":"HNK","Khuphomoi":"Khu phố Phước Tân","Sothuacu":0,"Sotocu":19,"Phuongcu":"Phường Tân Hưng","Nguoisudun":" ","Quyetdinh":"Quyết định 3693/QĐ-UBND","ID":"341.101","Shape_Length":0.0011485881699593453,"Shape_Area":8.190519820777265e-08}},{"type":"Feature","id":531,"geometry":{"type":"Polygon","coordinates":[[[107.17217686300006,10.521985627000049],[107.17203635400006,10.522030667000024],[107.17180447900006,10.521784235000041],[107.17189700400007,10.52174860100007],[107.17212946400008,10.521730219000062],[107.17217474300008,10.521847746000049],[107.17217686300006,10.521985627000049]]]},"properties":{"OBJECTID":531,"FID":530,"Shape_Leng":119.007068561,"Sothua":178,"So_To":102,"LoaidatHT":"HNK","Khuphomoi":"Khu phố Phước Tân","Sothuacu":178,"Sotocu":20,"Phuongcu":"Phường Tân Hưng","Nguoisudun":"Nguyễn Trung Tiếng","Quyetdinh":"Quyết định 3693/QĐ-UBND","ID":"178.102","Shape_Length":0.001082102171935499,"Shape_Area":7.1605139394462343e-08}},{"type":"Feature","id":532,"geometry":{"type":"Polygon","coordinates":[[[107.17176059000008,10.522048246000054],[107.17155980500007,10.522111516000052],[107.17151765100004,10.522032095000043],[107.17148330000003,10.521971506000057],[107.17163802300007,10.521928047000074],[107.17166627500006,10.521916526000041],[107.17169992300006,10.521902393000062],[107.17176059000008,10.522048246000054]]]},"properties":{"OBJECTID":532,"FID":531,"Shape_Leng":83.094657581199996,"Sothua":320,"So_To":101,"LoaidatHT":"HNK","Khuphomoi":"Khu phố Phước Tân","Sothuacu":0,"Sotocu":19,"Phuongcu":"Phường Tân Hưng","Nguoisudun":" ","Quyetdinh":"Quyết định 3693/QĐ-UBND","ID":"320.101","Shape_Length":0.00075576570057606443,"Shape_Area":3.3637735638742852e-08}},{"type":"Feature","id":533,"geometry":{"type":"Polygon","coordinates":[[[107.17216965500006,10.522274659000061],[107.17209298900008,10.522281391000035],[107.17198826400005,10.522049385000059],[107.17203635400006,10.522030667000024],[107.17217686300006,10.521985627000049],[107.17226637700008,10.52224228700004],[107.17216965500006,10.522274659000061]]]},"properties":{"OBJECTID":533,"FID":532,"Shape_Leng":99.593414717499996,"Sothua":157,"So_To":102,"LoaidatHT":"HNK","Khuphomoi":"Khu phố Phước Tân","Sothuacu":157,"Sotocu":20,"Phuongcu":"Phường Tân Hưng","Nguoisudun":"Trần Thị Định","Quyetdinh":"Quyết định 3693/QĐ-UBND","ID":"157.102","Shape_Length":0.0009044809135217019,"Shape_Area":5.0365024400667193e-08}},{"type":"Feature","id":534,"geometry":{"type":"Polygon","coordinates":[[[107.17258100000004,10.522159773000055],[107.17228216200004,10.522302440000033],[107.17226637700008,10.52224228700004],[107.17217686300006,10.521985627000049],[107.17217474300008,10.521847746000049],[107.17245329900004,10.521803138000053],[107.17248830500006,10.521938926000075],[107.17250273600007,10.521994901000028],[107.17258100000004,10.522159773000055]]]},"properties":{"OBJECTID":534,"FID":533,"Shape_Leng":161.45322488299999,"Sothua":165,"So_To":102,"LoaidatHT":"HNK","Khuphomoi":"Khu phố Phước Tân","Sothuacu":165,"Sotocu":20,"Phuongcu":"Phường Tân Hưng","Nguoisudun":"Trần Thị Định","Quyetdinh":"Quyết định 3693/QĐ-UBND","ID":"165.102","Shape_Length":0.0014656983124728064,"Shape_Area":1.3095038472883133e-07}},{"type":"Feature","id":535,"geometry":{"type":"Polygon","coordinates":[[[107.17195504900008,10.522365367000077],[107.17184480700007,10.522401999000067],[107.17181241600008,10.52226620600004],[107.17177699400008,10.522124068000039],[107.17176811100006,10.522086568000077],[107.17176676000008,10.522081013000047],[107.17197613700006,10.522035892000076],[107.17198826400005,10.522049385000059],[107.17209298900008,10.522281391000035],[107.17201308100005,10.522312076000048],[107.17196059800006,10.522334131000036],[107.17194452200005,10.522341694000033],[107.17195504900008,10.522365367000077]]]},"properties":{"OBJECTID":535,"FID":534,"Shape_Leng":123.276603072,"Sothua":156,"So_To":102,"LoaidatHT":"HNK","Khuphomoi":"Khu phố Phước Tân","Sothuacu":156,"Sotocu":20,"Phuongcu":"Phường Tân Hưng","Nguoisudun":"Trần Thị Định","Quyetdinh":"Quyết định 3693/QĐ-UBND","ID":"156.102","Shape_Length":0.0011195839155585018,"Shape_Area":7.3384321733333442e-08}},{"type":"Feature","id":536,"geometry":{"type":"Polygon","coordinates":[[[107.17229489900006,10.522871151000061],[107.17220293100007,10.522901904000037],[107.17215069300005,10.522743046000073],[107.17233236900006,10.522669330000042],[107.17236094300006,10.52268140700005],[107.17240649900003,10.522748214000046],[107.17246344800009,10.522781317000067],[107.17229489900006,10.522871151000061]]]},"properties":{"OBJECTID":536,"FID":535,"Shape_Leng":91.124655876399999,"Sothua":125,"So_To":102,"LoaidatHT":"CLN","Khuphomoi":"Khu phố Tân Hưng","Sothuacu":125,"Sotocu":20,"Phuongcu":"Phường Tân Hưng","Nguoisudun":"Trần Thị Định","Quyetdinh":"Quyết định 3693/QĐ-UBND","ID":"125.102","Shape_Length":0.00082900982998447006,"Shape_Area":4.0045596433494214e-08}},{"type":"Feature","id":537,"geometry":{"type":"Polygon","coordinates":[[[107.17248318100008,10.522880625000028],[107.17223153000003,10.522999058000039],[107.17220293100007,10.522901904000037],[107.17229489900006,10.522871151000061],[107.17246344800009,10.522781317000067],[107.17248318100008,10.522880625000028]]]},"properties":{"OBJECTID":537,"FID":536,"Shape_Leng":84.496073803300007,"Sothua":112,"So_To":102,"LoaidatHT":"CLN","Khuphomoi":"Khu phố Tân Hưng","Sothuacu":112,"Sotocu":20,"Phuongcu":"Phường Tân Hưng","Nguoisudun":"Phạm Văn Chính","Quyetdinh":"Quyết định 3693/QĐ-UBND","ID":"112.102","Shape_Length":0.00076862040719493968,"Shape_Area":2.6504233100184544e-08}},{"type":"Feature","id":538,"geometry":{"type":"Polygon","coordinates":[[[107.17276863700005,10.522821871000076],[107.17253913700006,10.523005043000069],[107.17251445600004,10.522963228000037],[107.17248318100008,10.522880625000028],[107.17246344800009,10.522781317000067],[107.17276284400003,10.522781230000021],[107.17277248100004,10.522780806000071],[107.17277234400007,10.522781699000063],[107.17276827200004,10.522808101000066],[107.17277072000007,10.522820212000056],[107.17276863700005,10.522821871000076]]]},"properties":{"OBJECTID":538,"FID":537,"Shape_Leng":97.151369681099993,"Sothua":114,"So_To":102,"LoaidatHT":"CLN","Khuphomoi":"Khu phố Tân Hưng","Sothuacu":114,"Sotocu":20,"Phuongcu":"Phường Tân Hưng","Nguoisudun":"Phạm Văn Chính","Quyetdinh":"Quyết định 3693/QĐ-UBND","ID":"114.102","Shape_Length":0.00088344559950223026,"Shape_Area":4.0782839262202728e-08}},{"type":"Feature","id":539,"geometry":{"type":"Polygon","coordinates":[[[107.16766306900007,10.522977408000031],[107.16759074700008,10.523006207000037],[107.16755410700006,10.522916842000029],[107.16755227700008,10.522912379000047],[107.16763291800004,10.522880612000051],[107.16763409000004,10.522884375000046],[107.16766306900007,10.522977408000031]]]},"properties":{"OBJECTID":539,"FID":538,"Shape_Leng":40.449616789499999,"Sothua":1159,"So_To":101,"LoaidatHT":"ONT","Khuphomoi":"Khu phố Phước Tân","Sothuacu":920,"Sotocu":19,"Phuongcu":"Phường Tân Hưng","Nguoisudun":" ","Quyetdinh":"Quyết định 3693/QĐ-UBND","ID":"1159.101","Shape_Length":0.00036730894482483865,"Shape_Area":8.3286161315483738e-09}},{"type":"Feature","id":540,"geometry":{"type":"Polygon","coordinates":[[[107.17229288700008,10.523068786000067],[107.17227569000005,10.523080056000026],[107.17226785400004,10.523068831000046],[107.17223295200006,10.523001790000023],[107.17223153000003,10.522999058000039],[107.17248318100008,10.522880625000028],[107.17251445600004,10.522963228000037],[107.17229288700008,10.523068786000067]]]},"properties":{"OBJECTID":540,"FID":539,"Shape_Leng":79.648300649700005,"Sothua":113,"So_To":102,"LoaidatHT":"CLN","Khuphomoi":"Khu phố Tân Hưng","Sothuacu":113,"Sotocu":20,"Phuongcu":"Phường Tân Hưng","Nguoisudun":"Phạm Văn Chính","Quyetdinh":"Quyết định 3693/QĐ-UBND","ID":"113.102","Shape_Length":0.00072479359716225665,"Shape_Area":2.4223517587582458e-08}},{"type":"Feature","id":541,"geometry":{"type":"Polygon","coordinates":[[[107.17244016400008,10.523068693000027],[107.17230409800004,10.523132095000051],[107.17229279000009,10.523115429000029],[107.17229052200008,10.523112089000051],[107.17227569000005,10.523080056000026],[107.17229288700008,10.523068786000067],[107.17251445600004,10.522963228000037],[107.17253913700006,10.523005043000069],[107.17252877600004,10.523024824000061],[107.17245863300008,10.523061404000032],[107.17244016400008,10.523068693000027]]]},"properties":{"OBJECTID":541,"FID":540,"Shape_Leng":70.897196215099996,"Sothua":101,"So_To":102,"LoaidatHT":"CLN","Khuphomoi":"Khu phố Tân Hưng","Sothuacu":101,"Sotocu":20,"Phuongcu":"Phường Tân Hưng","Nguoisudun":"Phạm Văn Chính","Quyetdinh":"Quyết định 3693/QĐ-UBND","ID":"101.102","Shape_Length":0.00064542932903697344,"Shape_Area":1.6687994274290261e-08}},{"type":"Feature","id":542,"geometry":{"type":"Polygon","coordinates":[[[107.16771419900005,10.523141147000047],[107.16765458800006,10.523164001000055],[107.16765155400009,10.523156353000047],[107.16762994500004,10.523101844000053],[107.16759074700008,10.523006207000037],[107.16766306900007,10.522977408000031],[107.16771159100006,10.523132793000059],[107.16771419900005,10.523141147000047]]]},"properties":{"OBJECTID":542,"FID":541,"Shape_Leng":53.3038983402,"Sothua":1158,"So_To":101,"LoaidatHT":"ONT","Khuphomoi":"Khu phố Phước Tân","Sothuacu":920,"Sotocu":19,"Phuongcu":"Phường Tân Hưng","Nguoisudun":" ","Quyetdinh":"Quyết định 3693/QĐ-UBND","ID":"1158.101","Shape_Length":0.000483445300411132,"Shape_Area":1.2050140532183155e-08}},{"type":"Feature","id":543,"geometry":{"type":"Polygon","coordinates":[[[107.17279794100006,10.523068531000035],[107.17261044400004,10.523177949000058],[107.17252877600004,10.523024824000061],[107.17253913700006,10.523005043000069],[107.17276863700005,10.522821871000076],[107.17284702300009,10.522910310000043],[107.17287714400004,10.523024012000064],[107.17279794100006,10.523068531000035]]]},"properties":{"OBJECTID":543,"FID":542,"Shape_Leng":113.733800421,"Sothua":115,"So_To":102,"LoaidatHT":"HNK","Khuphomoi":"Khu phố Tân Hưng","Sothuacu":115,"Sotocu":20,"Phuongcu":"Phường Tân Hưng","Nguoisudun":"Kiều Đình Vân","Quyetdinh":"Quyết định 3693/QĐ-UBND","ID":"115.102","Shape_Length":0.0010332557227662397,"Shape_Area":6.6244670667171724e-08}},{"type":"Feature","id":544,"geometry":{"type":"Polygon","coordinates":[[[107.17248654300005,10.52343051400004],[107.17244368300004,10.523436312000058],[107.17243822300009,10.523424548000037],[107.17243231200007,10.523427469000069],[107.17229702300006,10.523129144000052],[107.17228972900006,10.523116671000025],[107.17229279000009,10.523115429000029],[107.17230409800004,10.523132095000051],[107.17244016400008,10.523068693000027],[107.17245863300008,10.523061404000032],[107.17252877600004,10.523024824000061],[107.17261044400004,10.523177949000058],[107.17271624500006,10.523323342000026],[107.17257649300007,10.523404097000025],[107.17248654300005,10.52343051400004]]]},"properties":{"OBJECTID":544,"FID":543,"Shape_Leng":141.549308126,"Sothua":94,"So_To":102,"LoaidatHT":"CLN","Khuphomoi":"Khu phố Tân Hưng","Sothuacu":94,"Sotocu":20,"Phuongcu":"Phường Tân Hưng","Nguoisudun":"Trần Xuân Tàm","Quyetdinh":"Quyết định 3693/QĐ-UBND","ID":"94.102","Shape_Length":0.0012858614079894915,"Shape_Area":9.5920774863795005e-08}},{"type":"Feature","id":545,"geometry":{"type":"Polygon","coordinates":[[[107.17284099500006,10.52364615700003],[107.17269875700003,10.523687578000022],[107.17257649300007,10.523404097000025],[107.17271624500006,10.523323342000026],[107.17281214200005,10.523292597000022],[107.17290598800008,10.523578828000041],[107.17291095800005,10.52360813100006],[107.17284099500006,10.52364615700003]]]},"properties":{"OBJECTID":545,"FID":544,"Shape_Leng":124.416485568,"Sothua":84,"So_To":102,"LoaidatHT":"HNK","Khuphomoi":"Khu phố Tân Hưng","Sothuacu":84,"Sotocu":20,"Phuongcu":"Phường Tân Hưng","Nguoisudun":"Hoàng Văn Hiển","Quyetdinh":"Quyết định 3693/QĐ-UBND","ID":"84.102","Shape_Length":0.0011295542965735308,"Shape_Area":8.1263704146447249e-08}},{"type":"Feature","id":546,"geometry":{"type":"Polygon","coordinates":[[[107.17264772700008,10.523714518000077],[107.17258619200004,10.523740264000025],[107.17242877800004,10.52344333700006],[107.17244368300004,10.523436312000058],[107.17248654300005,10.52343051400004],[107.17257649300007,10.523404097000025],[107.17269875700003,10.523687578000022],[107.17264772700008,10.523714518000077]]]},"properties":{"OBJECTID":546,"FID":545,"Shape_Leng":101.668308412,"Sothua":77,"So_To":102,"LoaidatHT":"CLN","Khuphomoi":"Khu phố Tân Hưng","Sothuacu":77,"Sotocu":20,"Phuongcu":"Phường Tân Hưng","Nguoisudun":"Hoàng Văn Hiển","Quyetdinh":"Quyết định 3693/QĐ-UBND","ID":"77.102","Shape_Length":0.00092268115820043415,"Shape_Area":4.4287597361606696e-08}},{"type":"Feature","id":547,"geometry":{"type":"Polygon","coordinates":[[[107.17258619200004,10.523740264000025],[107.17250286700005,10.523790381000026],[107.17232634400006,10.523500652000052],[107.17242877800004,10.52344333700006],[107.17258619200004,10.523740264000025]]]},"properties":{"OBJECTID":547,"FID":546,"Shape_Leng":98.093349422700001,"Sothua":76,"So_To":102,"LoaidatHT":"HNK","Khuphomoi":"Khu phố Tân Hưng","Sothuacu":76,"Sotocu":20,"Phuongcu":"Phường Tân Hưng","Nguoisudun":"Hoàng Bá Tiến","Quyetdinh":"Quyết định 3693/QĐ-UBND","ID":"76.102","Shape_Length":0.00088995557391142565,"Shape_Area":3.6213037914866009e-08}},{"type":"Feature","id":548,"geometry":{"type":"Polygon","coordinates":[[[107.17256311700004,10.523940092000032],[107.17253051200004,10.523956994000059],[107.17246789600006,10.523838713000032],[107.17245352400005,10.523811586000022],[107.17250286700005,10.523790381000026],[107.17256311700004,10.523940092000032]]]},"properties":{"OBJECTID":548,"FID":547,"Shape_Leng":45.913392395800003,"Sothua":57,"So_To":102,"LoaidatHT":"HNK","Khuphomoi":"Khu phố Tân Hưng","Sothuacu":57,"Sotocu":20,"Phuongcu":"Phường Tân Hưng","Nguoisudun":"Hoàng Văn Hiển","Quyetdinh":"Quyết định 3693/QĐ-UBND","ID":"57.102","Shape_Length":0.00041634336961320339,"Shape_Area":7.3528599203777579e-09}},{"type":"Feature","id":549,"geometry":{"type":"Polygon","coordinates":[[[107.17340334600004,10.523885776000043],[107.17322593100005,10.523977312000056],[107.17322626500004,10.523945759000071],[107.17321000200008,10.523847090000061],[107.17339942600006,10.523782610000069],[107.17337999000006,10.523819011000057],[107.17340334600004,10.523885776000043]]]},"properties":{"OBJECTID":549,"FID":548,"Shape_Leng":70.765656985099994,"Sothua":60,"So_To":102,"LoaidatHT":"LUC","Khuphomoi":"Khu phố Tân Hưng","Sothuacu":60,"Sotocu":20,"Phuongcu":"Phường Tân Hưng","Nguoisudun":"Kiều Đình Vân","Quyetdinh":"Quyết định 3693/QĐ-UBND","ID":"60.102","Shape_Length":0.00064328706269981906,"Shape_Area":2.0831181434367761e-08}},{"type":"Feature","id":550,"geometry":{"type":"Polygon","coordinates":[[[107.17289779900005,10.523953750000032],[107.17274837100007,10.523980601000062],[107.17264772700008,10.523714518000077],[107.17269875700003,10.523687578000022],[107.17284099500006,10.52364615700003],[107.17287350100008,10.523755071000039],[107.17287258400006,10.523806062000062],[107.17293182500003,10.523932927000033],[107.17289779900005,10.523953750000032]]]},"properties":{"OBJECTID":550,"FID":549,"Shape_Leng":108.6827016,"Sothua":66,"So_To":102,"LoaidatHT":"HNK","Khuphomoi":"Khu phố Tân Hưng","Sothuacu":66,"Sotocu":20,"Phuongcu":"Phường Tân Hưng","Nguoisudun":"Hoàng Văn Hiển","Quyetdinh":"Quyết định 3693/QĐ-UBND","ID":"66.102","Shape_Length":0.00098672078025220634,"Shape_Area":5.7726432951421032e-08}},{"type":"Feature","id":551,"geometry":{"type":"Polygon","coordinates":[[[107.17265887600007,10.524007924000045],[107.17259881200005,10.524028789000056],[107.17259710100006,10.524024538000049],[107.17265384000007,10.523995125000056],[107.17261144300005,10.523915038000041],[107.17256311700004,10.523940092000032],[107.17250286700005,10.523790381000026],[107.17258619200004,10.523740264000025],[107.17264772700008,10.523714518000077],[107.17274837100007,10.523980601000062],[107.17265887600007,10.524007924000045]]]},"properties":{"OBJECTID":551,"FID":550,"Shape_Leng":107.977881635,"Sothua":65,"So_To":102,"LoaidatHT":"HNK","Khuphomoi":"Khu phố Tân Hưng","Sothuacu":65,"Sotocu":20,"Phuongcu":"Phường Tân Hưng","Nguoisudun":"Hoàng Văn Hiển","Quyetdinh":"Quyết định 3693/QĐ-UBND","ID":"65.102","Shape_Length":0.00098050148239158213,"Shape_Area":3.8224193884002962e-08}},{"type":"Feature","id":552,"geometry":{"type":"Polygon","coordinates":[[[107.17291975600006,10.524331077000056],[107.17301408100008,10.52460555600004],[107.17284155500005,10.524545382000042],[107.17281658300004,10.52449819900005],[107.17291975600006,10.524331077000056]]]},"properties":{"OBJECTID":552,"FID":551,"Shape_Leng":79.668917821099996,"Sothua":31,"So_To":102,"LoaidatHT":"HNK","Khuphomoi":"Khu phố Tân Hưng","Sothuacu":31,"Sotocu":20,"Phuongcu":"Phường Tân Hưng","Nguoisudun":"Phạm Văn Minh","Quyetdinh":"Quyết định 3693/QĐ-UBND","ID":"31.102","Shape_Length":0.0007227405854555569,"Shape_Area":2.5360116825809247e-08}},{"type":"Feature","id":553,"geometry":{"type":"Polygon","coordinates":[[[107.17333920800007,10.524790200000041],[107.17309741100007,10.524847830000056],[107.17306315100006,10.524748315000068],[107.17301408100008,10.52460555600004],[107.17291975600006,10.524331077000056],[107.17291166800004,10.524307645000022],[107.17287777300004,10.524209125000027],[107.17286259800005,10.52416488700004],[107.17304010400005,10.524073262000059],[107.17305958300005,10.524063171000023],[107.17322593100005,10.523977312000056],[107.17340334600004,10.523885776000043],[107.17340965600005,10.523882524000044],[107.17359383800004,10.523787484000025],[107.17402127800005,10.523566843000026],[107.17402201000004,10.523566483000025],[107.17407386100007,10.523589451000021],[107.17414083600005,10.523847450000062],[107.17415051000006,10.52388471200004],[107.17415052200005,10.523884894000048],[107.17430370400007,10.52447483900005],[107.17432459700007,10.524555320000047],[107.17379162200007,10.524682374000065],[107.17343658800007,10.524766992000025],[107.17339268300009,10.524777456000038],[107.17333920800007,10.524790200000041]]]},"properties":{"OBJECTID":553,"FID":552,"Shape_Leng":477.76156746300001,"Sothua":407,"So_To":102,"LoaidatHT":"DTT","Khuphomoi":"Khu phố Tân Hưng","Sothuacu":407,"Sotocu":20,"Phuongcu":"Phường Tân Hưng","Nguoisudun":"Sân bóng Xã Tân Hưng","Quyetdinh":" ","ID":"407.102","Shape_Length":0.0043430769544685497,"Shape_Area":1.1393502243684842e-06}},{"type":"Feature","id":554,"geometry":{"type":"Polygon","coordinates":[[[107.17334283200006,10.524837156000046],[107.17309226600008,10.524862738000024],[107.17307025400004,10.524859262000064],[107.17305853100004,10.524825518000057],[107.17306315100006,10.524748315000068],[107.17309741100007,10.524847830000056],[107.17333920800007,10.524790200000041],[107.17334283200006,10.524837156000046]]]},"properties":{"OBJECTID":554,"FID":553,"Shape_Leng":86.600813477100004,"Sothua":22,"So_To":102,"LoaidatHT":"ONT","Khuphomoi":"Khu phố Tân Hưng","Sothuacu":22,"Sotocu":20,"Phuongcu":"Phường Tân Hưng","Nguoisudun":"Kiều Đình Vân","Quyetdinh":"Quyết định 3693/QĐ-UBND","ID":"22.102","Shape_Length":0.00078812956949223488,"Shape_Area":9.8338328634386916e-09}},{"type":"Feature","id":555,"geometry":{"type":"Polygon","coordinates":[[[107.17320245500008,10.525057052000022],[107.17312055300005,10.525084796000044],[107.17309881000006,10.525042631000076],[107.17302735400006,10.524908050000022],[107.17309226600008,10.524862738000024],[107.17320245500008,10.525057052000022]]]},"properties":{"OBJECTID":555,"FID":554,"Shape_Leng":64.888231272599995,"Sothua":7,"So_To":102,"LoaidatHT":"CLN","Khuphomoi":"Khu phố Tân Hưng","Sothuacu":7,"Sotocu":20,"Phuongcu":"Phường Tân Hưng","Nguoisudun":"Kiều Đình Chước","Quyetdinh":"Quyết định 3693/QĐ-UBND","ID":"7.102","Shape_Length":0.00058883386773936645,"Shape_Area":1.7290505371784509e-08}},{"type":"Feature","id":556,"geometry":{"type":"Polygon","coordinates":[[[107.17331571700004,10.525121450000029],[107.17320652200004,10.525130202000071],[107.17320245500008,10.525057052000022],[107.17309226600008,10.524862738000024],[107.17334283200006,10.524837156000046],[107.17331571700004,10.525121450000029]]]},"properties":{"OBJECTID":556,"FID":555,"Shape_Leng":103.930432461,"Sothua":11,"So_To":102,"LoaidatHT":"ONT","Khuphomoi":"Khu phố Tân Hưng","Sothuacu":12,"Sotocu":20,"Phuongcu":"Phường Tân Hưng","Nguoisudun":"Hoa viên nam dinh","Quyetdinh":"Quyết định 3693/QĐ-UBND","ID":"11.102","Shape_Length":0.0009436428872040179,"Shape_Area":4.6738202069246435e-08}},{"type":"Feature","id":557,"geometry":{"type":"Polygon","coordinates":[[[107.17316354600007,10.525149200000044],[107.17315526800007,10.525152115000026],[107.17312055300005,10.525084796000044],[107.17320245500008,10.525057052000022],[107.17320652200004,10.525130202000071],[107.17316354600007,10.525149200000044]]]},"properties":{"OBJECTID":557,"FID":556,"Shape_Leng":32.062147392299998,"Sothua":8,"So_To":102,"LoaidatHT":"CLN","Khuphomoi":"Khu phố Tân Hưng","Sothuacu":11,"Sotocu":20,"Phuongcu":"Phường Tân Hưng","Nguoisudun":"Kiều Đình Chước","Quyetdinh":"Quyết định 3693/QĐ-UBND","ID":"8.102","Shape_Length":0.0002912434484965073,"Shape_Area":5.1735171875637246e-09}},{"type":"Feature","id":558,"geometry":{"type":"Polygon","coordinates":[[[107.17251012400004,10.524898746000076],[107.17261703400004,10.525234096000077],[107.17247534300009,10.525227148000056],[107.17246866800008,10.525227177000033],[107.17246894400006,10.525229034000063],[107.17238406700005,10.525229061000061],[107.17237426800006,10.525230676000035],[107.17233000600004,10.524970115000031],[107.17242254200005,10.524928604000024],[107.17251012400004,10.524898746000076]]]},"properties":{"OBJECTID":558,"FID":557,"Shape_Leng":116.260984799,"Sothua":5,"So_To":102,"LoaidatHT":"HNK","Khuphomoi":"Khu phố Tân Hưng","Sothuacu":5,"Sotocu":20,"Phuongcu":"Phường Tân Hưng","Nguoisudun":"Lương Huy Thuận","Quyetdinh":"Quyết định 3693/QĐ-UBND","ID":"5.102","Shape_Length":0.0010554467676108148,"Shape_Area":6.5412982429391857e-08}},{"type":"Feature","id":559,"geometry":{"type":"Polygon","coordinates":[[[107.17286810800005,10.525230485000066],[107.17261703400004,10.525234096000077],[107.17251012400004,10.524898746000076],[107.17271841200005,10.524850462000074],[107.17277193100006,10.524956832000044],[107.17287741700005,10.525157312000033],[107.17288985700009,10.525180712000065],[107.17289040000009,10.525181884000062],[107.17290741600004,10.525218622000068],[107.17286810800005,10.525230485000066]]]},"properties":{"OBJECTID":559,"FID":558,"Shape_Leng":140.01927942099999,"Sothua":6,"So_To":102,"LoaidatHT":"HNK","Khuphomoi":"Khu phố Tân Hưng","Sothuacu":6,"Sotocu":20,"Phuongcu":"Phường Tân Hưng","Nguoisudun":"Lương Huy Thuận","Quyetdinh":"Quyết định 3693/QĐ-UBND","ID":"6.102","Shape_Length":0.0012718428741130593,"Shape_Area":9.3896365215394228e-08}},{"type":"Feature","id":560,"geometry":{"type":"Polygon","coordinates":[[[107.16751092600003,10.525081789000069],[107.16707895800005,10.525279562000037],[107.16706617500006,10.525227190000066],[107.16748908800008,10.525036025000077],[107.16750402200006,10.525067320000062],[107.16751092600003,10.525081789000069]]]},"properties":{"OBJECTID":560,"FID":559,"Shape_Leng":114.581859905,"Sothua":1008,"So_To":95,"LoaidatHT":"ONT","Khuphomoi":"Khu phố Tân Hưng","Sothuacu":0,"Sotocu":13,"Phuongcu":"Phường Tân Hưng","Nguoisudun":" ","Quyetdinh":" ","ID":"1008.95","Shape_Length":0.0010438183711513585,"Shape_Area":2.4340015747983684e-08}},{"type":"Feature","id":561,"geometry":{"type":"Polygon","coordinates":[[[107.17281035200006,10.52546809200004],[107.17254331400005,10.525535974000036],[107.17254200900004,10.525488377000045],[107.17281035200006,10.52546809200004]]]},"properties":{"OBJECTID":561,"FID":560,"Shape_Leng":64.922766209900004,"Sothua":205,"So_To":96,"LoaidatHT":"HNK","Khuphomoi":"Khu phố Tân Hưng","Sothuacu":205,"Sotocu":14,"Phuongcu":"Phường Tân Hưng","Nguoisudun":"Hoàng Bá Tấn","Quyetdinh":"Quyết định 3693/QĐ-UBND","ID":"205.96","Shape_Length":0.00059225437034687704,"Shape_Area":6.3993968473184664e-09}},{"type":"Feature","id":562,"geometry":{"type":"Polygon","coordinates":[[[107.17216945700005,10.525522507000062],[107.17208663200006,10.525548665000031],[107.17202929300004,10.525282504000074],[107.17211309700008,10.525270609000074],[107.17225383400006,10.525250523000068],[107.17237426800006,10.525230676000035],[107.17238406700005,10.525229061000061],[107.17246894400006,10.525229034000063],[107.17248503400003,10.525337223000065],[107.17248753200005,10.525354017000041],[107.17249238500006,10.525404327000047],[107.17249752000004,10.525485222000043],[107.17234245200007,10.525498683000023],[107.17216945700005,10.525522507000062]]]},"properties":{"OBJECTID":562,"FID":561,"Shape_Leng":152.92361154400001,"Sothua":215,"So_To":96,"LoaidatHT":"HNK","Khuphomoi":"Khu phố Tân Hưng","Sothuacu":215,"Sotocu":14,"Phuongcu":"Phường Tân Hưng","Nguoisudun":" ","Quyetdinh":"Đã cấp giấy theo bản vẽ ngày 05/01/2021","ID":"215.96","Shape_Length":0.0013910363072482438,"Shape_Area":1.1274512294093978e-07}},{"type":"Feature","id":563,"geometry":{"type":"Polygon","coordinates":[[[107.17254331400005,10.525535974000036],[107.17234522000007,10.525586330000067],[107.17234245200007,10.525498683000023],[107.17249752000004,10.525485222000043],[107.17254200900004,10.525488377000045],[107.17254331400005,10.525535974000036]]]},"properties":{"OBJECTID":563,"FID":562,"Shape_Leng":59.292049533099998,"Sothua":204,"So_To":96,"LoaidatHT":"HNK","Khuphomoi":"Khu phố Tân Hưng","Sothuacu":204,"Sotocu":14,"Phuongcu":"Phường Tân Hưng","Nguoisudun":"Hoàng Bá Tiến","Quyetdinh":"Quyết định 3693/QĐ-UBND","ID":"204.96","Shape_Length":0.00053995160107811035,"Shape_Area":1.4050800028897166e-08}},{"type":"Feature","id":564,"geometry":{"type":"Polygon","coordinates":[[[107.17234522000007,10.525586330000067],[107.17202910400005,10.525666688000058],[107.17199975800008,10.525591000000077],[107.17208663200006,10.525548665000031],[107.17216945700005,10.525522507000062],[107.17234245200007,10.525498683000023],[107.17234522000007,10.525586330000067]]]},"properties":{"OBJECTID":564,"FID":563,"Shape_Leng":93.653943792700005,"Sothua":203,"So_To":96,"LoaidatHT":"HNK","Khuphomoi":"Khu phố Tân Hưng","Sothuacu":203,"Sotocu":14,"Phuongcu":"Phường Tân Hưng","Nguoisudun":"Nguyễn Văn Sơn","Quyetdinh":"Quyết định 3693/QĐ-UBND","ID":"203.96","Shape_Length":0.00085316396549445065,"Shape_Area":3.2807996001350247e-08}},{"type":"Feature","id":565,"geometry":{"type":"Polygon","coordinates":[[[107.17181334200006,10.525658559000021],[107.17179763100006,10.525705906000042],[107.17171468300006,10.52570060100004],[107.17163758600009,10.525692956000057],[107.17163317000006,10.52551339200005],[107.17179983400007,10.525455290000025],[107.17181334200006,10.525658559000021]]]},"properties":{"OBJECTID":565,"FID":564,"Shape_Leng":84.8591728074,"Sothua":202,"So_To":96,"LoaidatHT":"HNK","Khuphomoi":"Khu phố Tân Hưng","Sothuacu":202,"Sotocu":14,"Phuongcu":"Phường Tân Hưng","Nguoisudun":"Nguyễn Giang","Quyetdinh":"Quyết định 3693/QĐ-UBND","ID":"202.96","Shape_Length":0.00077031518383833685,"Shape_Area":3.719002995334575e-08}},{"type":"Feature","id":566,"geometry":{"type":"Polygon","coordinates":[[[107.17202910400005,10.525666688000058],[107.17179687900006,10.525725721000072],[107.17179763100006,10.525705906000042],[107.17181334200006,10.525658559000021],[107.17199975800008,10.525591000000077],[107.17202910400005,10.525666688000058]]]},"properties":{"OBJECTID":566,"FID":565,"Shape_Leng":64.666326774300003,"Sothua":192,"So_To":96,"LoaidatHT":"HNK","Khuphomoi":"Khu phố Tân Hưng","Sothuacu":192,"Sotocu":14,"Phuongcu":"Phường Tân Hưng","Nguoisudun":"Hoàng Bá Tiến","Quyetdinh":"Quyết định 3693/QĐ-UBND","ID":"192.96","Shape_Length":0.00058878412033850876,"Shape_Area":1.5496292159208848e-08}},{"type":"Feature","id":567,"geometry":{"type":"Polygon","coordinates":[[[107.17179687900006,10.525725721000072],[107.17163858300006,10.525765960000058],[107.17163758600009,10.525692956000057],[107.17171468300006,10.52570060100004],[107.17179763100006,10.525705906000042],[107.17179687900006,10.525725721000072]]]},"properties":{"OBJECTID":567,"FID":566,"Shape_Leng":45.751675666200001,"Sothua":191,"So_To":96,"LoaidatHT":"HNK","Khuphomoi":"Khu phố Tân Hưng","Sothuacu":191,"Sotocu":14,"Phuongcu":"Phường Tân Hưng","Nguoisudun":"Nguyễn Giang","Quyetdinh":"Quyết định 3693/QĐ-UBND","ID":"191.96","Shape_Length":0.00041676299879954979,"Shape_Area":7.2761258357245465e-09}},{"type":"Feature","id":568,"geometry":{"type":"Polygon","coordinates":[[[107.17163858300006,10.525765960000058],[107.17147382200005,10.525807805000056],[107.17147006700009,10.525572856000053],[107.17159020000008,10.525528864000023],[107.17163317000006,10.52551339200005],[107.17163758600009,10.525692956000057],[107.17163858300006,10.525765960000058]]]},"properties":{"OBJECTID":568,"FID":567,"Shape_Leng":91.607384230099996,"Sothua":360,"So_To":95,"LoaidatHT":"HNK","Khuphomoi":"Khu phố Tân Hưng","Sothuacu":0,"Sotocu":13,"Phuongcu":"Phường Tân Hưng","Nguoisudun":" ","Quyetdinh":" ","ID":"360.95","Shape_Length":0.0008312049334829448,"Shape_Area":4.0279518063351691e-08}},{"type":"Feature","id":569,"geometry":{"type":"Polygon","coordinates":[[[107.17147382200005,10.525807805000056],[107.17137865800004,10.525832007000076],[107.17135030000009,10.525615672000072],[107.17143194900007,10.525583003000065],[107.17147006700009,10.525572856000053],[107.17147382200005,10.525807805000056]]]},"properties":{"OBJECTID":569,"FID":568,"Shape_Leng":74.858923778800005,"Sothua":346,"So_To":95,"LoaidatHT":"CLN","Khuphomoi":"Khu phố Tân Hưng","Sothuacu":346,"Sotocu":13,"Phuongcu":"Phường Tân Hưng","Nguoisudun":"Đặng Văn Dinh","Quyetdinh":"Quyết định 3693/QĐ-UBND","ID":"346.95","Shape_Length":0.00067874562812272746,"Shape_Area":2.4995159880254646e-08}},{"type":"Feature","id":570,"geometry":{"type":"Polygon","coordinates":[[[107.17137865800004,10.525832007000076],[107.17128142000007,10.525856728000065],[107.17125151200008,10.525677515000041],[107.17135030000009,10.525615672000072],[107.17137865800004,10.525832007000076]]]},"properties":{"OBJECTID":570,"FID":569,"Shape_Leng":68.025705623199997,"Sothua":345,"So_To":95,"LoaidatHT":"CLN","Khuphomoi":"Khu phố Tân Hưng","Sothuacu":345,"Sotocu":13,"Phuongcu":"Phường Tân Hưng","Nguoisudun":"Đặng Văn Dinh","Quyetdinh":"Quyết định 3693/QĐ-UBND","ID":"345.95","Shape_Length":0.00061675722911685245,"Shape_Area":2.0645357564422805e-08}},{"type":"Feature","id":571,"geometry":{"type":"Polygon","coordinates":[[[107.17128142000007,10.525856728000065],[107.17117452900004,10.525883909000072],[107.17115133800007,10.525747671000033],[107.17125151200008,10.525677515000041],[107.17128142000007,10.525856728000065]]]},"properties":{"OBJECTID":571,"FID":570,"Shape_Leng":60.904933083400003,"Sothua":344,"So_To":95,"LoaidatHT":"CLN","Khuphomoi":"Khu phố Tân Hưng","Sothuacu":344,"Sotocu":13,"Phuongcu":"Phường Tân Hưng","Nguoisudun":"Hoàng Hùng Dũng","Quyetdinh":"Quyết định 3693/QĐ-UBND","ID":"344.95","Shape_Length":0.00055247952723806075,"Shape_Area":1.7621839674869211e-08}},{"type":"Feature","id":572,"geometry":{"type":"Polygon","coordinates":[[[107.17117452900004,10.525883909000072],[107.17108567200006,10.525906504000034],[107.17106710300004,10.525795707000043],[107.17111932900008,10.525765062000062],[107.17115133800007,10.525747671000033],[107.17117452900004,10.525883909000072]]]},"properties":{"OBJECTID":572,"FID":571,"Shape_Leng":48.404066294400003,"Sothua":343,"So_To":95,"LoaidatHT":"CLN","Khuphomoi":"Khu phố Tân Hưng","Sothuacu":343,"Sotocu":13,"Phuongcu":"Phường Tân Hưng","Nguoisudun":"Hoàng Hùng Dũng","Quyetdinh":"Quyết định 3693/QĐ-UBND","ID":"343.95","Shape_Length":0.00043920615615254411,"Shape_Area":1.1463659914513556e-08}},{"type":"Feature","id":573,"geometry":{"type":"Polygon","coordinates":[[[107.17108567200006,10.525906504000034],[107.17093215400007,10.525945543000034],[107.17091820400009,10.525880874000052],[107.17106710300004,10.525795707000043],[107.17108567200006,10.525906504000034]]]},"properties":{"OBJECTID":573,"FID":572,"Shape_Leng":55.928536130200001,"Sothua":342,"So_To":95,"LoaidatHT":"CLN","Khuphomoi":"Khu phố Tân Hưng","Sothuacu":342,"Sotocu":13,"Phuongcu":"Phường Tân Hưng","Nguoisudun":"Hoàng Hùng Dũng","Quyetdinh":"Quyết định 3693/QĐ-UBND","ID":"342.95","Shape_Length":0.000508437946874476,"Shape_Area":1.4275739054618826e-08}},{"type":"Feature","id":574,"geometry":{"type":"Polygon","coordinates":[[[107.17332493400005,10.525963287000025],[107.17323393000004,10.525966286000028],[107.17314663800005,10.525840274000075],[107.17314358200008,10.525812793000057],[107.17327182600008,10.525780189000045],[107.17334113600003,10.525897678000035],[107.17333603500003,10.525938535000023],[107.17332493400005,10.525963287000025]]]},"properties":{"OBJECTID":574,"FID":573,"Shape_Leng":67.034022379700005,"Sothua":196,"So_To":96,"LoaidatHT":"HNK","Khuphomoi":"Khu phố Tân Hưng","Sothuacu":196,"Sotocu":14,"Phuongcu":"Phường Tân Hưng","Nguoisudun":" ","Quyetdinh":"Quyết định 3693/QĐ-UBND","ID":"196.96","Shape_Length":0.0006090320219926421,"Shape_Area":2.412208635783073e-08}},{"type":"Feature","id":575,"geometry":{"type":"Polygon","coordinates":[[[107.17330636400004,10.526025095000023],[107.17329744000006,10.526057898000033],[107.17323393000004,10.525966286000028],[107.17332493400005,10.525963287000025],[107.17330636400004,10.526025095000023]]]},"properties":{"OBJECTID":575,"FID":574,"Shape_Leng":33.155174565400003,"Sothua":185,"So_To":96,"LoaidatHT":"HNK","Khuphomoi":"Khu phố Tân Hưng","Sothuacu":185,"Sotocu":14,"Phuongcu":"Phường Tân Hưng","Nguoisudun":" ","Quyetdinh":"Quyết định 3693/QĐ-UBND","ID":"185.96","Shape_Length":0.00030105921827840859,"Shape_Area":4.2349739102274178e-09}},{"type":"Feature","id":576,"geometry":{"type":"Polygon","coordinates":[[[107.17624235600005,10.526011616000062],[107.17586751200008,10.526106291000076],[107.17586736300007,10.525687990000051],[107.17586877900004,10.525120118000075],[107.17595973200008,10.525097002000052],[107.17602649400004,10.525136386000042],[107.17619046200008,10.525774366000064],[107.17625088300008,10.526009462000047],[107.17624235600005,10.526011616000062]]]},"properties":{"OBJECTID":576,"FID":575,"Shape_Leng":270.90507682999998,"Sothua":514,"So_To":96,"LoaidatHT":"DGD","Khuphomoi":"Khu phố Tân Hưng","Sothuacu":514,"Sotocu":14,"Phuongcu":"Phường Tân Hưng","Nguoisudun":"Trường THCS Tân Hưng","Quyetdinh":"Quyết định 794/QD-UBND ngày 25/04/2012","ID":"514.96","Shape_Length":0.0024543924775812381,"Shape_Area":2.5889875501580061e-07}},{"type":"Feature","id":577,"geometry":{"type":"Polygon","coordinates":[[[107.17147789100005,10.526276632000076],[107.17134299900005,10.526277827000058],[107.17133390400005,10.526272790000064],[107.17147284700008,10.526237465000065],[107.17147789100005,10.526276632000076]]]},"properties":{"OBJECTID":577,"FID":576,"Shape_Leng":35.987016165900002,"Sothua":312,"So_To":95,"LoaidatHT":"HNK","Khuphomoi":"Khu phố Tân Hưng","Sothuacu":312,"Sotocu":13,"Phuongcu":"Phường Tân Hưng","Nguoisudun":"Đặng Văn Dinh","Quyetdinh":"Quyết định 3693/QĐ-UBND","ID":"312.95","Shape_Length":0.00032814761857686084,"Shape_Area":3.1552396553728696e-09}},{"type":"Feature","id":578,"geometry":{"type":"Polygon","coordinates":[[[107.17156313400005,10.526331213000049],[107.17148426600005,10.526336496000056],[107.17147789100005,10.526276632000076],[107.17147284700008,10.526237465000065],[107.17152824000004,10.526223381000023],[107.17156313400005,10.526331213000049]]]},"properties":{"OBJECTID":578,"FID":577,"Shape_Leng":38.4738941134,"Sothua":313,"So_To":95,"LoaidatHT":"HNK","Khuphomoi":"Khu phố Tân Hưng","Sothuacu":0,"Sotocu":13,"Phuongcu":"Phường Tân Hưng","Nguoisudun":" ","Quyetdinh":"Quyết định 3693/QĐ-UBND","ID":"313.95","Shape_Length":0.00034923035983433384,"Shape_Area":7.1415120833109234e-09}},{"type":"Feature","id":579,"geometry":{"type":"Polygon","coordinates":[[[107.17148991000005,10.526396358000056],[107.17142491700008,10.526410382000051],[107.17139150000008,10.526304682000045],[107.17134299900005,10.526277827000058],[107.17147789100005,10.526276632000076],[107.17148426600005,10.526336496000056],[107.17148991000005,10.526396358000056]]]},"properties":{"OBJECTID":579,"FID":578,"Shape_Leng":53.705027780499996,"Sothua":292,"So_To":95,"LoaidatHT":"HNK","Khuphomoi":"Khu phố Tân Hưng","Sothuacu":292,"Sotocu":13,"Phuongcu":"Phường Tân Hưng","Nguoisudun":"Đặng Văn Dinh","Quyetdinh":"Quyết định 3693/QĐ-UBND","ID":"292.95","Shape_Length":0.00048801217198979205,"Shape_Area":1.0871506550670526e-08}},{"type":"Feature","id":580,"geometry":{"type":"Polygon","coordinates":[[[107.17474288400007,10.526389313000038],[107.17456697300008,10.526433605000022],[107.17453612500009,10.526313578000043],[107.17451798800005,10.52624301000003],[107.17445231600004,10.525987487000066],[107.17441785200003,10.525853359000052],[107.17437707400006,10.525694647000023],[107.17433000000005,10.525511441000049],[107.17432997100008,10.525511244000029],[107.17515516900005,10.525301456000022],[107.17582307600009,10.525131698000052],[107.17586877900004,10.525120118000075],[107.17586736300007,10.525687990000051],[107.17586751200008,10.526106291000076],[107.17582180900007,10.526117704000058],[107.17582052000006,10.526118082000039],[107.17569980000007,10.526148455000055],[107.17565215500008,10.526160442000048],[107.17526824300006,10.52625703800004],[107.17474288400007,10.526389313000038]]]},"properties":{"OBJECTID":580,"FID":579,"Shape_Leng":535.30344544900004,"Sothua":174,"So_To":96,"LoaidatHT":"DGD","Khuphomoi":"Khu phố Tân Hưng","Sothuacu":174,"Sotocu":14,"Phuongcu":"Phường Tân Hưng","Nguoisudun":"Trường THCS Tân Hưng","Quyetdinh":"Quyết định số 794/QD-UBND ngày 25/04/2012","ID":"174.96","Shape_Length":0.0048673327405356556,"Shape_Area":1.396753005201636e-06}},{"type":"Feature","id":581,"geometry":{"type":"Polygon","coordinates":[[[107.17163965500004,10.526567689000046],[107.17151014300003,10.526570709000055],[107.17148991000005,10.526396358000056],[107.17148426600005,10.526336496000056],[107.17156313400005,10.526331213000049],[107.17163965500004,10.526567689000046]]]},"properties":{"OBJECTID":581,"FID":580,"Shape_Leng":76.382724709300007,"Sothua":274,"So_To":95,"LoaidatHT":"HNK","Khuphomoi":"Khu phố Tân Hưng","Sothuacu":0,"Sotocu":13,"Phuongcu":"Phường Tân Hưng","Nguoisudun":" ","Quyetdinh":"Quyết định 3693/QĐ-UBND","ID":"274.95","Shape_Length":0.00069278900789185045,"Shape_Area":2.4846671504862906e-08}},{"type":"Feature","id":582,"geometry":{"type":"Polygon","coordinates":[[[107.17150640800008,10.526613466000072],[107.17135341100004,10.526641666000046],[107.17148714200005,10.526607193000075],[107.17142491700008,10.526410382000051],[107.17148991000005,10.526396358000056],[107.17151014300003,10.526570709000055],[107.17150640800008,10.526613466000072]]]},"properties":{"OBJECTID":582,"FID":581,"Shape_Leng":86.437328001400004,"Sothua":273,"So_To":95,"LoaidatHT":"HNK","Khuphomoi":"Khu phố Tân Hưng","Sothuacu":273,"Sotocu":13,"Phuongcu":"Phường Tân Hưng","Nguoisudun":"Đặng Văn Dinh","Quyetdinh":"Quyết định 3693/QĐ-UBND","ID":"273.95","Shape_Length":0.00078502009102153058,"Shape_Area":1.0381323118994569e-08}},{"type":"Feature","id":583,"geometry":{"type":"Polygon","coordinates":[[[107.17132919000005,10.526647911000055],[107.17114829300004,10.526694544000065],[107.17105042100007,10.526344873000028],[107.17105018300003,10.526344020000067],[107.17133317800005,10.526272389000042],[107.17133390400005,10.526272790000064],[107.17134299900005,10.526277827000058],[107.17139150000008,10.526304682000045],[107.17142491700008,10.526410382000051],[107.17148714200005,10.526607193000075],[107.17135341100004,10.526641666000046],[107.17132919000005,10.526647911000055]]]},"properties":{"OBJECTID":583,"FID":582,"Shape_Leng":152.95402851099999,"Sothua":272,"So_To":95,"LoaidatHT":"CAN","Khuphomoi":"Khu phố Tân Hưng","Sothuacu":272,"Sotocu":13,"Phuongcu":"Phường Tân Hưng","Nguoisudun":"XD Trụ sở công an xã Tân Hưng","Quyetdinh":"Quyết định 3447/QD-UBND ngày 25/10/2021 sử dụng mục đích đất an ninh","ID":"272.95","Shape_Length":0.0013897777098858207,"Shape_Area":1.2383768657541256e-07}},{"type":"Feature","id":584,"geometry":{"type":"Polygon","coordinates":[[[107.17164624800006,10.526588072000038],[107.17169182700007,10.526836217000039],[107.17154357000004,10.526822113000037],[107.17150640800008,10.526613466000072],[107.17151014300003,10.526570709000055],[107.17163965500004,10.526567689000046],[107.17164624200007,10.52658804500004],[107.17164624800006,10.526588072000038]]]},"properties":{"OBJECTID":584,"FID":583,"Shape_Leng":88.955714421500005,"Sothua":255,"So_To":95,"LoaidatHT":"HNK","Khuphomoi":"Khu phố Tân Hưng","Sothuacu":255,"Sotocu":13,"Phuongcu":"Phường Tân Hưng","Nguoisudun":"Đỗ Công Quynh","Quyetdinh":"Quyết định 3693/QĐ-UBND","ID":"255.95","Shape_Length":0.00080704310621106936,"Shape_Area":3.7405688657983919e-08}},{"type":"Feature","id":585,"geometry":{"type":"Polygon","coordinates":[[[107.17164624800006,10.526588072000038],[107.17172836200007,10.526841979000039],[107.17169182700007,10.526836217000039],[107.17164624800006,10.526588072000038]]]},"properties":{"OBJECTID":585,"FID":584,"Shape_Leng":61.453537767500002,"Sothua":161,"So_To":96,"LoaidatHT":"HNK","Khuphomoi":"Khu phố Tân Hưng","Sothuacu":161,"Sotocu":14,"Phuongcu":"Phường Tân Hưng","Nguoisudun":"Đoàn Bá Sỹ","Quyetdinh":"Quyết định 3693/QĐ-UBND","ID":"161.96","Shape_Length":0.0005561375841565743,"Shape_Area":4.4016756875107948e-09}},{"type":"Feature","id":586,"geometry":{"type":"Polygon","coordinates":[[[107.17154357000004,10.526822113000037],[107.17140735800007,10.526864900000021],[107.17136534400004,10.526759223000056],[107.17132919000005,10.526647911000055],[107.17135341100004,10.526641666000046],[107.17150640800008,10.526613466000072],[107.17154357000004,10.526822113000037]]]},"properties":{"OBJECTID":586,"FID":585,"Shape_Leng":84.370720471699997,"Sothua":254,"So_To":95,"LoaidatHT":"HNK","Khuphomoi":"Khu phố Tân Hưng","Sothuacu":254,"Sotocu":13,"Phuongcu":"Phường Tân Hưng","Nguoisudun":"Đỗ Công Quynh","Quyetdinh":"Quyết định 3693/QĐ-UBND","ID":"254.95","Shape_Length":0.00076605068345731906,"Shape_Area":3.6142789595585794e-08}},{"type":"Feature","id":587,"geometry":{"type":"Polygon","coordinates":[[[107.17129369400004,10.526868581000031],[107.17117083000005,10.526906509000071],[107.17115106100005,10.52687600400003],[107.17113406100009,10.526831039000058],[107.17111557000004,10.526702621000027],[107.17114829300004,10.526694544000065],[107.17132919000005,10.526647911000055],[107.17136534400004,10.526759223000056],[107.17140735800007,10.526864900000021],[107.17132664400003,10.526885909000043],[107.17129369400004,10.526868581000031]]]},"properties":{"OBJECTID":587,"FID":586,"Shape_Leng":100.650915205,"Sothua":253,"So_To":95,"LoaidatHT":"HNK","Khuphomoi":"Khu phố Tân Hưng","Sothuacu":253,"Sotocu":13,"Phuongcu":"Phường Tân Hưng","Nguoisudun":"Đỗ Công Quynh","Quyetdinh":"Quyết định 3693/QĐ-UBND","ID":"253.95","Shape_Length":0.00091465607999903259,"Shape_Area":5.108104982131332e-08}},{"type":"Feature","id":588,"geometry":{"type":"Polygon","coordinates":[[[107.17256737100007,10.526923257000021],[107.17248739600007,10.526948783000023],[107.17247151700008,10.526939261000052],[107.17250860000007,10.526895569000033],[107.17251229300007,10.526875324000059],[107.17249826000005,10.526806767000039],[107.17260077800006,10.526753249000024],[107.17260086700009,10.526753202000066],[107.17274229800006,10.52670839600006],[107.17275396700006,10.526719262000029],[107.17272830800005,10.526760624000076],[107.17265743900003,10.526842860000045],[107.17256737100007,10.526923257000021]]]},"properties":{"OBJECTID":588,"FID":587,"Shape_Leng":88.887761023500005,"Sothua":157,"So_To":96,"LoaidatHT":"HNK","Khuphomoi":"Khu phố Tân Hưng","Sothuacu":157,"Sotocu":14,"Phuongcu":"Phường Tân Hưng","Nguoisudun":"Đặng Văn Kiện","Quyetdinh":"Quyết định 3693/QĐ-UBND","ID":"157.96","Shape_Length":0.00080834535959432093,"Shape_Area":2.7981224993039265e-08}},{"type":"Feature","id":589,"geometry":{"type":"Polygon","coordinates":[[[107.17243638500008,10.526965054000073],[107.17237001500007,10.526986270000066],[107.17230840000008,10.526858316000073],[107.17208302200004,10.526947594000035],[107.17207847700007,10.52693492800006],[107.17207110300006,10.526920991000054],[107.17249372700007,10.526787139000021],[107.17249826000005,10.526806767000039],[107.17251229300007,10.526875324000059],[107.17250860000007,10.526895569000033],[107.17247151700008,10.526939261000052],[107.17243638500008,10.526965054000073]]]},"properties":{"OBJECTID":589,"FID":588,"Shape_Leng":125.05948238000001,"Sothua":155,"So_To":96,"LoaidatHT":"HNK","Khuphomoi":"Khu phố Tân Hưng","Sothuacu":155,"Sotocu":14,"Phuongcu":"Phường Tân Hưng","Nguoisudun":"Đặng Văn Kiện","Quyetdinh":"Quyết định 3693/QĐ-UBND","ID":"155.96","Shape_Length":0.0011382431369753527,"Shape_Area":3.0587072379569285e-08}},{"type":"Feature","id":590,"geometry":{"type":"Polygon","coordinates":[[[107.17207110300006,10.526920991000054],[107.17178341100004,10.527012143000036],[107.17172836200007,10.526841979000039],[107.17164624800006,10.526588072000038],[107.17164624200007,10.52658804500004],[107.17163965500004,10.526567689000046],[107.17156313400005,10.526331213000049],[107.17152824000004,10.526223381000023],[107.17312293000003,10.525818042000026],[107.17356506400006,10.52644772900004],[107.17274229800006,10.52670839600006],[107.17260086700009,10.526753202000066],[107.17260077800006,10.526753249000024],[107.17249372700007,10.526787139000021],[107.17207110300006,10.526920991000054]]]},"properties":{"OBJECTID":590,"FID":589,"Shape_Leng":561.57358079899996,"Sothua":175,"So_To":96,"LoaidatHT":"DGD","Khuphomoi":"Khu phố Tân Hưng","Sothuacu":175,"Sotocu":14,"Phuongcu":"Phường Tân Hưng","Nguoisudun":"Trường tiểu học Trần Văn Quan","Quyetdinh":"Quyết định 2209/QD-UBND ngày 29/06/2005","ID":"175.96","Shape_Length":0.0051127348732972243,"Shape_Area":1.3663509842500907e-06}},{"type":"Feature","id":591,"geometry":{"type":"Polygon","coordinates":[[[107.17237001500007,10.526986270000066],[107.17212464900007,10.527064571000039],[107.17208302200004,10.526947594000035],[107.17230840000008,10.526858316000073],[107.17237001500007,10.526986270000066]]]},"properties":{"OBJECTID":591,"FID":590,"Shape_Leng":84.212754936099998,"Sothua":154,"So_To":96,"LoaidatHT":"HNK","Khuphomoi":"Khu phố Tân Hưng","Sothuacu":154,"Sotocu":14,"Phuongcu":"Phường Tân Hưng","Nguoisudun":"Đặng Văn Kiện","Quyetdinh":"Quyết định 3693/QĐ-UBND","ID":"154.96","Shape_Length":0.00076615263881883136,"Shape_Area":3.3150247446952147e-08}},{"type":"Feature","id":592,"geometry":{"type":"Polygon","coordinates":[[[107.16853006100007,10.527465751000022],[107.16849548800008,10.527473203000056],[107.16848908600008,10.527458004000039],[107.16849201600007,10.527456912000048],[107.16847023200006,10.527379841000027],[107.16833430300005,10.526881515000071],[107.16907993200005,10.526687839000033],[107.16913265700003,10.526921134000077],[107.16911218400008,10.526925707000032],[107.16912215500008,10.52696740500005],[107.16913530700003,10.527018964000035],[107.16913545500006,10.527037408000069],[107.16915812300005,10.52703238600003],[107.16917724800004,10.527113791000033],[107.16921483400006,10.527287244000036],[107.16888631800003,10.527372187000026],[107.16885606200009,10.527380006000044],[107.16879650900006,10.52739546600003],[107.16867672500007,10.527426568000067],[107.16862370200005,10.527440336000041],[107.16857964300004,10.52745218900003],[107.16853006100007,10.527465751000022]]]},"properties":{"OBJECTID":592,"FID":591,"Shape_Leng":306.77551003500002,"Sothua":866,"So_To":95,"LoaidatHT":"TSC","Khuphomoi":"Khu phố Tân Hưng","Sothuacu":866,"Sotocu":13,"Phuongcu":"Phường Tân Hưng","Nguoisudun":"Trụ sở UBND xã Tân Hưng","Quyetdinh":" ","ID":"866.95","Shape_Length":0.0027886460906419077,"Shape_Area":4.6235461706135999e-07}},{"type":"Feature","id":593,"geometry":{"type":"Polygon","coordinates":[[[107.17250655300006,10.527859461000048],[107.17210113300007,10.527985960000024],[107.17199399100008,10.527657522000027],[107.17195312100006,10.527532277000034],[107.17194701800008,10.527513580000061],[107.17194149500006,10.527496713000062],[107.17194007000006,10.527492345000041],[107.17187301200005,10.527286785000058],[107.17185444300009,10.527229868000063],[107.17183110400003,10.527158335000024],[107.17186250300006,10.527148312000065],[107.17186046300009,10.527142115000061],[107.17194740000008,10.527115150000043],[107.17194892500004,10.527120717000059],[107.17212464900007,10.527064571000039],[107.17237001500007,10.526986270000066],[107.17243638500008,10.526965054000073],[107.17248739600007,10.526948783000023],[107.17256737100007,10.526923257000021],[107.17267940200009,10.526887463000037],[107.17299376200003,10.526787146000061],[107.17302904900004,10.526775818000033],[107.17313527800007,10.526741926000057],[107.17323693400004,10.527053579000039],[107.17325028800008,10.527094559000034],[107.17331751500006,10.527300729000046],[107.17340227400007,10.527560545000028],[107.17340466000007,10.527567849000036],[107.17340743700004,10.527576342000032],[107.17267442500008,10.527806762000068],[107.17265581700008,10.527793631000065],[107.17253233300005,10.527834838000047],[107.17253577800005,10.527844947000062],[107.17250551800004,10.52785504600007],[107.17250655300006,10.527859461000048]]]},"properties":{"OBJECTID":593,"FID":592,"Shape_Leng":497.37928873999999,"Sothua":123,"So_To":96,"LoaidatHT":"DGD","Khuphomoi":"Khu phố Tân Hưng","Sothuacu":123,"Sotocu":14,"Phuongcu":"Phường Tân Hưng","Nguoisudun":"Trường mầm non Hướng Dương","Quyetdinh":" ","ID":"123.96","Shape_Length":0.0045230179115435644,"Shape_Area":1.1951572296149935e-06}},{"type":"Feature","id":594,"geometry":{"type":"Polygon","coordinates":[[[107.17003093800008,10.528441689000033],[107.16985560400008,10.528492993000043],[107.16984591300007,10.52844877800004],[107.17001859500004,10.52839818800004],[107.17003093800008,10.528441689000033]]]},"properties":{"OBJECTID":594,"FID":593,"Shape_Leng":49.742192826299998,"Sothua":1122,"So_To":95,"LoaidatHT":"ONT","Khuphomoi":"Khu phố Tân Hưng","Sothuacu":1122,"Sotocu":13,"Phuongcu":"Phường Tân Hưng","Nguoisudun":"UBND xã Tân Hưng","Quyetdinh":"Quyết định 3693/QĐ-UBND","ID":"1122.95","Shape_Length":0.00045310866356085912,"Shape_Area":8.192925963172932e-09}},{"type":"Feature","id":595,"geometry":{"type":"Polygon","coordinates":[[[107.17004328200005,10.528485199000045],[107.16986529800005,10.528537131000064],[107.16985560400008,10.528492993000043],[107.17003093800008,10.528441689000033],[107.17004328200005,10.528485199000045]]]},"properties":{"OBJECTID":595,"FID":594,"Shape_Leng":50.333802586799997,"Sothua":1121,"So_To":95,"LoaidatHT":"ONT","Khuphomoi":"Khu phố Tân Hưng","Sothuacu":1121,"Sotocu":13,"Phuongcu":"Phường Tân Hưng","Nguoisudun":"UBND xã Tân Hưng","Quyetdinh":"Quyết định 3693/QĐ-UBND","ID":"1121.95","Shape_Length":0.00045850857873896696,"Shape_Area":8.3106827597319881e-09}},{"type":"Feature","id":596,"geometry":{"type":"Polygon","coordinates":[[[107.17018532600008,10.528550933000076],[107.17014142900007,10.528563539000061],[107.17014126200007,10.528562951000026],[107.17008869500006,10.528377652000074],[107.17012438700004,10.528367195000044],[107.17013249500008,10.528364845000056],[107.17018532600008,10.528550933000076]]]},"properties":{"OBJECTID":596,"FID":595,"Shape_Leng":52.754467384900003,"Sothua":1124,"So_To":95,"LoaidatHT":"ONT","Khuphomoi":"Khu phố Tân Hưng","Sothuacu":0,"Sotocu":13,"Phuongcu":"Phường Tân Hưng","Nguoisudun":" ","Quyetdinh":"Quyết định 3693/QĐ-UBND","ID":"1124.95","Shape_Length":0.00047796960891580202,"Shape_Area":8.8264260785023643e-09}},{"type":"Feature","id":597,"geometry":{"type":"Polygon","coordinates":[[[107.17005562600008,10.528528800000061],[107.16990396900007,10.528573186000074],[107.16986846800006,10.528551784000058],[107.16986529800005,10.528537131000064],[107.17004328200005,10.528485199000045],[107.17005562600008,10.528528800000061]]]},"properties":{"OBJECTID":597,"FID":596,"Shape_Leng":48.852272734800003,"Sothua":1120,"So_To":95,"LoaidatHT":"ONT","Khuphomoi":"Khu phố Tân Hưng","Sothuacu":0,"Sotocu":13,"Phuongcu":"Phường Tân Hưng","Nguoisudun":" ","Quyetdinh":"Quyết định 3693/QĐ-UBND","ID":"1120.95","Shape_Length":0.00044518432406944933,"Shape_Area":8.0190624767662856e-09}},{"type":"Feature","id":598,"geometry":{"type":"Polygon","coordinates":[[[107.17014126200007,10.528562951000026],[107.17009729300008,10.528574986000024],[107.17004492600006,10.528390475000037],[107.17008869500006,10.528377652000074],[107.17014126200007,10.528562951000026]]]},"properties":{"OBJECTID":598,"FID":597,"Shape_Leng":52.492617071600002,"Sothua":1123,"So_To":95,"LoaidatHT":"ONT","Khuphomoi":"Khu phố Tân Hưng","Sothuacu":0,"Sotocu":13,"Phuongcu":"Phường Tân Hưng","Nguoisudun":" ","Quyetdinh":"Quyết định 3693/QĐ-UBND","ID":"1123.95","Shape_Length":0.00047560444292368007,"Shape_Area":8.7637097849649022e-09}},{"type":"Feature","id":599,"geometry":{"type":"Polygon","coordinates":[[[107.17007096500004,10.528582804000052],[107.16996611800005,10.528610730000025],[107.16990396900007,10.528573186000074],[107.17005562600008,10.528528800000061],[107.17007096500004,10.528582804000052]]]},"properties":{"OBJECTID":599,"FID":598,"Shape_Leng":43.383379072499999,"Sothua":1119,"So_To":95,"LoaidatHT":"ONT","Khuphomoi":"Khu phố Tân Hưng","Sothuacu":0,"Sotocu":13,"Phuongcu":"Phường Tân Hưng","Nguoisudun":" ","Quyetdinh":"Quyết định 3693/QĐ-UBND","ID":"1119.95","Shape_Length":0.00039527023366487779,"Shape_Area":7.2714351066863465e-09}},{"type":"Feature","id":600,"geometry":{"type":"Polygon","coordinates":[[[107.16996965500005,10.52861286600006],[107.16992497300004,10.528625697000052],[107.16987053600008,10.528593532000059],[107.16979431500005,10.528614706000042],[107.16975769200008,10.528471892000027],[107.16979407000008,10.52846396700005],[107.16984591300007,10.52844877800004],[107.16985560400008,10.528492993000043],[107.16986529800005,10.528537131000064],[107.16986846800006,10.528551784000058],[107.16990396900007,10.528573186000074],[107.16996611800005,10.528610730000025],[107.16996965500005,10.52861286600006]]]},"properties":{"OBJECTID":600,"FID":599,"Shape_Leng":71.643826751800006,"Sothua":690,"So_To":95,"LoaidatHT":"ONT","Khuphomoi":"Khu phố Tân Hưng","Sothuacu":690,"Sotocu":13,"Phuongcu":"Phường Tân Hưng","Nguoisudun":"UBND xã Tân Hưng","Quyetdinh":"Quyết định 3693/QĐ-UBND","ID":"690.95","Shape_Length":0.00065115376726726016,"Shape_Area":1.591345529088934e-08}},{"type":"Feature","id":601,"geometry":{"type":"Polygon","coordinates":[[[107.17055278200007,10.529181105000021],[107.17049862000005,10.529196168000055],[107.17048453700005,10.529154445000074],[107.17047010800007,10.529111672000056],[107.17045584300007,10.529068791000043],[107.17044181500006,10.529026643000066],[107.17039396900009,10.528864746000067],[107.17038093600007,10.528822834000039],[107.17037285700007,10.528790398000069],[107.17032068600008,10.528805654000053],[107.17030191200007,10.528746338000076],[107.17029506000006,10.528721457000074],[107.17122532700006,10.528460481000025],[107.17130364600007,10.528777932000025],[107.17135105800008,10.528971843000022],[107.17119130800006,10.529015861000062],[107.17110531000009,10.52903838800006],[107.17105404600005,10.529052354000044],[107.17097406100004,10.529074648000062],[107.17087329400005,10.529104561000054],[107.17086854200005,10.529105773000026],[107.17082870100006,10.529113566000035],[107.17078143800006,10.52912311800003],[107.17073272300007,10.529132955000023],[107.17071541000007,10.529137743000035],[107.17062743600007,10.529161351000027],[107.17055278200007,10.529181105000021]]]},"properties":{"OBJECTID":601,"FID":600,"Shape_Leng":323.37299239700002,"Sothua":632,"So_To":95,"LoaidatHT":"DCH","Khuphomoi":"Khu phố Tân Hưng","Sothuacu":632,"Sotocu":13,"Phuongcu":"Phường Tân Hưng","Nguoisudun":"Chợ Tân Hưng","Quyetdinh":" ","ID":"632.95","Shape_Length":0.0029418693368070512,"Shape_Area":4.7282963926307212e-07}},{"type":"Feature","id":602,"geometry":{"type":"Polygon","coordinates":[[[107.14474734600009,10.530939015000058],[107.14474477400006,10.530951178000066],[107.14474330700006,10.530949586000077],[107.14427757900006,10.530455956000026],[107.14380824300008,10.529939987000034],[107.14367856200005,10.529817594000065],[107.14360224000006,10.529741141000045],[107.14351993900004,10.529638096000042],[107.14345307200006,10.529538606000074],[107.14341876100008,10.529517203000069],[107.14328557600004,10.529458181000052],[107.14320695900005,10.529387330000077],[107.14310660900009,10.529310288000033],[107.14301032000009,10.529212640000026],[107.14293177400003,10.529105173000062],[107.14282734400007,10.528918817000033],[107.14271840100008,10.528751257000067],[107.14243373000005,10.528321169000037],[107.14237770800008,10.52828254700006],[107.14219337500003,10.52816972200003],[107.14214599300004,10.528104264000035],[107.14212304800009,10.528064259000075],[107.14206013000006,10.527954740000041],[107.14187025400008,10.527546985000072],[107.14183359600008,10.527324684000064],[107.14179242300008,10.52712208500003],[107.14178380200008,10.527044948000025],[107.14177028000006,10.526998450000065],[107.14173963100006,10.52693185000004],[107.14173771100008,10.526927687000068],[107.14168842200007,10.526810239000042],[107.14165040100005,10.526724185000035],[107.14148581200004,10.526327146000028],[107.14145356100005,10.526233880000063],[107.14141576800006,10.526124582000023],[107.14137095800004,10.52600632900004],[107.14132943200008,10.525937356000043],[107.14100140000005,10.52544462000003],[107.14092415600004,10.525326304000032],[107.14090234700006,10.525312881000048],[107.14080216600007,10.525290538000036],[107.14076875100005,10.525277997000046],[107.14072078300006,10.525233151000066],[107.14068059000004,10.525182987000051],[107.14062997900004,10.525134609000077],[107.14057776300007,10.525112322000041],[107.14044974800004,10.525073507000059],[107.14036820400008,10.52505201300005],[107.14028197600004,10.524902669000028],[107.14032257500008,10.524652942000046],[107.14036128900005,10.524386034000031],[107.14032640500005,10.52433099700005],[107.13992801500007,10.523751329000049],[107.13982066800008,10.523610262000034],[107.13981030300005,10.523584566000068],[107.13975400300006,10.523311597000031],[107.13971193000003,10.523107640000035],[107.13966007500005,10.522948507000024],[107.13961085800008,10.522748424000042],[107.13950867400007,10.522722731000044],[107.13930061300005,10.522598467000023],[107.13916998200006,10.522497137000073],[107.13907814700008,10.522412606000046],[107.13881624600003,10.522395285000073],[107.13879242100006,10.52238529400006],[107.13870740500005,10.522131437000041],[107.13837299800008,10.521771409000053],[107.13832663500006,10.521561204000022],[107.13819956400005,10.521276617000069],[107.13810123400003,10.52096460000007],[107.13806707400005,10.520913181000026],[107.13787613600005,10.520677834000026],[107.13783852600005,10.520569450000039],[107.13781041200008,10.520463714000073],[107.13780098100005,10.520428246000051],[107.13774564100004,10.520230230000038],[107.13779515600004,10.519907197000066],[107.13775091500008,10.519640128000049],[107.13768244300007,10.519523094000022],[107.13748013500003,10.519216030000052],[107.13741354300004,10.519118438000021],[107.13742586700005,10.51879886100005],[107.13742914000005,10.518668042000058],[107.13741868900007,10.518593524000039],[107.13722204800007,10.517823114000066],[107.13719440800008,10.517708962000029],[107.13680655700006,10.517258780000077],[107.13679190200008,10.517231357000071],[107.13666664500005,10.516815949000033],[107.13650896800004,10.516301205000048],[107.13646911300003,10.516173993000052],[107.13651315300007,10.516171645000043],[107.13702445800004,10.516144435000058],[107.13702541200007,10.516073465000034],[107.13702595700005,10.516033142000026],[107.13705382200004,10.515014266000037],[107.13705564900005,10.515014269000062],[107.13708648600004,10.514758375000042],[107.13713783200006,10.514201272000037],[107.13732244100004,10.513567397000031],[107.13821101800005,10.513513418000059],[107.13848380200005,10.513567829000067],[107.13939012600008,10.516078026000059],[107.13964487500004,10.516783582000073],[107.14014145900006,10.518158922000055],[107.14015681600006,10.518201354000041],[107.14025108400006,10.518303067000033],[107.14043812800008,10.518521045000057],[107.14049041400006,10.518600165000066],[107.14054413800005,10.518691403000048],[107.14059437400005,10.51879086100007],[107.14069919000008,10.519103975000064],[107.14072419000007,10.519213871000034],[107.14074590800004,10.519320418000063],[107.14076516300008,10.519424698000023],[107.14077766400004,10.519525982000062],[107.14077400300005,10.519622534000064],[107.14078126200008,10.519741168000053],[107.14080666700005,10.519830904000059],[107.14087719200006,10.52002008900007],[107.14095181600004,10.520168867000052],[107.14096831900008,10.520186258000024],[107.14100965700004,10.520210658000053],[107.14109054800008,10.520239473000061],[107.14121998300004,10.520298308000065],[107.14145765100005,10.520418921000044],[107.14154754000003,10.520471531000055],[107.14173941500007,10.520602995000047],[107.14190812400005,10.52071443400007],[107.14209597400009,10.520849506000047],[107.14221805100004,10.520933823000064],[107.14231712400004,10.521008149000068],[107.14252327400004,10.521128701000066],[107.14268568500006,10.521191215000044],[107.14274166600006,10.521202985000059],[107.14286271400005,10.521252943000036],[107.14302445300007,10.521332001000076],[107.14312495200005,10.521377941000026],[107.14323051600007,10.521450472000026],[107.14330487000007,10.521504861000039],[107.14336440000005,10.521570974000042],[107.14338734800003,10.521609172000069],[107.14339285600005,10.521642725000049],[107.14339199500006,10.52166270400005],[107.14333529500004,10.521924787000046],[107.14328657600004,10.522170611000035],[107.14325728000006,10.522388446000036],[107.14323164600006,10.522648780000054],[107.14321151700005,10.522803886000077],[107.14321708100005,10.523042401000055],[107.14324842500008,10.523225634000028],[107.14325758200005,10.523261906000073],[107.14328055600004,10.523287356000026],[107.14332366600007,10.523340781000059],[107.14336588900005,10.523426932000064],[107.14340263000008,10.523514069000043],[107.14343380900004,10.523594775000049],[107.14347237000004,10.523685441000055],[107.14353943200007,10.523871453000027],[107.14357504600008,10.524020971000027],[107.14358615100008,10.524135272000024],[107.14357875800005,10.524318521000055],[107.14360880200007,10.524559795000073],[107.14362712800005,10.524626191000038],[107.14377520800008,10.525009726000064],[107.14382127300007,10.525127620000035],[107.14403929800005,10.525685601000021],[107.14412637500004,10.525915140000052],[107.14421928700006,10.526151561000063],[107.14444686700006,10.526576023000075],[107.14450835600007,10.526715736000028],[107.14453658300005,10.526811897000073],[107.14454588300003,10.526868059000037],[107.14452660700005,10.526914403000035],[107.14449164000007,10.526948331000028],[107.14432581300008,10.527089597000042],[107.14424520900008,10.527147668000055],[107.14413045100008,10.527243827000063],[107.14401028400005,10.527396301000067],[107.14400306100003,10.527446194000049],[107.14400305200007,10.527497005000043],[107.14397296000004,10.527748290000034],[107.14394638200008,10.527837294000051],[107.14396703100005,10.527930637000054],[107.14397463800009,10.527965008000024],[107.14409632000007,10.528159534000054],[107.14418550300007,10.528293783000038],[107.14428251100009,10.528491879000057],[107.14439276100006,10.528692169000067],[107.14445972200008,10.528883878000045],[107.14452881000005,10.529109585000072],[107.14458458400009,10.529321976000062],[107.14459014600004,10.529374697000037],[107.14468166100005,10.529718975000037],[107.14469786300003,10.529843412000048],[107.14471213100006,10.529929872000025],[107.14472347000009,10.530017863000069],[107.14473269200005,10.530115072000058],[107.14473016500006,10.530192640000053],[107.14472942700007,10.530289379000067],[107.14473712600005,10.530370763000064],[107.14473413900004,10.530450229000053],[107.14473723800006,10.53054751600007],[107.14475066700004,10.530689216000042],[107.14474445300004,10.530783322000048],[107.14474937800009,10.530834594000055],[107.14474734600009,10.530939015000058]]]},"properties":{"OBJECTID":602,"FID":601,"Shape_Leng":4656.66571656,"Sothua":1,"So_To":58,"LoaidatHT":"RPH","Khuphomoi":"Khu phố Núi Dinh","Sothuacu":0,"Sotocu":1,"Phuongcu":"Phường Kim Dinh","Nguoisudun":" ","Quyetdinh":" ","ID":"1.58","Shape_Length":0.042203313243616529,"Shape_Area":4.7288936939096205e-05}},{"type":"Feature","id":603,"geometry":{"type":"Polygon","coordinates":[[[107.14499460300004,10.53159210900003],[107.14500766100008,10.531980024000063],[107.14474477400006,10.530951178000066],[107.14474734600009,10.530939015000058],[107.14474937800009,10.530834594000055],[107.14474445300004,10.530783322000048],[107.14475066700004,10.530689216000042],[107.14473723800006,10.53054751600007],[107.14473413900004,10.530450229000053],[107.14473712600005,10.530370763000064],[107.14472942700007,10.530289379000067],[107.14473016500006,10.530192640000053],[107.14473269200005,10.530115072000058],[107.14472347000009,10.530017863000069],[107.14471213100006,10.529929872000025],[107.14469786300003,10.529843412000048],[107.14468166100005,10.529718975000037],[107.14459014600004,10.529374697000037],[107.14458458400009,10.529321976000062],[107.14452881000005,10.529109585000072],[107.14445972200008,10.528883878000045],[107.14439276100006,10.528692169000067],[107.14428251100009,10.528491879000057],[107.14418550300007,10.528293783000038],[107.14409632000007,10.528159534000054],[107.14397463800009,10.527965008000024],[107.14396703100005,10.527930637000054],[107.14394638200008,10.527837294000051],[107.14397296000004,10.527748290000034],[107.14400305200007,10.527497005000043],[107.14400306100003,10.527446194000049],[107.14401028400005,10.527396301000067],[107.14413045100008,10.527243827000063],[107.14424520900008,10.527147668000055],[107.14432581300008,10.527089597000042],[107.14449164000007,10.526948331000028],[107.14452660700005,10.526914403000035],[107.14454588300003,10.526868059000037],[107.14453658300005,10.526811897000073],[107.14450835600007,10.526715736000028],[107.14444686700006,10.526576023000075],[107.14421928700006,10.526151561000063],[107.14412637500004,10.525915140000052],[107.14403929800005,10.525685601000021],[107.14382127300007,10.525127620000035],[107.14377520800008,10.525009726000064],[107.14362712800005,10.524626191000038],[107.14360880200007,10.524559795000073],[107.14357875800005,10.524318521000055],[107.14358615100008,10.524135272000024],[107.14357504600008,10.524020971000027],[107.14353943200007,10.523871453000027],[107.14347237000004,10.523685441000055],[107.14343380900004,10.523594775000049],[107.14340263000008,10.523514069000043],[107.14336588900005,10.523426932000064],[107.14332366600007,10.523340781000059],[107.14328055600004,10.523287356000026],[107.14325758200005,10.523261906000073],[107.14324842500008,10.523225634000028],[107.14321708100005,10.523042401000055],[107.14321151700005,10.522803886000077],[107.14323164600006,10.522648780000054],[107.14325728000006,10.522388446000036],[107.14328657600004,10.522170611000035],[107.14333529500004,10.521924787000046],[107.14339199500006,10.52166270400005],[107.14339285600005,10.521642725000049],[107.14338734800003,10.521609172000069],[107.14336440000005,10.521570974000042],[107.14330487000007,10.521504861000039],[107.14323051600007,10.521450472000026],[107.14312495200005,10.521377941000026],[107.14302445300007,10.521332001000076],[107.14286271400005,10.521252943000036],[107.14274166600006,10.521202985000059],[107.14268568500006,10.521191215000044],[107.14252327400004,10.521128701000066],[107.14231712400004,10.521008149000068],[107.14221805100004,10.520933823000064],[107.14209597400009,10.520849506000047],[107.14190812400005,10.52071443400007],[107.14173941500007,10.520602995000047],[107.14154754000003,10.520471531000055],[107.14145765100005,10.520418921000044],[107.14121998300004,10.520298308000065],[107.14109054800008,10.520239473000061],[107.14100965700004,10.520210658000053],[107.14096831900008,10.520186258000024],[107.14095181600004,10.520168867000052],[107.14087719200006,10.52002008900007],[107.14080666700005,10.519830904000059],[107.14078126200008,10.519741168000053],[107.14077400300005,10.519622534000064],[107.14077766400004,10.519525982000062],[107.14076516300008,10.519424698000023],[107.14074590800004,10.519320418000063],[107.14072419000007,10.519213871000034],[107.14069919000008,10.519103975000064],[107.14059437400005,10.51879086100007],[107.14054413800005,10.518691403000048],[107.14049041400006,10.518600165000066],[107.14043812800008,10.518521045000057],[107.14025108400006,10.518303067000033],[107.14015681600006,10.518201354000041],[107.14014145900006,10.518158922000055],[107.13964487500004,10.516783582000073],[107.13939012600008,10.516078026000059],[107.13848380200005,10.513567829000067],[107.13880744800008,10.513262863000023],[107.13893736400007,10.513168363000034],[107.13931643900008,10.513155803000075],[107.14155514100008,10.51421257800007],[107.14323650000006,10.515161044000024],[107.14387594700008,10.515151780000053],[107.14401307000009,10.515296337000052],[107.14460689800006,10.51511520300005],[107.14478974300005,10.515567155000042],[107.14510962100007,10.515928685000063],[107.14584039800008,10.515747538000028],[107.14629710900005,10.515747322000038],[107.14661698300006,10.516018350000024],[107.14675820400004,10.516129291000027],[107.14673048000009,10.516242082000076],[107.14656532200007,10.516223319000062],[107.14652583300006,10.516380002000062],[107.14675446000007,10.51692236100007],[107.14779625100005,10.517437333000032],[107.14805226600004,10.51681325900006],[107.14858189700004,10.51690015500003],[107.14870709700006,10.516919505000033],[107.14921620700005,10.51699818700007],[107.14928179900005,10.517615095000053],[107.14931109700007,10.517866312000024],[107.14930151500005,10.517931535000059],[107.14926554700008,10.518176336000067],[107.14926075300008,10.518198659000063],[107.14917477900008,10.518767634000028],[107.14918040200007,10.519402691000039],[107.14917300100007,10.519639373000075],[107.14916506700007,10.519820090000053],[107.14916096500008,10.519957416000068],[107.14913893700009,10.520293342000059],[107.14912115300007,10.520512917000076],[107.14907563500009,10.520617978000075],[107.14906088700008,10.520637751000038],[107.14906381000009,10.520685042000025],[107.14906364700005,10.52076921400004],[107.14904599000005,10.520828942000037],[107.14901563200004,10.520889550000049],[107.14905398700006,10.521039977000044],[107.14918006400006,10.521324467000056],[107.14929223300004,10.521714262000046],[107.14890605500005,10.521851044000073],[107.14891811300004,10.521946180000043],[107.14892661400006,10.52203832500004],[107.14896303700004,10.522384578000072],[107.14913062200009,10.522323778000043],[107.14912436500003,10.522629355000049],[107.14911424100006,10.522951380000052],[107.14911237500007,10.523065565000024],[107.14911235100004,10.523124966000069],[107.14912620900009,10.523281674000032],[107.14913865400007,10.523366142000043],[107.14918401200003,10.523863397000071],[107.14923821700006,10.524133016000064],[107.14934398800006,10.524146958000074],[107.14937850000007,10.524159139000062],[107.14938148100003,10.524252060000038],[107.14939025100006,10.524545189000037],[107.14941525400008,10.524763796000059],[107.14936995800008,10.524904562000074],[107.14932417600005,10.524999036000054],[107.14925265100004,10.525072739000052],[107.14916114200008,10.525134008000066],[107.14906085700005,10.52517012800007],[107.14894337400005,10.525188186000037],[107.14875309300004,10.525159301000031],[107.14868787700004,10.525159973000029],[107.14862734500008,10.525199873000076],[107.14856596700008,10.525294526000039],[107.14850031200007,10.525521089000051],[107.14843001500009,10.525711207000029],[107.14819532500007,10.525907261000043],[107.14814068100009,10.525968157000023],[107.14808417700004,10.526121667000041],[107.14800633100003,10.526401667000073],[107.14799807700007,10.526558894000061],[107.14796407200004,10.526695332000031],[107.14794359600006,10.526903193000066],[107.14794542700008,10.527075737000075],[107.14796514800008,10.527332279000063],[107.14796558400008,10.527507641000057],[107.14795235600008,10.527596174000053],[107.14778279800004,10.527919216000043],[107.14767331800005,10.528290741000035],[107.14756713800006,10.528439157000037],[107.14754344100004,10.528611969000053],[107.14747733100006,10.52879504200007],[107.14743436100008,10.529021368000031],[107.14744709800004,10.529153121000036],[107.14751400400007,10.529312372000049],[107.14743251600004,10.529374103000066],[107.14733585600004,10.529457070000035],[107.14724091200009,10.529578293000043],[107.14701099200005,10.529785756000024],[107.14695640600007,10.529854012000044],[107.14690788900003,10.529925669000022],[107.14678557000008,10.530043639000041],[107.14672008300005,10.530061955000065],[107.14671246600005,10.530064087000028],[107.14665038400005,10.530096725000021],[107.14659009200005,10.530149102000053],[107.14654075000004,10.530207866000069],[107.14650995100004,10.530250337000041],[107.14648046400004,10.530299175000039],[107.14644276300004,10.530447114000026],[107.14638300600006,10.530519673000072],[107.14631065800006,10.530579143000068],[107.14619036100004,10.530605666000042],[107.14592367900008,10.530623177000052],[107.14581381500005,10.530706706000046],[107.14552085400004,10.530951079000033],[107.14514406600006,10.531194370000037],[107.14507318700004,10.531307487000049],[107.14505214100006,10.531341076000047],[107.14499460300004,10.53159210900003]]]},"properties":{"OBJECTID":603,"FID":602,"Shape_Leng":5803.0598583399997,"Sothua":2,"So_To":58,"LoaidatHT":"RPH","Khuphomoi":"Khu phố Núi Dinh","Sothuacu":0,"Sotocu":1,"Phuongcu":"phường Long Hương","Nguoisudun":" ","Quyetdinh":" ","ID":"2.58","Shape_Length":0.052637274145036293,"Shape_Area":9.4330892280796911e-05}},{"type":"Feature","id":604,"geometry":{"type":"Polygon","coordinates":[[[107.18242054900008,10.534934360000022],[107.18226053900008,10.535131423000053],[107.18224542200005,10.534943602000055],[107.18228052300009,10.53493471400003],[107.18238102400005,10.534936251000033],[107.18242054900008,10.534934360000022]]]},"properties":{"OBJECTID":604,"FID":603,"Shape_Leng":68.122174412500001,"Sothua":1024,"So_To":57,"LoaidatHT":"LUC","Khuphomoi":"Khu phố Tân Hưng","Sothuacu":485,"Sotocu":33,"Phuongcu":"Phường Tân Hưng","Nguoisudun":"Nguyễn Văn Hương","Quyetdinh":"Quyết định 3693/QĐ-UBND","ID":"1024.57","Shape_Length":0.00061856462076711745,"Shape_Area":1.7006783803847212e-08}},{"type":"Feature","id":605,"geometry":{"type":"Polygon","coordinates":[[[107.18233845800006,10.535279105000029],[107.18226460600005,10.535283294000067],[107.18262304300004,10.534839004000048],[107.18266321600004,10.535056733000033],[107.18268937500005,10.535241308000025],[107.18233845800006,10.535279105000029]]]},"properties":{"OBJECTID":605,"FID":604,"Shape_Leng":154.761140165,"Sothua":485,"So_To":57,"LoaidatHT":"LUC","Khuphomoi":"Khu phố Tân Hưng","Sothuacu":485,"Sotocu":33,"Phuongcu":"Phường Tân Hưng","Nguoisudun":"Nguyễn Văn Hương","Quyetdinh":"Quyết định 3693/QĐ-UBND","ID":"485.57","Shape_Length":0.0014055918364186454,"Shape_Area":8.8356017201867045e-08}},{"type":"Feature","id":606,"geometry":{"type":"Polygon","coordinates":[[[107.18212930200008,10.535293051000053],[107.18181175400008,10.535316314000056],[107.18179997700008,10.535210963000054],[107.18181454700004,10.534988215000055],[107.18184381800006,10.534970457000043],[107.18224542200005,10.534943602000055],[107.18226053900008,10.535131423000053],[107.18212930200008,10.535293051000053]]]},"properties":{"OBJECTID":606,"FID":605,"Shape_Leng":162.90703502299999,"Sothua":484,"So_To":57,"LoaidatHT":"LUC","Khuphomoi":"Khu phố Tân Hưng","Sothuacu":484,"Sotocu":33,"Phuongcu":"Phường Tân Hưng","Nguoisudun":"Nguyễn Văn Hương","Quyetdinh":"Quyết định 3693/QĐ-UBND","ID":"484.57","Shape_Length":0.0014809947982114752,"Shape_Area":1.4355342873155962e-07}},{"type":"Feature","id":607,"geometry":{"type":"Polygon","coordinates":[[[107.18141951400008,10.535467591000042],[107.18140086000005,10.535476237000069],[107.18133494200003,10.535449538000023],[107.18141335000007,10.535092011000074],[107.18141511400006,10.535027099000047],[107.18142996500006,10.535000002000061],[107.18144048800008,10.534991432000027],[107.18155981800004,10.534988301000055],[107.18153934400004,10.535441135000042],[107.18149776200005,10.535446485000023],[107.18142813900005,10.535447536000049],[107.18141951400008,10.535467591000042]]]},"properties":{"OBJECTID":607,"FID":606,"Shape_Leng":140.47137587200001,"Sothua":474,"So_To":57,"LoaidatHT":"LUC","Khuphomoi":"Khu phố Tân Hưng","Sothuacu":474,"Sotocu":33,"Phuongcu":"Phường Tân Hưng","Nguoisudun":"Trần Văn lộc","Quyetdinh":"Quyết định 3693/QĐ-UBND","ID":"474.57","Shape_Length":0.0012731651840498705,"Shape_Area":7.6952163027848705e-08}},{"type":"Feature","id":608,"geometry":{"type":"Polygon","coordinates":[[[107.18179381500005,10.535482910000042],[107.18155790100008,10.535485651000045],[107.18153934400004,10.535441135000042],[107.18155981800004,10.534988301000055],[107.18161658400004,10.534973485000023],[107.18167120900006,10.53497991200004],[107.18180324800005,10.534971741000049],[107.18181454700004,10.534988215000055],[107.18179997700008,10.535210963000054],[107.18181175400008,10.535316314000056],[107.18179381500005,10.535482910000042]]]},"properties":{"OBJECTID":608,"FID":607,"Shape_Leng":165.41512662900001,"Sothua":475,"So_To":57,"LoaidatHT":"LUC","Khuphomoi":"Khu phố Tân Hưng","Sothuacu":475,"Sotocu":33,"Phuongcu":"Phường Tân Hưng","Nguoisudun":"Trần Văn lộc","Quyetdinh":"Quyết định 3693/QĐ-UBND","ID":"475.57","Shape_Length":0.0015001833145075133,"Shape_Area":1.297419239862973e-07}},{"type":"Feature","id":609,"geometry":{"type":"Polygon","coordinates":[[[107.18252368700007,10.535612965000041],[107.18226466200008,10.535613314000045],[107.18226159700004,10.53554088900006],[107.18225531200005,10.535294814000054],[107.18226460600005,10.535283294000067],[107.18233845800006,10.535279105000029],[107.18268937500005,10.535241308000025],[107.18274153600004,10.535546089000036],[107.18274033800009,10.53560187100004],[107.18252368700007,10.535612965000041]]]},"properties":{"OBJECTID":609,"FID":608,"Shape_Leng":176.123692619,"Sothua":464,"So_To":57,"LoaidatHT":"LUC","Khuphomoi":"Khu phố Tân Hưng","Sothuacu":464,"Sotocu":33,"Phuongcu":"Phường Tân Hưng","Nguoisudun":"Nguyễn Văn Hương","Quyetdinh":"Quyết định 3693/QĐ-UBND","ID":"464.57","Shape_Length":0.0016013313321766975,"Shape_Area":1.6019861175703597e-07}},{"type":"Feature","id":610,"geometry":{"type":"Polygon","coordinates":[[[107.18226146300009,10.535613761000036],[107.18199521100007,10.535617216000048],[107.18225531200005,10.535294814000054],[107.18226159700004,10.53554088900006],[107.18226466200008,10.535613314000045],[107.18226146300009,10.535613761000036]]]},"properties":{"OBJECTID":610,"FID":609,"Shape_Leng":110.409522947,"Sothua":1023,"So_To":57,"LoaidatHT":"LUC","Khuphomoi":"Khu phố Tân Hưng","Sothuacu":463,"Sotocu":33,"Phuongcu":"Phường Tân Hưng","Nguoisudun":"Trần Văn lộc","Quyetdinh":"Quyết định 3693/QĐ-UBND","ID":"1023.57","Shape_Length":0.0010023905383760071,"Shape_Area":4.2832780267477612e-08}},{"type":"Feature","id":611,"geometry":{"type":"Polygon","coordinates":[[[107.18186471600006,10.535618905000035],[107.18179575700009,10.535619797000038],[107.18179381500005,10.535482910000042],[107.18181175400008,10.535316314000056],[107.18212930200008,10.535293051000053],[107.18186471600006,10.535618905000035]]]},"properties":{"OBJECTID":611,"FID":610,"Shape_Leng":122.34932120400001,"Sothua":463,"So_To":57,"LoaidatHT":"LUC","Khuphomoi":"Khu phố Tân Hưng","Sothuacu":463,"Sotocu":33,"Phuongcu":"Phường Tân Hưng","Nguoisudun":"Trần Văn lộc","Quyetdinh":"Quyết định 3693/QĐ-UBND","ID":"463.57","Shape_Length":0.0011115694079625398,"Shape_Area":6.0505991033311218e-08}},{"type":"Feature","id":612,"geometry":{"type":"Polygon","coordinates":[[[107.18149776200005,10.535446485000023],[107.18151889400008,10.535781045000022],[107.18149109900008,10.535741938000058],[107.18146963400005,10.535738735000052],[107.18145472500004,10.535697933000051],[107.18140137100005,10.535695757000042],[107.18128966900008,10.535623951000048],[107.18126863000003,10.535537570000031],[107.18128415300004,10.535493297000073],[107.18133494200003,10.535449538000023],[107.18140086000005,10.535476237000069],[107.18141951400008,10.535467591000042],[107.18142813900005,10.535447536000049],[107.18149776200005,10.535446485000023]]]},"properties":{"OBJECTID":612,"FID":611,"Shape_Leng":112.46663742,"Sothua":453,"So_To":57,"LoaidatHT":"LUC","Khuphomoi":"Khu phố Tân Hưng","Sothuacu":453,"Sotocu":33,"Phuongcu":"Phường Tân Hưng","Nguoisudun":"Trần Văn lộc","Quyetdinh":"Quyết định 3693/QĐ-UBND","ID":"453.57","Shape_Length":0.0010205413406275728,"Shape_Area":5.15733418037618e-08}},{"type":"Feature","id":613,"geometry":{"type":"Polygon","coordinates":[[[107.18186471600006,10.535618905000035],[107.18171239700007,10.535806499000046],[107.18170118700004,10.535622520000061],[107.18179575700009,10.535619797000038],[107.18186471600006,10.535618905000035]]]},"properties":{"OBJECTID":613,"FID":612,"Shape_Leng":64.929049801000005,"Sothua":1022,"So_To":57,"LoaidatHT":"LUC","Khuphomoi":"Khu phố Tân Hưng","Sothuacu":444,"Sotocu":33,"Phuongcu":"Phường Tân Hưng","Nguoisudun":"Tạ Văn Tâm","Quyetdinh":"Quyết định 3693/QĐ-UBND","ID":"1022.57","Shape_Length":0.00058953974475406607,"Shape_Area":1.5114922480348498e-08}},{"type":"Feature","id":614,"geometry":{"type":"Polygon","coordinates":[[[107.18216605800006,10.535823163000032],[107.18181331600005,10.535842676000073],[107.18199521100007,10.535617216000048],[107.18226146300009,10.535613761000036],[107.18226098500008,10.535825142000022],[107.18216605800006,10.535823163000032]]]},"properties":{"OBJECTID":614,"FID":613,"Shape_Leng":133.54027783399999,"Sothua":444,"So_To":57,"LoaidatHT":"LUC","Khuphomoi":"Khu phố Tân Hưng","Sothuacu":444,"Sotocu":33,"Phuongcu":"Phường Tân Hưng","Nguoisudun":"Tạ Văn Tâm","Quyetdinh":"Quyết định 3693/QĐ-UBND","ID":"444.57","Shape_Length":0.0012155709226081483,"Shape_Area":7.5735340685982165e-08}},{"type":"Feature","id":615,"geometry":{"type":"Polygon","coordinates":[[[107.18171239700007,10.535806499000046],[107.18160487300008,10.535938921000024],[107.18154265400005,10.535927826000034],[107.18153400300008,10.535862534000046],[107.18155790100008,10.535485651000045],[107.18179381500005,10.535482910000042],[107.18179575700009,10.535619797000038],[107.18170118700004,10.535622520000061],[107.18171239700007,10.535806499000046]]]},"properties":{"OBJECTID":615,"FID":614,"Shape_Leng":146.51674548,"Sothua":443,"So_To":57,"LoaidatHT":"LUC","Khuphomoi":"Khu phố Tân Hưng","Sothuacu":443,"Sotocu":33,"Phuongcu":"Phường Tân Hưng","Nguoisudun":"Trần Văn lộc","Quyetdinh":"Quyết định 3693/QĐ-UBND","ID":"443.57","Shape_Length":0.0013290415530058839,"Shape_Area":7.8959604921317214e-08}},{"type":"Feature","id":616,"geometry":{"type":"Polygon","coordinates":[[[107.18160487300008,10.535938921000024],[107.18154079900006,10.536017831000038],[107.18154265400005,10.535927826000034],[107.18160487300008,10.535938921000024]]]},"properties":{"OBJECTID":616,"FID":615,"Shape_Leng":28.082975016300001,"Sothua":1021,"So_To":57,"LoaidatHT":"LUC","Khuphomoi":"Khu phố Tân Hưng","Sothuacu":423,"Sotocu":33,"Phuongcu":"Phường Tân Hưng","Nguoisudun":"Nguyễn Văn Hương","Quyetdinh":"Quyết định 3693/QĐ-UBND","ID":"1021.57","Shape_Length":0.00025487236451336465,"Shape_Area":2.8103011613692903e-09}},{"type":"Feature","id":617,"geometry":{"type":"Polygon","coordinates":[[[107.18253747400007,10.536017491000052],[107.18227194900004,10.536024699000052],[107.18226098500008,10.535825142000022],[107.18226146300009,10.535613761000036],[107.18226466200008,10.535613314000045],[107.18252368700007,10.535612965000041],[107.18253747400007,10.536017491000052]]]},"properties":{"OBJECTID":617,"FID":616,"Shape_Leng":148.082157639,"Sothua":445,"So_To":57,"LoaidatHT":"LUC","Khuphomoi":"Khu phố Tân Hưng","Sothuacu":445,"Sotocu":33,"Phuongcu":"Phường Tân Hưng","Nguoisudun":"Tạ Văn Tâm","Quyetdinh":"Quyết định 3693/QĐ-UBND","ID":"445.57","Shape_Length":0.0013438785100788923,"Shape_Area":1.0890246653466464e-07}},{"type":"Feature","id":618,"geometry":{"type":"Polygon","coordinates":[[[107.18226328200006,10.536117446000048],[107.18224518500006,10.536120939000057],[107.18213280500004,10.536070469000038],[107.18212223300009,10.536055984000029],[107.18208395900007,10.536051666000048],[107.18204329400004,10.536054577000073],[107.18182591900006,10.536012688000028],[107.18177606600005,10.535994335000055],[107.18178848200006,10.535949785000071],[107.18175295300006,10.53591749900005],[107.18181331600005,10.535842676000073],[107.18216605800006,10.535823163000032],[107.18226098500008,10.535825142000022],[107.18227194900004,10.536024699000052],[107.18226328200006,10.536117446000048]]]},"properties":{"OBJECTID":618,"FID":617,"Shape_Leng":158.744227311,"Sothua":429,"So_To":57,"LoaidatHT":"LUC","Khuphomoi":"Khu phố Tân Hưng","Sothuacu":429,"Sotocu":33,"Phuongcu":"Phường Tân Hưng","Nguoisudun":"Tạ Văn Tâm","Quyetdinh":"Quyết định 3693/QĐ-UBND","ID":"429.57","Shape_Length":0.0014449699637491731,"Shape_Area":1.0758257035148494e-07}},{"type":"Feature","id":619,"geometry":{"type":"Polygon","coordinates":[[[107.15095826300006,10.536076872000024],[107.15085113800006,10.536085059000072],[107.14807769800007,10.535703635000061],[107.14500766100008,10.531980024000063],[107.14499460300004,10.53159210900003],[107.14505214100006,10.531341076000047],[107.14507318700004,10.531307487000049],[107.14514406600006,10.531194370000037],[107.14552085400004,10.530951079000033],[107.14581381500005,10.530706706000046],[107.14592367900008,10.530623177000052],[107.14619036100004,10.530605666000042],[107.14631065800006,10.530579143000068],[107.14638300600006,10.530519673000072],[107.14644276300004,10.530447114000026],[107.14648046400004,10.530299175000039],[107.14650995100004,10.530250337000041],[107.14654075000004,10.530207866000069],[107.14659009200005,10.530149102000053],[107.14665038400005,10.530096725000021],[107.14671246600005,10.530064087000028],[107.14672008300005,10.530061955000065],[107.14678557000008,10.530043639000041],[107.14690788900003,10.529925669000022],[107.14695640600007,10.529854012000044],[107.14701099200005,10.529785756000024],[107.14724091200009,10.529578293000043],[107.14733585600004,10.529457070000035],[107.14743251600004,10.529374103000066],[107.14751400400007,10.529312372000049],[107.14744709800004,10.529153121000036],[107.14743436100008,10.529021368000031],[107.14747733100006,10.52879504200007],[107.14754344100004,10.528611969000053],[107.14756713800006,10.528439157000037],[107.14767331800005,10.528290741000035],[107.14778279800004,10.527919216000043],[107.14795235600008,10.527596174000053],[107.14796558400008,10.527507641000057],[107.14796514800008,10.527332279000063],[107.14794542700008,10.527075737000075],[107.14794359600006,10.526903193000066],[107.14796407200004,10.526695332000031],[107.14799807700007,10.526558894000061],[107.14800633100003,10.526401667000073],[107.14808417700004,10.526121667000041],[107.14814068100009,10.525968157000023],[107.14819532500007,10.525907261000043],[107.14843001500009,10.525711207000029],[107.14850031200007,10.525521089000051],[107.14856596700008,10.525294526000039],[107.14862734500008,10.525199873000076],[107.14868787700004,10.525159973000029],[107.14875309300004,10.525159301000031],[107.14894337400005,10.525188186000037],[107.14906085700005,10.52517012800007],[107.14916114200008,10.525134008000066],[107.14925265100004,10.525072739000052],[107.14932417600005,10.524999036000054],[107.14936995800008,10.524904562000074],[107.14941525400008,10.524763796000059],[107.14939025100006,10.524545189000037],[107.14938148100003,10.524252060000038],[107.14937850000007,10.524159139000062],[107.14941693700007,10.524172683000074],[107.14941486500004,10.524204685000029],[107.14941220900005,10.524349699000027],[107.14940739700006,10.524617216000024],[107.14949117100008,10.524620359000039],[107.14954181000007,10.524560331000032],[107.14957980200006,10.524521165000067],[107.14976703700006,10.524457056000074],[107.14993060100005,10.524444165000034],[107.14996113900008,10.524432742000045],[107.15027322500003,10.524343373000022],[107.15030350600006,10.524322274000042],[107.15059429300004,10.523954436000054],[107.15062350900007,10.523917477000055],[107.15106763300008,10.523344387000066],[107.15140432900006,10.523426211000071],[107.15174153200007,10.523813626000049],[107.15239402500004,10.524440502000061],[107.15248878700004,10.524241234000044],[107.15285365900007,10.523686978000057],[107.15312459000006,10.523096200000055],[107.15235826300005,10.522610062000069],[107.15232129000009,10.522500505000039],[107.15227281300008,10.522291925000047],[107.15216875800007,10.522098702000051],[107.15197635000004,10.521860920000051],[107.15152074500008,10.521520295000073],[107.15148965700007,10.521343302000048],[107.15167401200006,10.521018350000077],[107.15207969500005,10.520857461000048],[107.15174116000009,10.520118887000024],[107.15187558500008,10.519960018000063],[107.15204176400005,10.519821911000065],[107.15226551500007,10.519723333000059],[107.15257470100005,10.519666414000028],[107.15273140500005,10.519560838000075],[107.15280956300006,10.519585667000058],[107.15306377100006,10.519389140000044],[107.15388064800004,10.520485077000046],[107.15405557600008,10.520719769000038],[107.15399237400004,10.520671480000033],[107.15392117000005,10.520769252000036],[107.15380935800005,10.520999228000051],[107.15402243600005,10.521501980000039],[107.15415083900007,10.521804962000033],[107.15429066700005,10.522134882000046],[107.15431431500008,10.522189987000047],[107.15419080900006,10.522324558000037],[107.15431693300008,10.522587349000048],[107.15445551000005,10.522502442000075],[107.15454872000004,10.522634437000022],[107.15487296300006,10.522397535000039],[107.15516688100007,10.522776005000026],[107.15495743700006,10.523083553000049],[107.15533316500006,10.523298261000036],[107.15529308000004,10.523620140000048],[107.15535134200007,10.52382485000004],[107.15556915300004,10.523967113000026],[107.15581753600009,10.523983582000028],[107.15602765500006,10.524135414000057],[107.15617887700006,10.524365884000076],[107.15623775900008,10.524389953000025],[107.15641699600008,10.52425557600003],[107.15660498000005,10.524038308000058],[107.15664012000008,10.524008087000027],[107.15664073100004,10.524008955000056],[107.15668943500003,10.524062417000039],[107.15679389300004,10.524175942000056],[107.15687950600005,10.524267861000055],[107.15700615400004,10.524401988000022],[107.15710203900005,10.524502126000073],[107.15730873700005,10.524713911000049],[107.15724998800005,10.524762895000038],[107.15751323700005,10.525080911000032],[107.15762416400008,10.525026872000069],[107.15782901700004,10.525223691000065],[107.15772171800006,10.525325050000049],[107.15781322400005,10.525442031000068],[107.15767047000008,10.525513551000074],[107.15772749200005,10.526082344000031],[107.15784362300008,10.52603021300007],[107.15792966000004,10.526139771000032],[107.15780429500006,10.526482466000061],[107.15740535400005,10.526794633000065],[107.15741091600006,10.526848348000044],[107.15755387600007,10.526961810000046],[107.15764454500004,10.527033766000045],[107.15770533000006,10.527258370000027],[107.15723685000006,10.527958090000027],[107.15683507500006,10.528317536000031],[107.15681797900004,10.528323110000031],[107.15650478200007,10.528466458000025],[107.15640263000006,10.528518434000034],[107.15609979300007,10.528690823000034],[107.15567353200004,10.528906377000055],[107.15576465800007,10.52912606600006],[107.15577939800005,10.529157828000052],[107.15581727300008,10.529226883000035],[107.15604366200006,10.529138253000042],[107.15628780300005,10.529177496000045],[107.15648454400008,10.529350822000026],[107.15656101900004,10.529588113000045],[107.15689993200004,10.529613701000073],[107.15716296200009,10.529618172000028],[107.15729417300008,10.52961226900004],[107.15755173900004,10.529607417000022],[107.15759420900008,10.529949521000049],[107.15782563700009,10.529996877000031],[107.15791023800006,10.529950112000051],[107.15798331000008,10.53024797300003],[107.15798546900004,10.530265064000048],[107.15782168600003,10.530343415000061],[107.15782601200004,10.530422353000063],[107.15771663200007,10.530479017000062],[107.15773324400004,10.530583383000021],[107.15752363400009,10.530736689000037],[107.15756651500004,10.530912077000039],[107.15769023500008,10.530905798000049],[107.15773418900005,10.531236966000051],[107.15792019700007,10.531051157000036],[107.15803105100008,10.53113219200003],[107.15803918500006,10.531369627000061],[107.15808768500005,10.531473509000023],[107.15786316400005,10.531713095000043],[107.15747937500004,10.532095757000036],[107.15719261200007,10.532270527000037],[107.15671619800008,10.532527488000028],[107.15666545900007,10.532544209000037],[107.15663244700005,10.532536652000033],[107.15654916400007,10.532646987000021],[107.15643440800005,10.532728386000031],[107.15631528500006,10.532791487000054],[107.15608967900005,10.532942557000069],[107.15593033600004,10.533091409000065],[107.15560908800006,10.533399931000076],[107.15538249700006,10.533468815000049],[107.15521149000006,10.533501467000065],[107.15506828500008,10.533572297000035],[107.15492385400006,10.533667355000034],[107.15480983600008,10.533840151000049],[107.15469650000006,10.533995563000076],[107.15442638100006,10.534284370000023],[107.15425624900007,10.534373828000071],[107.15411956800006,10.534478032000038],[107.15383240200003,10.534712316000025],[107.15359600100004,10.53486472000003],[107.15336189000004,10.534942864000072],[107.15313598400007,10.535044666000033],[107.15295271200006,10.535144514000024],[107.15277392100006,10.535242119000031],[107.15245728200006,10.535432597000067],[107.15221110600004,10.535583489000032],[107.15213970100007,10.535660231000065],[107.15201761800006,10.535793030000036],[107.15187218800008,10.535870310000064],[107.15175495800008,10.535925592000069],[107.15159534600008,10.535965578000059],[107.15129470600004,10.536017764000064],[107.15117473600009,10.536049082000034],[107.15106846800006,10.536058302000072],[107.15095826300006,10.536076872000024]]]},"properties":{"OBJECTID":619,"FID":618,"Shape_Leng":6499.9883183000002,"Sothua":1,"So_To":59,"LoaidatHT":"RPH","Khuphomoi":"Khu phố Núi Dinh","Sothuacu":0,"Sotocu":2,"Phuongcu":"phường Long Hương","Nguoisudun":" ","Quyetdinh":" ","ID":"1.59","Shape_Length":0.059050332566129189,"Shape_Area":0.00011967093348173089}},{"type":"Feature","id":620,"geometry":{"type":"Polygon","coordinates":[[[107.18224518500006,10.536120939000057],[107.18226233700005,10.536234075000039],[107.18200187100007,10.536223120000045],[107.18159951200005,10.536161913000058],[107.18155685200009,10.536160567000024],[107.18170340700004,10.535978913000065],[107.18171021000006,10.535984001000031],[107.18173704900005,10.535995984000067],[107.18177606600005,10.535994335000055],[107.18182591900006,10.536012688000028],[107.18204329400004,10.536054577000073],[107.18207704300005,10.536085920000062],[107.18211429900003,10.536097650000045],[107.18213280500004,10.536070469000038],[107.18224518500006,10.536120939000057]]]},"properties":{"OBJECTID":620,"FID":619,"Shape_Leng":181.15566242,"Sothua":423,"So_To":57,"LoaidatHT":"LUC","Khuphomoi":"Khu phố Tân Hưng","Sothuacu":423,"Sotocu":33,"Phuongcu":"Phường Tân Hưng","Nguoisudun":"Nguyễn Văn Hương","Quyetdinh":"Quyết định 3693/QĐ-UBND","ID":"423.57","Shape_Length":0.0016508271278126139,"Shape_Area":1.0561227389016736e-07}},{"type":"Feature","id":621,"geometry":{"type":"Polygon","coordinates":[[[107.18270420200008,10.536425997000038],[107.18256254500005,10.53644644700006],[107.18253747400007,10.536017491000052],[107.18252368700007,10.535612965000041],[107.18274033800009,10.53560187100004],[107.18275486000005,10.535604700000022],[107.18276989000009,10.535628956000039],[107.18276981900004,10.535867823000046],[107.18273577900004,10.536145506000025],[107.18273466400007,10.536205809000023],[107.18272344200005,10.536247197000023],[107.18270420200008,10.536425997000038]]]},"properties":{"OBJECTID":621,"FID":620,"Shape_Leng":225.20981905799999,"Sothua":430,"So_To":57,"LoaidatHT":"LUC","Khuphomoi":"Khu phố Tân Hưng","Sothuacu":430,"Sotocu":33,"Phuongcu":"Phường Tân Hưng","Nguoisudun":"Nguyễn Thị Ninh","Quyetdinh":"Quyết định 3693/QĐ-UBND","ID":"430.57","Shape_Length":0.0020394959339066678,"Shape_Area":1.710583853864574e-07}},{"type":"Feature","id":622,"geometry":{"type":"Polygon","coordinates":[[[107.18256254500005,10.53644644700006],[107.18232307100004,10.536497372000042],[107.18230854600006,10.536495990000049],[107.18226328200006,10.536117446000048],[107.18227194900004,10.536024699000052],[107.18253747400007,10.536017491000052],[107.18256254500005,10.53644644700006]]]},"properties":{"OBJECTID":622,"FID":621,"Shape_Leng":157.52195620699999,"Sothua":410,"So_To":57,"LoaidatHT":"LUC","Khuphomoi":"Khu phố Tân Hưng","Sothuacu":410,"Sotocu":33,"Phuongcu":"Phường Tân Hưng","Nguoisudun":"Tạ Văn Tâm","Quyetdinh":"Quyết định 3693/QĐ-UBND","ID":"410.57","Shape_Length":0.0014291219380595461,"Shape_Area":1.2207470064825235e-07}},{"type":"Feature","id":623,"geometry":{"type":"Polygon","coordinates":[[[107.18228109300009,10.536769525000068],[107.18226616300007,10.536789660000068],[107.18209258700006,10.536777595000046],[107.18189252200006,10.536762228000043],[107.18195209200007,10.536413528000026],[107.18197960700007,10.536356979000061],[107.18200187100007,10.536223120000045],[107.18226233700005,10.536234075000039],[107.18224518500006,10.536120939000057],[107.18226328200006,10.536117446000048],[107.18230854600006,10.536495990000049],[107.18229276900007,10.536529956000038],[107.18229249900008,10.536577874000045],[107.18228109300009,10.536769525000068]]]},"properties":{"OBJECTID":623,"FID":622,"Shape_Leng":220.94600480400001,"Sothua":400,"So_To":57,"LoaidatHT":"LUC","Khuphomoi":"Khu phố Tân Hưng","Sothuacu":400,"Sotocu":33,"Phuongcu":"Phường Tân Hưng","Nguoisudun":"Tạ Văn Tâm","Quyetdinh":"Quyết định 3693/QĐ-UBND","ID":"400.57","Shape_Length":0.0020042096805134102,"Shape_Area":1.9300214461157477e-07}},{"type":"Feature","id":624,"geometry":{"type":"Polygon","coordinates":[[[107.18261711600007,10.53693241600007],[107.18244399100007,10.536973786000033],[107.18241961500007,10.536913799000047],[107.18228628200006,10.536829296000064],[107.18226374900007,10.536810179000042],[107.18209437600007,10.53679902600004],[107.18209258700006,10.536777595000046],[107.18226616300007,10.536789660000068],[107.18228109300009,10.536769525000068],[107.18229249900008,10.536577874000045],[107.18229276900007,10.536529956000038],[107.18230854600006,10.536495990000049],[107.18232307100004,10.536497372000042],[107.18256254500005,10.53644644700006],[107.18270420200008,10.536425997000038],[107.18270703500008,10.536475457000051],[107.18269570000007,10.536628503000031],[107.18264786600008,10.536804901000039],[107.18266055400005,10.536911518000068],[107.18261711600007,10.53693241600007]]]},"properties":{"OBJECTID":624,"FID":623,"Shape_Leng":224.623319716,"Sothua":387,"So_To":57,"LoaidatHT":"LUC","Khuphomoi":"Khu phố Tân Hưng","Sothuacu":387,"Sotocu":33,"Phuongcu":"Phường Tân Hưng","Nguoisudun":"Tạ Văn Tâm","Quyetdinh":"Quyết định 3693/QĐ-UBND","ID":"387.57","Shape_Length":0.0020417148255848384,"Shape_Area":1.8319542029644778e-07}},{"type":"Feature","id":625,"geometry":{"type":"Polygon","coordinates":[[[107.18062261200004,10.537011110000037],[107.18008114000008,10.537028489000022],[107.17991824200004,10.537023042000044],[107.17994453500006,10.536736395000048],[107.18011141600005,10.536711561000061],[107.18059618000007,10.536727351000025],[107.18060758000007,10.536738583000044],[107.18062610800007,10.536998097000037],[107.18062261200004,10.537011110000037]]]},"properties":{"OBJECTID":625,"FID":624,"Shape_Leng":212.62608750499999,"Sothua":373,"So_To":57,"LoaidatHT":"LUC","Khuphomoi":"Khu phố Tân Hưng","Sothuacu":373,"Sotocu":33,"Phuongcu":"Phường Tân Hưng","Nguoisudun":"Trần Thị Vàng","Quyetdinh":"Quyết định 3693/QĐ-UBND","ID":"373.57","Shape_Length":0.0019359826704689689,"Shape_Area":2.0564071027107065e-07}},{"type":"Feature","id":626,"geometry":{"type":"Polygon","coordinates":[[[107.18232265900008,10.537171388000047],[107.18227621200003,10.537189749000049],[107.18218417300005,10.537157126000068],[107.18216591200007,10.537050137000051],[107.18212637600004,10.537036233000038],[107.18206930400004,10.53706876900003],[107.18203860700004,10.537067268000044],[107.18204631600008,10.536899296000058],[107.18209437600007,10.53679902600004],[107.18226374900007,10.536810179000042],[107.18228628200006,10.536829296000064],[107.18241961500007,10.536913799000047],[107.18238805000004,10.536986795000075],[107.18242200100008,10.537057467000068],[107.18235169900004,10.537130123000054],[107.18232265900008,10.537171388000047]]]},"properties":{"OBJECTID":626,"FID":625,"Shape_Leng":147.54740794,"Sothua":364,"So_To":57,"LoaidatHT":"LUC","Khuphomoi":"Khu phố Tân Hưng","Sothuacu":364,"Sotocu":33,"Phuongcu":"Phường Tân Hưng","Nguoisudun":"Tạ Văn Tâm","Quyetdinh":"Quyết định 3693/QĐ-UBND","ID":"364.57","Shape_Length":0.0013404472732551336,"Shape_Area":1.0334770242739019e-07}},{"type":"Feature","id":627,"geometry":{"type":"Polygon","coordinates":[[[107.18220340400006,10.537432102000025],[107.18195312600005,10.537445486000024],[107.18190352600004,10.537438887000064],[107.18184196600004,10.537327209000068],[107.18183127300006,10.537228822000031],[107.18185057600004,10.537215657000047],[107.18188040500007,10.537192294000022],[107.18193480900004,10.537170150000065],[107.18201606400004,10.53710366200005],[107.18203860700004,10.537067268000044],[107.18206930400004,10.53706876900003],[107.18212864600008,10.537144008000041],[107.18216269600003,10.537210339000069],[107.18218575100008,10.537293469000076],[107.18223509700005,10.537288585000056],[107.18228059300009,10.537341739000055],[107.18230822700008,10.537369001000059],[107.18229664800003,10.537405869000054],[107.18220340400006,10.537432102000025]]]},"properties":{"OBJECTID":627,"FID":626,"Shape_Leng":151.37585676200001,"Sothua":344,"So_To":57,"LoaidatHT":"LUC","Khuphomoi":"Khu phố Tân Hưng","Sothuacu":344,"Sotocu":33,"Phuongcu":"Phường Tân Hưng","Nguoisudun":"Nguyễn Thị Ninh","Quyetdinh":"Quyết định 3693/QĐ-UBND","ID":"344.57","Shape_Length":0.001376218082279437,"Shape_Area":1.0981417517833386e-07}},{"type":"Feature","id":628,"geometry":{"type":"Polygon","coordinates":[[[107.18063446700006,10.537146262000022],[107.18037125200004,10.537474875000044],[107.18009417400003,10.537443501000041],[107.18007181200005,10.53743053200003],[107.17986474400004,10.537397249000037],[107.17991824200004,10.537023042000044],[107.18008114000008,10.537028489000022],[107.18062261200004,10.537011110000037],[107.18062417900006,10.537053787000048],[107.18063417200005,10.537134633000051],[107.18063446700006,10.537146262000022]]]},"properties":{"OBJECTID":628,"FID":627,"Shape_Leng":236.73838843600001,"Sothua":342,"So_To":57,"LoaidatHT":"LUC","Khuphomoi":"Khu phố Tân Hưng","Sothuacu":342,"Sotocu":33,"Phuongcu":"Phường Tân Hưng","Nguoisudun":"Nguyễn Văn Lắm","Quyetdinh":"Quyết định 3693/QĐ-UBND","ID":"342.57","Shape_Length":0.0021540092637968044,"Shape_Area":2.7725911484331585e-07}},{"type":"Feature","id":629,"geometry":{"type":"Polygon","coordinates":[[[107.18063834300006,10.537299089000044],[107.18064337400006,10.537496837000049],[107.18048630900006,10.53748753900004],[107.18063834300006,10.537299089000044]]]},"properties":{"OBJECTID":629,"FID":628,"Shape_Leng":65.794809558699995,"Sothua":1020,"So_To":57,"LoaidatHT":"LUC","Khuphomoi":"Khu phố Tân Hưng","Sothuacu":342,"Sotocu":33,"Phuongcu":"Phường Tân Hưng","Nguoisudun":"Nguyễn Văn Lắm","Quyetdinh":"Quyết định 3693/QĐ-UBND","ID":"1020.57","Shape_Length":0.0005972836181169876,"Shape_Area":1.5506255690998932e-08}},{"type":"Feature","id":630,"geometry":{"type":"Polygon","coordinates":[[[107.18222781800006,10.537671827000054],[107.18208445600004,10.537675276000073],[107.18191430100006,10.537641518000044],[107.18190352600004,10.537438887000064],[107.18195312600005,10.537445486000024],[107.18220340400006,10.537432102000025],[107.18221583000008,10.537482573000034],[107.18222781800006,10.537671827000054]]]},"properties":{"OBJECTID":630,"FID":629,"Shape_Leng":116.803575959,"Sothua":326,"So_To":57,"LoaidatHT":"LUC","Khuphomoi":"Khu phố Tân Hưng","Sothuacu":326,"Sotocu":33,"Phuongcu":"Phường Tân Hưng","Nguoisudun":"Nguyễn Văn Hương","Quyetdinh":"Quyết định 3693/QĐ-UBND","ID":"326.57","Shape_Length":0.001062076269526845,"Shape_Area":7.0056629122182445e-08}},{"type":"Feature","id":631,"geometry":{"type":"Polygon","coordinates":[[[107.18037125200004,10.537474875000044],[107.18009998200006,10.537812495000026],[107.18009417400003,10.537443501000041],[107.18037125200004,10.537474875000044]]]},"properties":{"OBJECTID":631,"FID":630,"Shape_Leng":119.09123126,"Sothua":1019,"So_To":57,"LoaidatHT":"LUC","Khuphomoi":"Khu phố Tân Hưng","Sothuacu":314,"Sotocu":33,"Phuongcu":"Phường Tân Hưng","Nguoisudun":"Nguyễn Thị Mạnh","Quyetdinh":"Quyết định 3693/QĐ-UBND","ID":"1019.57","Shape_Length":0.0010809872371980605,"Shape_Area":5.1028949669379731e-08}},{"type":"Feature","id":632,"geometry":{"type":"Polygon","coordinates":[[[107.18010005300005,10.537972870000033],[107.18009413800007,10.537973663000059],[107.18048630900006,10.53748753900004],[107.18064337400006,10.537496837000049],[107.18067425200007,10.537499696000054],[107.18067973500007,10.537548709000021],[107.18071754600004,10.537556642000027],[107.18065288600008,10.537939057000074],[107.18018322100005,10.537959278000073],[107.18010947200008,10.537967915000024],[107.18010005300005,10.537972870000033]]]},"properties":{"OBJECTID":632,"FID":631,"Shape_Leng":203.458889484,"Sothua":314,"So_To":57,"LoaidatHT":"LUC","Khuphomoi":"Khu phố Tân Hưng","Sothuacu":314,"Sotocu":33,"Phuongcu":"Phường Tân Hưng","Nguoisudun":"Nguyễn Thị Mạnh","Quyetdinh":"Quyết định 3693/QĐ-UBND","ID":"314.57","Shape_Length":0.0018497014034640552,"Shape_Area":1.7712505753468469e-07}},{"type":"Feature","id":633,"geometry":{"type":"Polygon","coordinates":[[[107.17996151700004,10.537984315000074],[107.17973646200005,10.537994457000025],[107.17983724200008,10.537397923000071],[107.17986474400004,10.537397249000037],[107.18007181200005,10.53743053200003],[107.18009417400003,10.537443501000041],[107.18009998200006,10.537812495000026],[107.17996151700004,10.537984315000074]]]},"properties":{"OBJECTID":633,"FID":632,"Shape_Leng":185.552131769,"Sothua":313,"So_To":57,"LoaidatHT":"LUC","Khuphomoi":"Khu phố Tân Hưng","Sothuacu":313,"Sotocu":33,"Phuongcu":"Phường Tân Hưng","Nguoisudun":"Lê Thị Thúy","Quyetdinh":"Quyết định 3693/QĐ-UBND","ID":"313.57","Shape_Length":0.0016830655985362415,"Shape_Area":1.6684402276543629e-07}},{"type":"Feature","id":634,"geometry":{"type":"Polygon","coordinates":[[[107.17973646200005,10.537994457000025],[107.17937571100003,10.538012793000064],[107.17942035200008,10.537834673000077],[107.17950402500009,10.537597042000073],[107.17956877700004,10.53741326200003],[107.17958485000008,10.537367542000027],[107.17983724200008,10.537397923000071],[107.17973646200005,10.537994457000025]]]},"properties":{"OBJECTID":634,"FID":633,"Shape_Leng":209.345685102,"Sothua":312,"So_To":57,"LoaidatHT":"LUC","Khuphomoi":"Khu phố Tân Hưng","Sothuacu":312,"Sotocu":33,"Phuongcu":"Phường Tân Hưng","Nguoisudun":"Đào Văn Quang","Quyetdinh":"Quyết định 3693/QĐ-UBND","ID":"312.57","Shape_Length":0.0018992949898088156,"Shape_Area":1.9550328632653192e-07}},{"type":"Feature","id":635,"geometry":{"type":"Polygon","coordinates":[[[107.17934734200009,10.538086789000033],[107.17908280600005,10.538101591000043],[107.17907486200005,10.537801411000032],[107.17942035200008,10.537834673000077],[107.17937571100003,10.538012793000064],[107.17934734200009,10.538086789000033]]]},"properties":{"OBJECTID":635,"FID":634,"Shape_Leng":129.30174524500001,"Sothua":303,"So_To":57,"LoaidatHT":"LUC","Khuphomoi":"Khu phố Tân Hưng","Sothuacu":303,"Sotocu":33,"Phuongcu":"Phường Tân Hưng","Nguoisudun":"Nguyễn Thị Hoa","Quyetdinh":"Quyết định 3693/QĐ-UBND","ID":"303.57","Shape_Length":0.0011751989583669656,"Shape_Area":8.5403924934145671e-08}},{"type":"Feature","id":636,"geometry":{"type":"Polygon","coordinates":[[[107.17897840800003,10.538132053000027],[107.17881845700003,10.538163860000054],[107.17872610500007,10.537508211000045],[107.17865649600009,10.537452121000058],[107.17865661100006,10.53743901100006],[107.17869950000005,10.537418836000029],[107.17876574200005,10.537368687000026],[107.17892642000004,10.537190233000047],[107.17898209800006,10.537170715000059],[107.17901287700005,10.537226826000051],[107.17903376300006,10.537296751000042],[107.17904698600006,10.537458973000071],[107.17906020900006,10.537621195000042],[107.17907486200005,10.537801411000032],[107.17908280600005,10.538101591000043],[107.17897840800003,10.538132053000027]]]},"properties":{"OBJECTID":636,"FID":635,"Shape_Leng":265.92386859999999,"Sothua":324,"So_To":57,"LoaidatHT":"LUC","Khuphomoi":"Khu phố Tân Hưng","Sothuacu":324,"Sotocu":33,"Phuongcu":"Phường Tân Hưng","Nguoisudun":"Trương Thị Sáu","Quyetdinh":"Quyết định 3693/QĐ-UBND","ID":"324.57","Shape_Length":0.0024096657495440406,"Shape_Area":2.6965668567303315e-07}},{"type":"Feature","id":637,"geometry":{"type":"Polygon","coordinates":[[[107.17876102500009,10.538193140000033],[107.17861331500006,10.538225422000039],[107.17852371600009,10.537563719000048],[107.17855512400007,10.537526347000039],[107.17865649600009,10.537452121000058],[107.17872610500007,10.537508211000045],[107.17881845700003,10.538163860000054],[107.17876102500009,10.538193140000033]]]},"properties":{"OBJECTID":637,"FID":636,"Shape_Leng":199.76338950499999,"Sothua":311,"So_To":57,"LoaidatHT":"LUC","Khuphomoi":"Khu phố Tân Hưng","Sothuacu":311,"Sotocu":33,"Phuongcu":"Phường Tân Hưng","Nguoisudun":"Phan Thị Hồng","Quyetdinh":"Quyết định 3693/QĐ-UBND","ID":"311.57","Shape_Length":0.0018093783855679529,"Shape_Area":1.491126796178316e-07}},{"type":"Feature","id":638,"geometry":{"type":"Polygon","coordinates":[[[107.18010235400004,10.538211832000059],[107.18008011500007,10.538231953000036],[107.17988719600004,10.538230178000049],[107.18010005300005,10.537972870000033],[107.18010235400004,10.538211832000059]]]},"properties":{"OBJECTID":638,"FID":637,"Shape_Leng":87.655741949299994,"Sothua":293,"So_To":57,"LoaidatHT":"LUC","Khuphomoi":"Khu phố Tân Hưng","Sothuacu":293,"Sotocu":33,"Phuongcu":"Phường Tân Hưng","Nguoisudun":"Lê Văn Hoàng","Quyetdinh":"Quyết định 3693/QĐ-UBND","ID":"293.57","Shape_Length":0.00079583008448998757,"Shape_Area":2.7688998784023867e-08}},{"type":"Feature","id":639,"geometry":{"type":"Polygon","coordinates":[[[107.17976465200007,10.538229619000049],[107.17936041300004,10.538232555000036],[107.17934734200009,10.538086789000033],[107.17937571100003,10.538012793000064],[107.17973646200005,10.537994457000025],[107.17996151700004,10.537984315000074],[107.17976465200007,10.538229619000049]]]},"properties":{"OBJECTID":639,"FID":638,"Shape_Leng":168.083786731,"Sothua":1018,"So_To":57,"LoaidatHT":"LUC","Khuphomoi":"Khu phố Tân Hưng","Sothuacu":293,"Sotocu":33,"Phuongcu":"Phường Tân Hưng","Nguoisudun":"Lê Văn Hoàng","Quyetdinh":"Quyết định 3693/QĐ-UBND","ID":"1018.57","Shape_Length":0.0015308795968871805,"Shape_Area":1.1622799947628611e-07}},{"type":"Feature","id":640,"geometry":{"type":"Polygon","coordinates":[[[107.18012188100005,10.53822561000004],[107.18010474700009,10.538252070000055],[107.18009031600008,10.538249693000068],[107.18008011500007,10.538231953000036],[107.18010235400004,10.538211832000059],[107.18010005300005,10.537972870000033],[107.18010947200008,10.537967915000024],[107.18018322100005,10.537959278000073],[107.18065288600008,10.537939057000074],[107.18064799000007,10.538018520000037],[107.18061666900007,10.538207514000021],[107.18012188100005,10.53822561000004]]]},"properties":{"OBJECTID":640,"FID":639,"Shape_Leng":182.05696772900001,"Sothua":294,"So_To":57,"LoaidatHT":"LUC","Khuphomoi":"Khu phố Tân Hưng","Sothuacu":294,"Sotocu":33,"Phuongcu":"Phường Tân Hưng","Nguoisudun":"Nguyễn Thanh Quang","Quyetdinh":"Quyết định 3693/QĐ-UBND","ID":"294.57","Shape_Length":0.00165687610320907,"Shape_Area":1.4287329692452466e-07}},{"type":"Feature","id":641,"geometry":{"type":"Polygon","coordinates":[[[107.17861345800009,10.538296666000065],[107.17833377300008,10.538351222000074],[107.17826027000007,10.537632319000068],[107.17826829000006,10.537593547000029],[107.17830972500008,10.537568849000024],[107.17848050800006,10.537559031000058],[107.17852371600009,10.537563719000048],[107.17861331500006,10.538225422000039],[107.17861345800009,10.538296666000065]]]},"properties":{"OBJECTID":641,"FID":640,"Shape_Leng":226.075729575,"Sothua":302,"So_To":57,"LoaidatHT":"LUC","Khuphomoi":"Khu phố Tân Hưng","Sothuacu":302,"Sotocu":33,"Phuongcu":"Phường Tân Hưng","Nguoisudun":"Phan Thị Hồng","Quyetdinh":"Quyết định 3693/QĐ-UBND","ID":"302.57","Shape_Length":0.0020489495744624008,"Shape_Area":2.1328751538325529e-07}},{"type":"Feature","id":642,"geometry":{"type":"Polygon","coordinates":[[[107.17976465200007,10.538229619000049],[107.17942387500005,10.538654244000043],[107.17938826400007,10.538489736000031],[107.17937179500007,10.538303459000076],[107.17936041300004,10.538232555000036],[107.17976465200007,10.538229619000049]]]},"properties":{"OBJECTID":642,"FID":641,"Shape_Leng":151.50342449199999,"Sothua":1017,"So_To":57,"LoaidatHT":"LUC","Khuphomoi":"Khu phố Tân Hưng","Sothuacu":277,"Sotocu":33,"Phuongcu":"Phường Tân Hưng","Nguoisudun":"Dương Thị Thủy","Quyetdinh":"Quyết định 3693/QĐ-UBND","ID":"1017.57","Shape_Length":0.0013758420145375942,"Shape_Area":8.7136868776203528e-08}},{"type":"Feature","id":643,"geometry":{"type":"Polygon","coordinates":[[[107.18048731800008,10.538740979000067],[107.18040339600009,10.538766505000069],[107.18022171800004,10.538737879000053],[107.18013292200004,10.538731029000076],[107.18009651100004,10.538756551000063],[107.18007709000005,10.538733821000051],[107.18009120400006,10.538710793000064],[107.18010165700008,10.538690288000055],[107.18010474700009,10.538252070000055],[107.18012188100005,10.53822561000004],[107.18061666900007,10.538207514000021],[107.18061230900008,10.538293125000052],[107.18061713800006,10.538449275000062],[107.18065360000008,10.53864535200006],[107.18061100600005,10.538704133000067],[107.18058176900007,10.538703628000064],[107.18055585500008,10.538734413000043],[107.18048731800008,10.538740979000067]]]},"properties":{"OBJECTID":643,"FID":642,"Shape_Leng":231.38663025899999,"Sothua":278,"So_To":57,"LoaidatHT":"LUC","Khuphomoi":"Khu phố Tân Hưng","Sothuacu":278,"Sotocu":33,"Phuongcu":"Phường Tân Hưng","Nguoisudun":"Lê Văn Hoàng","Quyetdinh":"Quyết định 3693/QĐ-UBND","ID":"278.57","Shape_Length":0.0021022629910851,"Shape_Area":2.743195769172211e-07}},{"type":"Feature","id":644,"geometry":{"type":"Polygon","coordinates":[[[107.17953765300007,10.538786102000074],[107.17946607500005,10.538805954000054],[107.17943598700003,10.538789478000069],[107.17988719600004,10.538230178000049],[107.18008011500007,10.538231953000036],[107.18009031600008,10.538249693000068],[107.18010474700009,10.538252070000055],[107.18010165700008,10.538690288000055],[107.18009120400006,10.538710793000064],[107.18007709000005,10.538733821000051],[107.17980320700008,10.538763797000058],[107.17962610600006,10.538780837000047],[107.17953765300007,10.538786102000074]]]},"properties":{"OBJECTID":644,"FID":643,"Shape_Leng":229.43345910900001,"Sothua":277,"So_To":57,"LoaidatHT":"LUC","Khuphomoi":"Khu phố Tân Hưng","Sothuacu":277,"Sotocu":33,"Phuongcu":"Phường Tân Hưng","Nguoisudun":"Dương Thị Thủy","Quyetdinh":"Quyết định 3693/QĐ-UBND","ID":"277.57","Shape_Length":0.0020855147585947084,"Shape_Area":2.3042448762410146e-07}},{"type":"Feature","id":645,"geometry":{"type":"Polygon","coordinates":[[[107.17929067800009,10.538821097000039],[107.17913250400005,10.538848750000056],[107.17911095100004,10.538843739000072],[107.17897840800003,10.538132053000027],[107.17908280600005,10.538101591000043],[107.17934734200009,10.538086789000033],[107.17936041300004,10.538232555000036],[107.17937179500007,10.538303459000076],[107.17938826400007,10.538489736000031],[107.17942387500005,10.538654244000043],[107.17929067800009,10.538821097000039]]]},"properties":{"OBJECTID":645,"FID":644,"Shape_Leng":227.97330173,"Sothua":276,"So_To":57,"LoaidatHT":"LUC","Khuphomoi":"Khu phố Tân Hưng","Sothuacu":276,"Sotocu":33,"Phuongcu":"Phường Tân Hưng","Nguoisudun":"Nguyễn Thị Hoa","Quyetdinh":"Quyết định 3693/QĐ-UBND","ID":"276.57","Shape_Length":0.0020673075833698372,"Shape_Area":2.4407413703786069e-07}},{"type":"Feature","id":646,"geometry":{"type":"Polygon","coordinates":[[[107.17888888000004,10.538870010000039],[107.17887059200007,10.538877390000039],[107.17876102500009,10.538193140000033],[107.17881845700003,10.538163860000054],[107.17897840800003,10.538132053000027],[107.17911095100004,10.538843739000072],[107.17888888000004,10.538870010000039]]]},"properties":{"OBJECTID":646,"FID":645,"Shape_Leng":208.30971226899999,"Sothua":275,"So_To":57,"LoaidatHT":"LUC","Khuphomoi":"Khu phố Tân Hưng","Sothuacu":275,"Sotocu":33,"Phuongcu":"Phường Tân Hưng","Nguoisudun":"Phùng Văn Hoàng","Quyetdinh":"Quyết định 3693/QĐ-UBND","ID":"275.57","Shape_Length":0.0018877782937865978,"Shape_Area":1.6632798126008463e-07}},{"type":"Feature","id":647,"geometry":{"type":"Polygon","coordinates":[[[107.17887059200007,10.538877390000039],[107.17872107100004,10.538901442000054],[107.17871505200009,10.538894830000061],[107.17861345800009,10.538296666000065],[107.17861331500006,10.538225422000039],[107.17876102500009,10.538193140000033],[107.17887059200007,10.538877390000039]]]},"properties":{"OBJECTID":647,"FID":646,"Shape_Leng":185.78046805599999,"Sothua":274,"So_To":57,"LoaidatHT":"LUC","Khuphomoi":"Khu phố Tân Hưng","Sothuacu":274,"Sotocu":33,"Phuongcu":"Phường Tân Hưng","Nguoisudun":"Phan Thị Hồng","Quyetdinh":"Quyết định 3693/QĐ-UBND","ID":"274.57","Shape_Length":0.0016825220486535522,"Shape_Area":1.0939372515687905e-07}},{"type":"Feature","id":648,"geometry":{"type":"Polygon","coordinates":[[[107.17929067800009,10.538821097000039],[107.17916189400006,10.53898078800006],[107.17913250400005,10.538848750000056],[107.17929067800009,10.538821097000039]]]},"properties":{"OBJECTID":648,"FID":647,"Shape_Leng":55.151028098099999,"Sothua":1016,"So_To":57,"LoaidatHT":"LUC","Khuphomoi":"Khu phố Tân Hưng","Sothuacu":242,"Sotocu":33,"Phuongcu":"Phường Tân Hưng","Nguoisudun":"Trần Thị Mùi","Quyetdinh":"Quyết định 3693/QĐ-UBND","ID":"1016.57","Shape_Length":0.00050099245453936602,"Shape_Area":1.0848850143977828e-08}},{"type":"Feature","id":649,"geometry":{"type":"Polygon","coordinates":[[[107.17850931500004,10.538932341000077],[107.17840351200005,10.53903106000007],[107.17841000000004,10.538882436000051],[107.17837864200004,10.53864459700003],[107.17833377300008,10.538351222000074],[107.17861345800009,10.538296666000065],[107.17871505200009,10.538894830000061],[107.17850931500004,10.538932341000077]]]},"properties":{"OBJECTID":649,"FID":648,"Shape_Leng":212.97827247000001,"Sothua":265,"So_To":57,"LoaidatHT":"LUC","Khuphomoi":"Khu phố Tân Hưng","Sothuacu":265,"Sotocu":33,"Phuongcu":"Phường Tân Hưng","Nguoisudun":"Nguyễn Thị Hoa","Quyetdinh":"Quyết định 3693/QĐ-UBND","ID":"265.57","Shape_Length":0.001930969835611668,"Shape_Area":1.8077416882113261e-07}},{"type":"Feature","id":650,"geometry":{"type":"Polygon","coordinates":[[[107.17920717400006,10.539184221000028],[107.17910796100006,10.539196079000021],[107.17918778900008,10.539097129000027],[107.17920717400006,10.539184221000028]]]},"properties":{"OBJECTID":650,"FID":649,"Shape_Leng":34.817980809700003,"Sothua":1015,"So_To":57,"LoaidatHT":"LUC","Khuphomoi":"Khu phố Tân Hưng","Sothuacu":241,"Sotocu":33,"Phuongcu":"Phường Tân Hưng","Nguoisudun":"Phùng Văn Hoàng","Quyetdinh":"Quyết định 3693/QĐ-UBND","ID":"1015.57","Shape_Length":0.00031627860556147225,"Shape_Area":4.4352629627726827e-09}},{"type":"Feature","id":651,"geometry":{"type":"Polygon","coordinates":[[[107.17898431500004,10.539201160000061],[107.17876471900007,10.539213259000064],[107.17874740600007,10.539137824000022],[107.17872910900007,10.539001903000042],[107.17872107100004,10.538901442000054],[107.17887059200007,10.538877390000039],[107.17888888000004,10.538870010000039],[107.17911095100004,10.538843739000072],[107.17913250400005,10.538848750000056],[107.17916189400006,10.53898078800006],[107.17898431500004,10.539201160000061]]]},"properties":{"OBJECTID":651,"FID":650,"Shape_Leng":150.76561281799999,"Sothua":241,"So_To":57,"LoaidatHT":"LUC","Khuphomoi":"Khu phố Tân Hưng","Sothuacu":241,"Sotocu":33,"Phuongcu":"Phường Tân Hưng","Nguoisudun":"Phùng Văn Hoàng","Quyetdinh":"Quyết định 3693/QĐ-UBND","ID":"241.57","Shape_Length":0.0013704513163960031,"Shape_Area":1.2203369426653069e-07}},{"type":"Feature","id":652,"geometry":{"type":"Polygon","coordinates":[[[107.17967848900008,10.539212013000054],[107.17955558900007,10.539217578000034],[107.17952581900005,10.539109393000047],[107.17946607500005,10.538805954000054],[107.17953765300007,10.538786102000074],[107.17962610600006,10.538780837000047],[107.17980320700008,10.538763797000058],[107.17981786200005,10.538992293000035],[107.17983858300005,10.539151907000075],[107.17983120500008,10.539189323000073],[107.17967848900008,10.539212013000054]]]},"properties":{"OBJECTID":652,"FID":651,"Shape_Leng":161.66827902700001,"Sothua":243,"So_To":57,"LoaidatHT":"LUC","Khuphomoi":"Khu phố Tân Hưng","Sothuacu":243,"Sotocu":33,"Phuongcu":"Phường Tân Hưng","Nguoisudun":"Trần Thị Mùi","Quyetdinh":"Quyết định 3693/QĐ-UBND","ID":"243.57","Shape_Length":0.0014677528977684313,"Shape_Area":1.3500942116920037e-07}},{"type":"Feature","id":653,"geometry":{"type":"Polygon","coordinates":[[[107.18010711900007,10.539247594000074],[107.17997763600005,10.539256582000064],[107.17997171300004,10.53919789400004],[107.18009651100004,10.538756551000063],[107.18013292200004,10.538731029000076],[107.18022171800004,10.538737879000053],[107.18040339600009,10.538766505000069],[107.18032292600009,10.538901887000065],[107.18024075900007,10.539016381000067],[107.18018538800004,10.539117090000047],[107.18013841600003,10.539220888000045],[107.18010711900007,10.539247594000074]]]},"properties":{"OBJECTID":653,"FID":652,"Shape_Leng":168.933945123,"Sothua":245,"So_To":57,"LoaidatHT":"LUC","Khuphomoi":"Khu phố Tân Hưng","Sothuacu":245,"Sotocu":33,"Phuongcu":"Phường Tân Hưng","Nguoisudun":"Nguyễn Thanh Quang","Quyetdinh":"Quyết định 3693/QĐ-UBND","ID":"245.57","Shape_Length":0.0015332928477148765,"Shape_Area":1.1702309313955353e-07}},{"type":"Feature","id":654,"geometry":{"type":"Polygon","coordinates":[[[107.17997763600005,10.539256582000064],[107.17992961300007,10.539285699000061],[107.17990087200008,10.53926449100004],[107.17986402200006,10.539230610000061],[107.17983120500008,10.539189323000073],[107.17983858300005,10.539151907000075],[107.17981786200005,10.538992293000035],[107.17980320700008,10.538763797000058],[107.18007709000005,10.538733821000051],[107.18009651100004,10.538756551000063],[107.17997171300004,10.53919789400004],[107.17997763600005,10.539256582000064]]]},"properties":{"OBJECTID":654,"FID":653,"Shape_Leng":159.46415354300001,"Sothua":244,"So_To":57,"LoaidatHT":"LUC","Khuphomoi":"Khu phố Tân Hưng","Sothuacu":244,"Sotocu":33,"Phuongcu":"Phường Tân Hưng","Nguoisudun":"Nguyễn Thanh Quang","Quyetdinh":"Quyết định 3693/QĐ-UBND","ID":"244.57","Shape_Length":0.0014457834351852196,"Shape_Area":1.0494529850602219e-07}},{"type":"Feature","id":655,"geometry":{"type":"Polygon","coordinates":[[[107.17951362800005,10.539279705000069],[107.17923519600004,10.539298009000049],[107.17920717400006,10.539184221000028],[107.17918778900008,10.539097129000027],[107.17943598700003,10.538789478000069],[107.17946607500005,10.538805954000054],[107.17952581900005,10.539109393000047],[107.17955558900007,10.539217578000034],[107.17955787200003,10.539267218000077],[107.17951362800005,10.539279705000069]]]},"properties":{"OBJECTID":655,"FID":654,"Shape_Leng":157.84609319399999,"Sothua":242,"So_To":57,"LoaidatHT":"LUC","Khuphomoi":"Khu phố Tân Hưng","Sothuacu":242,"Sotocu":33,"Phuongcu":"Phường Tân Hưng","Nguoisudun":"Trần Thị Mùi","Quyetdinh":"Quyết định 3693/QĐ-UBND","ID":"242.57","Shape_Length":0.0014321697700852881,"Shape_Area":1.1927624758159406e-07}},{"type":"Feature","id":656,"geometry":{"type":"Polygon","coordinates":[[[107.17898431500004,10.539201160000061],[107.17878980200004,10.539444462000063],[107.17876471900007,10.539213259000064],[107.17898431500004,10.539201160000061]]]},"properties":{"OBJECTID":656,"FID":655,"Shape_Leng":84.134251088300005,"Sothua":1014,"So_To":57,"LoaidatHT":"LUC","Khuphomoi":"Khu phố Tân Hưng","Sothuacu":221,"Sotocu":33,"Phuongcu":"Phường Tân Hưng","Nguoisudun":"Nguyễn Văn Trưa","Quyetdinh":"Quyết định 3693/QĐ-UBND","ID":"1014.57","Shape_Length":0.0007639869570879186,"Shape_Area":2.5537366598169956e-08}},{"type":"Feature","id":657,"geometry":{"type":"Polygon","coordinates":[[[107.17969864300005,10.539579934000074],[107.17963102400006,10.539583699000048],[107.17958616800007,10.539332546000026],[107.17955787200003,10.539267218000077],[107.17955558900007,10.539217578000034],[107.17967848900008,10.539212013000054],[107.17983120500008,10.539189323000073],[107.17986402200006,10.539230610000061],[107.17990087200008,10.53926449100004],[107.17992961300007,10.539285699000061],[107.17992966800006,10.539355586000056],[107.17991158300003,10.539451752000048],[107.17991460600007,10.539497144000052],[107.17993507200003,10.539546998000048],[107.17969864300005,10.539579934000074]]]},"properties":{"OBJECTID":657,"FID":656,"Shape_Leng":150.30328665499999,"Sothua":223,"So_To":57,"LoaidatHT":"LUC","Khuphomoi":"Khu phố Tân Hưng","Sothuacu":223,"Sotocu":33,"Phuongcu":"Phường Tân Hưng","Nguoisudun":"Ngô Thị Tám","Quyetdinh":"Quyết định 3693/QĐ-UBND","ID":"223.57","Shape_Length":0.0013655069778512783,"Shape_Area":1.1635091534084364e-07}},{"type":"Feature","id":658,"geometry":{"type":"Polygon","coordinates":[[[107.17963102400006,10.539583699000048],[107.17929344500004,10.539619436000066],[107.17926861300003,10.539608994000048],[107.17925740700008,10.539492162000045],[107.17923519600004,10.539298009000049],[107.17951362800005,10.539279705000069],[107.17955787200003,10.539267218000077],[107.17958616800007,10.539332546000026],[107.17963102400006,10.539583699000048]]]},"properties":{"OBJECTID":658,"FID":657,"Shape_Leng":146.40260938,"Sothua":222,"So_To":57,"LoaidatHT":"LUC","Khuphomoi":"Khu phố Tân Hưng","Sothuacu":222,"Sotocu":33,"Phuongcu":"Phường Tân Hưng","Nguoisudun":"Ngô Thị Tám","Quyetdinh":"Quyết định 3693/QĐ-UBND","ID":"222.57","Shape_Length":0.0013305163234541078,"Shape_Area":1.1171269631036219e-07}},{"type":"Feature","id":659,"geometry":{"type":"Polygon","coordinates":[[[107.17909131300007,10.539633899000023],[107.17886825900007,10.53964796300005],[107.17881152500007,10.539644696000039],[107.17880376300008,10.539573148000045],[107.17910796100006,10.539196079000021],[107.17920717400006,10.539184221000028],[107.17923519600004,10.539298009000049],[107.17925740700008,10.539492162000045],[107.17926861300003,10.539608994000048],[107.17909131300007,10.539633899000023]]]},"properties":{"OBJECTID":659,"FID":658,"Shape_Leng":170.15023487299999,"Sothua":221,"So_To":57,"LoaidatHT":"LUC","Khuphomoi":"Khu phố Tân Hưng","Sothuacu":221,"Sotocu":33,"Phuongcu":"Phường Tân Hưng","Nguoisudun":"Nguyễn Văn Trưa","Quyetdinh":"Quyết định 3693/QĐ-UBND","ID":"221.57","Shape_Length":0.0015457041185854507,"Shape_Area":1.3697444307585565e-07}},{"type":"Feature","id":660,"geometry":{"type":"Polygon","coordinates":[[[107.17878980200004,10.539444462000063],[107.17861936300005,10.53965671900005],[107.17850931500004,10.538932341000077],[107.17871505200009,10.538894830000061],[107.17872107100004,10.538901442000054],[107.17872910900007,10.539001903000042],[107.17874740600007,10.539137824000022],[107.17876471900007,10.539213259000064],[107.17878980200004,10.539444462000063]]]},"properties":{"OBJECTID":660,"FID":659,"Shape_Leng":195.54467293100001,"Sothua":235,"So_To":57,"LoaidatHT":"LUC","Khuphomoi":"Khu phố Tân Hưng","Sothuacu":235,"Sotocu":33,"Phuongcu":"Phường Tân Hưng","Nguoisudun":"Đặng Thị Kim Liên","Quyetdinh":"Quyết định 3693/QĐ-UBND","ID":"235.57","Shape_Length":0.0017708621938093841,"Shape_Area":1.3246851715246973e-07}},{"type":"Feature","id":661,"geometry":{"type":"Polygon","coordinates":[[[107.17877139200004,10.539657009000052],[107.17873351100008,10.539660226000024],[107.17880376300008,10.539573148000045],[107.17881152500007,10.539644696000039],[107.17877139200004,10.539657009000052]]]},"properties":{"OBJECTID":661,"FID":660,"Shape_Leng":29.053505766800001,"Sothua":1013,"So_To":57,"LoaidatHT":"LUC","Khuphomoi":"Khu phố Tân Hưng","Sothuacu":235,"Sotocu":33,"Phuongcu":"Phường Tân Hưng","Nguoisudun":"Đặng Thị Kim Liên","Quyetdinh":"Quyết định 3693/QĐ-UBND","ID":"1013.57","Shape_Length":0.00026384804926554879,"Shape_Area":3.0198052121246181e-09}},{"type":"Feature","id":662,"geometry":{"type":"Polygon","coordinates":[[[107.17861936300005,10.53965671900005],[107.17846911400005,10.539843831000042],[107.17845429900007,10.539831655000057],[107.17843485000009,10.539775112000029],[107.17843603800009,10.539725478000037],[107.17842985700008,10.539658563000046],[107.17837790100003,10.539343657000074],[107.17836947000006,10.53925838300006],[107.17840351200005,10.53903106000007],[107.17850931500004,10.538932341000077],[107.17861936300005,10.53965671900005]]]},"properties":{"OBJECTID":662,"FID":661,"Shape_Leng":215.27009240699999,"Sothua":220,"So_To":57,"LoaidatHT":"LUC","Khuphomoi":"Khu phố Tân Hưng","Sothuacu":220,"Sotocu":33,"Phuongcu":"Phường Tân Hưng","Nguoisudun":"Nguyễn Thị Hoa","Quyetdinh":"Quyết định 3693/QĐ-UBND","ID":"220.57","Shape_Length":0.0019478952553532531,"Shape_Area":1.3732093098277742e-07}},{"type":"Feature","id":663,"geometry":{"type":"Polygon","coordinates":[[[107.17866113600007,10.539940793000028],[107.17862644900003,10.539973097000029],[107.17854117800005,10.539903043000038],[107.17863742700007,10.539779329000055],[107.17864034700006,10.539799217000052],[107.17866113600007,10.539940793000028]]]},"properties":{"OBJECTID":663,"FID":662,"Shape_Leng":52.677096623300002,"Sothua":1012,"So_To":57,"LoaidatHT":"LUC","Khuphomoi":"Khu phố Tân Hưng","Sothuacu":220,"Sotocu":33,"Phuongcu":"Phường Tân Hưng","Nguoisudun":"Nguyễn Thị Hoa","Quyetdinh":"Quyết định 3693/QĐ-UBND","ID":"1012.57","Shape_Length":0.00047769742322677954,"Shape_Area":1.1829195766517328e-08}},{"type":"Feature","id":664,"geometry":{"type":"Polygon","coordinates":[[[107.17928308300009,10.540086393000024],[107.17909974800006,10.540114180000046],[107.17909131300007,10.539633899000023],[107.17926861300003,10.539608994000048],[107.17929344500004,10.539619436000066],[107.17929758300005,10.539803883000047],[107.17928308300009,10.540086393000024]]]},"properties":{"OBJECTID":664,"FID":663,"Shape_Leng":147.72801032199999,"Sothua":194,"So_To":57,"LoaidatHT":"LUC","Khuphomoi":"Khu phố Tân Hưng","Sothuacu":194,"Sotocu":33,"Phuongcu":"Phường Tân Hưng","Nguoisudun":"Đặng Thị Kim Liên","Quyetdinh":"Quyết định 3693/QĐ-UBND","ID":"194.57","Shape_Length":0.0013391379201934139,"Shape_Area":9.4418551316536178e-08}},{"type":"Feature","id":665,"geometry":{"type":"Polygon","coordinates":[[[107.17909974800006,10.540114180000046],[107.17885034800008,10.540145283000072],[107.17881829400005,10.540136365000023],[107.17866113600007,10.539940793000028],[107.17864034700006,10.539799217000052],[107.17863742700007,10.539779329000055],[107.17873351100008,10.539660226000024],[107.17877139200004,10.539657009000052],[107.17881152500007,10.539644696000039],[107.17886825900007,10.53964796300005],[107.17909131300007,10.539633899000023],[107.17909974800006,10.540114180000046]]]},"properties":{"OBJECTID":665,"FID":664,"Shape_Leng":186.333837249,"Sothua":193,"So_To":57,"LoaidatHT":"LUC","Khuphomoi":"Khu phố Tân Hưng","Sothuacu":193,"Sotocu":33,"Phuongcu":"Phường Tân Hưng","Nguoisudun":"Đặng Thị Kim Liên","Quyetdinh":"Quyết định 3693/QĐ-UBND","ID":"193.57","Shape_Length":0.0016923963346425434,"Shape_Area":1.9470275966600061e-07}},{"type":"Feature","id":666,"geometry":{"type":"Polygon","coordinates":[[[107.17957251900003,10.54014604300005],[107.17954680100007,10.540169684000034],[107.17936625100003,10.540123701000027],[107.17933036300008,10.540112968000074],[107.17928339100007,10.540117585000075],[107.17928308300009,10.540086393000024],[107.17929758300005,10.539803883000047],[107.17929344500004,10.539619436000066],[107.17963102400006,10.539583699000048],[107.17969864300005,10.539579934000074],[107.17957251900003,10.54014604300005]]]},"properties":{"OBJECTID":666,"FID":665,"Shape_Leng":197.41919898800001,"Sothua":195,"So_To":57,"LoaidatHT":"LUC","Khuphomoi":"Khu phố Tân Hưng","Sothuacu":195,"Sotocu":33,"Phuongcu":"Phường Tân Hưng","Nguoisudun":"Nguyễn Văn Trưa","Quyetdinh":"Quyết định 3693/QĐ-UBND","ID":"195.57","Shape_Length":0.0017916498436122464,"Shape_Area":1.8533973584928313e-07}},{"type":"Feature","id":667,"geometry":{"type":"Polygon","coordinates":[[[107.17982140700008,10.540194410000026],[107.17963274800007,10.540284933000066],[107.17957053000003,10.540184284000077],[107.17957251900003,10.54014604300005],[107.17969864300005,10.539579934000074],[107.17993507200003,10.539546998000048],[107.17994113400005,10.539579014000026],[107.17994250100008,10.539680820000058],[107.17992299900004,10.539752752000027],[107.17989364400006,10.539766623000048],[107.17989390400004,10.539773947000072],[107.17989122800009,10.53978876900004],[107.17990791900007,10.53980462100003],[107.17989974300008,10.539828746000069],[107.17988103000005,10.539868403000071],[107.17981325500006,10.539957427000047],[107.17981023900006,10.540007599000035],[107.17984346700007,10.540073027000062],[107.17986392800009,10.540126044000033],[107.17982140700008,10.540194410000026]]]},"properties":{"OBJECTID":667,"FID":666,"Shape_Leng":211.025978987,"Sothua":196,"So_To":57,"LoaidatHT":"LUC","Khuphomoi":"Khu phố Tân Hưng","Sothuacu":196,"Sotocu":33,"Phuongcu":"Phường Tân Hưng","Nguoisudun":"Ngô Thị Tám","Quyetdinh":"Quyết định 3693/QĐ-UBND","ID":"196.57","Shape_Length":0.0019135718800970226,"Shape_Area":1.6656918266657624e-07}},{"type":"Feature","id":668,"geometry":{"type":"Polygon","coordinates":[[[107.17876254900006,10.540984866000031],[107.17851309200006,10.541195164000044],[107.17844282100003,10.541101100000049],[107.17838564600004,10.541039788000035],[107.17859700100007,10.540780780000034],[107.17863165900008,10.540764839000076],[107.17864914000006,10.540748506000057],[107.17869560500009,10.54072119600005],[107.17872740400009,10.540819169000031],[107.17876141200009,10.540908014000024],[107.17880239300007,10.540931323000052],[107.17876254900006,10.540984866000031]]]},"properties":{"OBJECTID":668,"FID":667,"Shape_Leng":142.05125830700001,"Sothua":123,"So_To":57,"LoaidatHT":"LUC","Khuphomoi":"Khu phố Tân Hưng","Sothuacu":123,"Sotocu":33,"Phuongcu":"Phường Tân Hưng","Nguoisudun":"Nguyễn Thị Minh","Quyetdinh":"Quyết định 3693/QĐ-UBND","ID":"123.57","Shape_Length":0.0012898120547534414,"Shape_Area":9.3870870586752877e-08}},{"type":"Feature","id":669,"geometry":{"type":"Polygon","coordinates":[[[107.17899612700006,10.541260047000037],[107.17868971200005,10.541439865000029],[107.17865352600006,10.541392967000036],[107.17851309200006,10.541195164000044],[107.17876254900006,10.540984866000031],[107.17880239300007,10.540931323000052],[107.17908339300004,10.541205596000054],[107.17899612700006,10.541260047000037]]]},"properties":{"OBJECTID":669,"FID":668,"Shape_Leng":170.02640152800001,"Sothua":108,"So_To":57,"LoaidatHT":"LUC","Khuphomoi":"Khu phố Tân Hưng","Sothuacu":108,"Sotocu":33,"Phuongcu":"Phường Tân Hưng","Nguoisudun":"Nguyễn Thị Minh","Quyetdinh":"Quyết định 3693/QĐ-UBND","ID":"108.57","Shape_Length":0.0015456429329883973,"Shape_Area":1.4389208394205944e-07}},{"type":"Feature","id":670,"geometry":{"type":"Polygon","coordinates":[[[107.17702010200009,10.541608809000024],[107.17691973100005,10.541634756000064],[107.17676637800008,10.541259542000034],[107.17711650700005,10.541157921000035],[107.17720094000003,10.541423746000021],[107.17706632400007,10.541590376000045],[107.17702010200009,10.541608809000024]]]},"properties":{"OBJECTID":670,"FID":669,"Shape_Leng":155.98017856999999,"Sothua":97,"So_To":57,"LoaidatHT":"LUC","Khuphomoi":"Khu phố Tân Hưng","Sothuacu":97,"Sotocu":33,"Phuongcu":"Phường Tân Hưng","Nguoisudun":"Đinh Văn Ánh","Quyetdinh":"Quyết định 3693/QĐ-UBND","ID":"97.57","Shape_Length":0.0014164776878628793,"Shape_Area":1.2931456374043832e-07}},{"type":"Feature","id":671,"geometry":{"type":"Polygon","coordinates":[[[107.17661744900005,10.541703283000061],[107.17653831800004,10.541706937000072],[107.17640539100006,10.54140291300007],[107.17662340200008,10.54130105400003],[107.17676637800008,10.541259542000034],[107.17691973100005,10.541634756000064],[107.17661744900005,10.541703283000061]]]},"properties":{"OBJECTID":671,"FID":670,"Shape_Leng":166.77029656299999,"Sothua":84,"So_To":57,"LoaidatHT":"LUC","Khuphomoi":"Khu phố Tân Hưng","Sothuacu":84,"Sotocu":33,"Phuongcu":"Phường Tân Hưng","Nguoisudun":"Phạm Thành Nhân","Quyetdinh":"Quyết định 3693/QĐ-UBND","ID":"84.57","Shape_Length":0.0015158366958600493,"Shape_Area":1.464093251348475e-07}},{"type":"Feature","id":672,"geometry":{"type":"Polygon","coordinates":[[[107.17924357100009,10.541696819000038],[107.17917320100008,10.54175473600003],[107.17899612700006,10.541260047000037],[107.17908339300004,10.541205596000054],[107.17914084900008,10.541163477000055],[107.17918975800006,10.541198827000073],[107.17922154900003,10.541251322000051],[107.17923863400006,10.54135089600004],[107.17922990700004,10.541426013000034],[107.17919426900005,10.54147802500006],[107.17923771100004,10.541603956000074],[107.17924654300003,10.541670334000059],[107.17924357100009,10.541696819000038]]]},"properties":{"OBJECTID":672,"FID":671,"Shape_Leng":152.188120153,"Sothua":98,"So_To":57,"LoaidatHT":"LUC","Khuphomoi":"Khu phố Tân Hưng","Sothuacu":98,"Sotocu":33,"Phuongcu":"Phường Tân Hưng","Nguoisudun":"Nguyễn Thị Minh","Quyetdinh":"Quyết định 3693/QĐ-UBND","ID":"98.57","Shape_Length":0.0013789124701826902,"Shape_Area":8.1240632063816569e-08}},{"type":"Feature","id":673,"geometry":{"type":"Polygon","coordinates":[[[107.17758370700005,10.541633336000075],[107.17727611900006,10.541754835000063],[107.17726016800003,10.54173464400003],[107.17720186900004,10.541588405000027],[107.17734117700007,10.54141510900007],[107.17744684500008,10.541382197000075],[107.17748021300008,10.541371769000023],[107.17758904500005,10.541612731000043],[107.17758370700005,10.541633336000075]]]},"properties":{"OBJECTID":673,"FID":672,"Shape_Leng":128.50737664600001,"Sothua":85,"So_To":57,"LoaidatHT":"LUC","Khuphomoi":"Khu phố Tân Hưng","Sothuacu":85,"Sotocu":33,"Phuongcu":"Phường Tân Hưng","Nguoisudun":"Phan Thanh Nhựt","Quyetdinh":"Quyết định 3693/QĐ-UBND","ID":"85.57","Shape_Length":0.0011675439324524304,"Shape_Area":8.9088330090469143e-08}},{"type":"Feature","id":674,"geometry":{"type":"Polygon","coordinates":[[[107.17906184000009,10.541795672000035],[107.17901679000005,10.541798123000035],[107.17890126100008,10.541769977000058],[107.17886211500007,10.54169287600007],[107.17868971200005,10.541439865000029],[107.17899612700006,10.541260047000037],[107.17917320100008,10.54175473600003],[107.17914684700008,10.541776388000073],[107.17906184000009,10.541795672000035]]]},"properties":{"OBJECTID":674,"FID":673,"Shape_Leng":171.646981326,"Sothua":87,"So_To":57,"LoaidatHT":"LUC","Khuphomoi":"Khu phố Tân Hưng","Sothuacu":87,"Sotocu":33,"Phuongcu":"Phường Tân Hưng","Nguoisudun":"Nguyễn Thị Minh","Quyetdinh":"Quyết định 3693/QĐ-UBND","ID":"87.57","Shape_Length":0.0015586415538342917,"Shape_Area":1.4267320286661845e-07}},{"type":"Feature","id":675,"geometry":{"type":"Polygon","coordinates":[[[107.17726016800003,10.54173464400003],[107.17703585600009,10.541794886000048],[107.17720186900004,10.541588405000027],[107.17726016800003,10.54173464400003]]]},"properties":{"OBJECTID":675,"FID":674,"Shape_Leng":72.035817541,"Sothua":1004,"So_To":57,"LoaidatHT":"LUC","Khuphomoi":"Khu phố Tân Hưng","Sothuacu":74,"Sotocu":33,"Phuongcu":"Phường Tân Hưng","Nguoisudun":"Đinh Văn Ánh","Quyetdinh":"Quyết định 3693/QĐ-UBND","ID":"1004.57","Shape_Length":0.00065463474346887606,"Shape_Area":1.8157605459356326e-08}},{"type":"Feature","id":676,"geometry":{"type":"Polygon","coordinates":[[[107.17737895200008,10.541879969000036],[107.17733342600008,10.541893449000042],[107.17727611900006,10.541754835000063],[107.17758370700005,10.541633336000075],[107.17760178600008,10.541639517000021],[107.17764449400005,10.541767435000054],[107.17737895200008,10.541879969000036]]]},"properties":{"OBJECTID":676,"FID":675,"Shape_Leng":106.661495022,"Sothua":75,"So_To":57,"LoaidatHT":"LUC","Khuphomoi":"Khu phố Tân Hưng","Sothuacu":75,"Sotocu":33,"Phuongcu":"Phường Tân Hưng","Nguoisudun":"Nguyễn Xuân Trường","Quyetdinh":"Quyết định 3693/QĐ-UBND","ID":"75.57","Shape_Length":0.00097055666407078623,"Shape_Area":5.1282517531141305e-08}},{"type":"Feature","id":677,"geometry":{"type":"Polygon","coordinates":[[[107.17686440000006,10.541840929000045],[107.17659001300007,10.541914615000053],[107.17654620000008,10.54179220900005],[107.17654238500006,10.541780448000054],[107.17653831800004,10.541706937000072],[107.17661744900005,10.541703283000061],[107.17691973100005,10.541634756000064],[107.17702010200009,10.541608809000024],[107.17706632400007,10.541590376000045],[107.17686440000006,10.541840929000045]]]},"properties":{"OBJECTID":677,"FID":676,"Shape_Leng":149.907426681,"Sothua":1035,"So_To":57,"LoaidatHT":"LUC","Khuphomoi":"Khu phố Tân Hưng","Sothuacu":74,"Sotocu":33,"Phuongcu":"Phường Tân Hưng","Nguoisudun":"Đinh Văn Ánh","Quyetdinh":"Quyết định 3693/QĐ-UBND","ID":"1035.57","Shape_Length":0.0013644993762104212,"Shape_Area":8.0619713998237362e-08}},{"type":"Feature","id":678,"geometry":{"type":"Polygon","coordinates":[[[107.17618474400007,10.54189245300006],[107.17605932900005,10.541923417000021],[107.17595638600005,10.541611944000067],[107.17613751800008,10.541536817000065],[107.17614218500006,10.541534882000064],[107.17620619600007,10.541508333000024],[107.17640539100006,10.54140291300007],[107.17653831800004,10.541706937000072],[107.17654238500006,10.541780448000054],[107.17618474400007,10.54189245300006]]]},"properties":{"OBJECTID":678,"FID":677,"Shape_Leng":190.66847267099999,"Sothua":73,"So_To":57,"LoaidatHT":"LUC","Khuphomoi":"Khu phố Tân Hưng","Sothuacu":73,"Sotocu":33,"Phuongcu":"Phường Tân Hưng","Nguoisudun":"Phạm Thành Nhân","Quyetdinh":"Quyết định 3693/QĐ-UBND","ID":"73.57","Shape_Length":0.0017332464544433058,"Shape_Area":1.8456994261860528e-07}},{"type":"Feature","id":679,"geometry":{"type":"Polygon","coordinates":[[[107.17852852300007,10.541893982000033],[107.17840975100006,10.541940148000037],[107.17817880200005,10.541378909000059],[107.17816084900005,10.541353381000022],[107.17816680000004,10.541347153000061],[107.17818617500006,10.541295111000068],[107.17821090700005,10.541260709000028],[107.17838564600004,10.541039788000035],[107.17844282100003,10.541101100000049],[107.17851309200006,10.541195164000044],[107.17865352600006,10.541392967000036],[107.17868971200005,10.541439865000029],[107.17886211500007,10.54169287600007],[107.17890126100008,10.541769977000058],[107.17883169100008,10.541791098000033],[107.17860427600004,10.541839871000036],[107.17854996800008,10.541859031000058],[107.17852852300007,10.541893982000033]]]},"properties":{"OBJECTID":679,"FID":678,"Shape_Leng":270.29849152100002,"Sothua":86,"So_To":57,"LoaidatHT":"LUC","Khuphomoi":"Khu phố Tân Hưng","Sothuacu":86,"Sotocu":33,"Phuongcu":"Phường Tân Hưng","Nguoisudun":"Phan Thanh Nhựt","Quyetdinh":"Quyết định 3693/QĐ-UBND","ID":"86.57","Shape_Length":0.0024533153958454898,"Shape_Area":3.3398400862730764e-07}},{"type":"Feature","id":680,"geometry":{"type":"Polygon","coordinates":[[[107.17705186000006,10.541975394000076],[107.17684150800005,10.54203667400003],[107.17703585600009,10.541794886000048],[107.17726016800003,10.54173464400003],[107.17727611900006,10.541754835000063],[107.17733342600008,10.541893449000042],[107.17705186000006,10.541975394000076]]]},"properties":{"OBJECTID":680,"FID":679,"Shape_Leng":135.17783963599999,"Sothua":65,"So_To":57,"LoaidatHT":"LUC","Khuphomoi":"Khu phố Tân Hưng","Sothuacu":65,"Sotocu":33,"Phuongcu":"Phường Tân Hưng","Nguoisudun":"Nguyễn Xuân Trường","Quyetdinh":"Quyết định 3693/QĐ-UBND","ID":"65.57","Shape_Length":0.0012305433044364194,"Shape_Area":6.6088164564663359e-08}},{"type":"Feature","id":681,"geometry":{"type":"Polygon","coordinates":[[[107.17666466700007,10.542089470000064],[107.17664669300007,10.542095269000072],[107.17659001300007,10.541914615000053],[107.17686440000006,10.541840929000045],[107.17666466700007,10.542089470000064]]]},"properties":{"OBJECTID":681,"FID":680,"Shape_Leng":89.262261362299995,"Sothua":1003,"So_To":57,"LoaidatHT":"LUC","Khuphomoi":"Khu phố Tân Hưng","Sothuacu":65,"Sotocu":33,"Phuongcu":"Phường Tân Hưng","Nguoisudun":"Nguyễn Xuân Trường","Quyetdinh":"Quyết định 3693/QĐ-UBND","ID":"1003.57","Shape_Length":0.00081118307458605808,"Shape_Area":2.8527327924180135e-08}},{"type":"Feature","id":682,"geometry":{"type":"Polygon","coordinates":[[[107.17550407700008,10.542123937000042],[107.17547874800005,10.542134920000024],[107.17547610700007,10.542130305000057],[107.17537706900004,10.541782132000037],[107.17546483900009,10.54175209400006],[107.17573049800006,10.541675004000069],[107.17587757000007,10.541642722000063],[107.17592347400006,10.541622282000048],[107.17595638600005,10.541611944000067],[107.17605932900005,10.541923417000021],[107.17606350900007,10.541936083000053],[107.17595617200004,10.54197440300004],[107.17550407700008,10.542123937000042]]]},"properties":{"OBJECTID":682,"FID":681,"Shape_Leng":212.31597536500001,"Sothua":85,"So_To":56,"LoaidatHT":"LUC","Khuphomoi":"Khu phố Tân Hưng","Sothuacu":85,"Sotocu":32,"Phuongcu":"Phường Tân Hưng","Nguoisudun":"Hồ Lý Minh","Quyetdinh":"Quyết định 3693/QĐ-UBND","ID":"85.56","Shape_Length":0.0019311521813159766,"Shape_Area":2.1710891640995722e-07}},{"type":"Feature","id":683,"geometry":{"type":"Polygon","coordinates":[[[107.17807492700007,10.542065938000064],[107.17782085400006,10.542153088000077],[107.17780022000005,10.542095277000044],[107.17764449400005,10.541767435000054],[107.17760178600008,10.541639517000021],[107.17758370700005,10.541633336000075],[107.17758904500005,10.541612731000043],[107.17762570000008,10.541603485000053],[107.17769648300003,10.541569077000077],[107.17787507000008,10.541490922000037],[107.17816084900005,10.541353381000022],[107.17817880200005,10.541378909000059],[107.17840975100006,10.541940148000037],[107.17816698500008,10.542039162000037],[107.17807492700007,10.542065938000064]]]},"properties":{"OBJECTID":683,"FID":682,"Shape_Leng":274.35322398099999,"Sothua":76,"So_To":57,"LoaidatHT":"LUC","Khuphomoi":"Khu phố Tân Hưng","Sothuacu":76,"Sotocu":33,"Phuongcu":"Phường Tân Hưng","Nguoisudun":"Trần Bình","Quyetdinh":"Quyết định 3693/QĐ-UBND","ID":"76.57","Shape_Length":0.0024929486045206445,"Shape_Area":3.8753168140509662e-07}},{"type":"Feature","id":684,"geometry":{"type":"Polygon","coordinates":[[[107.17757071500006,10.542236537000065],[107.17755636400005,10.542239766000023],[107.17737895200008,10.541879969000036],[107.17764449400005,10.541767435000054],[107.17780022000005,10.542095277000044],[107.17782085400006,10.542153088000077],[107.17762622300006,10.542210960000034],[107.17757071500006,10.542236537000065]]]},"properties":{"OBJECTID":684,"FID":683,"Shape_Leng":153.35357126599999,"Sothua":66,"So_To":57,"LoaidatHT":"LUC","Khuphomoi":"Khu phố Tân Hưng","Sothuacu":66,"Sotocu":33,"Phuongcu":"Phường Tân Hưng","Nguoisudun":"Nguyễn Xuân Trường","Quyetdinh":"Quyết định 3693/QĐ-UBND","ID":"66.57","Shape_Length":0.0013927730836475428,"Shape_Area":1.1682806731490207e-07}},{"type":"Feature","id":685,"geometry":{"type":"Polygon","coordinates":[[[107.17614217200008,10.542235125000047],[107.17608264700004,10.542258614000048],[107.17595617200004,10.54197440300004],[107.17606350900007,10.541936083000053],[107.17619066300006,10.54190322200003],[107.17654620000008,10.54179220900005],[107.17659001300007,10.541914615000053],[107.17664669300007,10.542095269000072],[107.17643413400003,10.542164319000051],[107.17614217200008,10.542235125000047]]]},"properties":{"OBJECTID":685,"FID":684,"Shape_Leng":201.78016899299999,"Sothua":55,"So_To":57,"LoaidatHT":"LUC","Khuphomoi":"Khu phố Tân Hưng","Sothuacu":55,"Sotocu":33,"Phuongcu":"Phường Tân Hưng","Nguoisudun":"Lê Trọng Thưởng","Quyetdinh":"Quyết định 3693/QĐ-UBND","ID":"55.57","Shape_Length":0.0018361088797703375,"Shape_Area":1.9063614683063181e-07}},{"type":"Feature","id":686,"geometry":{"type":"Polygon","coordinates":[[[107.17547610700007,10.542130305000057],[107.17508700500008,10.542258254000046],[107.17504630100007,10.542134949000058],[107.17503138100005,10.542100385000026],[107.17498726300005,10.54194588200005],[107.17504087000003,10.541910719000043],[107.17537706900004,10.541782132000037],[107.17547610700007,10.542130305000057]]]},"properties":{"OBJECTID":686,"FID":685,"Shape_Leng":167.692107548,"Sothua":73,"So_To":56,"LoaidatHT":"LUC","Khuphomoi":"Khu phố Tân Hưng","Sothuacu":73,"Sotocu":32,"Phuongcu":"Phường Tân Hưng","Nguoisudun":"Hồ Lý Minh","Quyetdinh":"Quyết định 3693/QĐ-UBND","ID":"73.56","Shape_Length":0.0015238195733503638,"Shape_Area":1.4618442548309999e-07}},{"type":"Feature","id":687,"geometry":{"type":"Polygon","coordinates":[[[107.17666466700007,10.542089470000064],[107.17648171000008,10.542317129000025],[107.17647227200007,10.542291959000067],[107.17643413400003,10.542164319000051],[107.17664669300007,10.542095269000072],[107.17666466700007,10.542089470000064]]]},"properties":{"OBJECTID":687,"FID":686,"Shape_Leng":76.444633641699994,"Sothua":1002,"So_To":57,"LoaidatHT":"LUC","Khuphomoi":"Khu phố Tân Hưng","Sothuacu":40,"Sotocu":33,"Phuongcu":"Phường Tân Hưng","Nguoisudun":"Nguyễn Xuân Trường","Quyetdinh":"Quyết định 3693/QĐ-UBND","ID":"1002.57","Shape_Length":0.00069454163946240763,"Shape_Area":1.9520985837393727e-08}},{"type":"Feature","id":688,"geometry":{"type":"Polygon","coordinates":[[[107.17721918500007,10.542354701000022],[107.17716533200007,10.542374675000076],[107.17705186000006,10.541975394000076],[107.17733342600008,10.541893449000042],[107.17737895200008,10.541879969000036],[107.17755636400005,10.542239766000023],[107.17752665700004,10.542246583000065],[107.17739634600008,10.542306290000056],[107.17721918500007,10.542354701000022]]]},"properties":{"OBJECTID":688,"FID":687,"Shape_Leng":173.00443584199999,"Sothua":56,"So_To":57,"LoaidatHT":"LUC","Khuphomoi":"Khu phố Tân Hưng","Sothuacu":56,"Sotocu":33,"Phuongcu":"Phường Tân Hưng","Nguoisudun":"Nguyễn Xuân Trường","Quyetdinh":"Quyết định 3693/QĐ-UBND","ID":"56.57","Shape_Length":0.0015718906682278054,"Shape_Area":1.5429982163728497e-07}},{"type":"Feature","id":689,"geometry":{"type":"Polygon","coordinates":[[[107.17582912600005,10.542392415000052],[107.17557226400004,10.542455328000074],[107.17551087500004,10.542252242000075],[107.17547874800005,10.542134920000024],[107.17550407700008,10.542123937000042],[107.17595617200004,10.54197440300004],[107.17608264700004,10.542258614000048],[107.17608195000008,10.542289353000058],[107.17584956000007,10.542360447000021],[107.17582912600005,10.542392415000052]]]},"properties":{"OBJECTID":689,"FID":688,"Shape_Leng":189.671449671,"Sothua":63,"So_To":56,"LoaidatHT":"LUC","Khuphomoi":"Khu phố Tân Hưng","Sothuacu":63,"Sotocu":32,"Phuongcu":"Phường Tân Hưng","Nguoisudun":"Hồ Lý Minh","Quyetdinh":"Quyết định 3693/QĐ-UBND","ID":"63.56","Shape_Length":0.0017248388788829896,"Shape_Area":1.7995741578263663e-07}},{"type":"Feature","id":690,"geometry":{"type":"Polygon","coordinates":[[[107.17713103000006,10.542395588000034],[107.17694387400007,10.54246269600003],[107.17680702900009,10.542301336000037],[107.17674315100004,10.542158912000048],[107.17684150800005,10.54203667400003],[107.17705186000006,10.541975394000076],[107.17716533200007,10.542374675000076],[107.17713103000006,10.542395588000034]]]},"properties":{"OBJECTID":690,"FID":689,"Shape_Leng":153.94233386900001,"Sothua":49,"So_To":57,"LoaidatHT":"LUC","Khuphomoi":"Khu phố Tân Hưng","Sothuacu":49,"Sotocu":33,"Phuongcu":"Phường Tân Hưng","Nguoisudun":"Nguyễn Xuân Trường","Quyetdinh":"Quyết định 3693/QĐ-UBND","ID":"49.57","Shape_Length":0.0013977488016580653,"Shape_Area":1.2975471639680591e-07}},{"type":"Feature","id":691,"geometry":{"type":"Polygon","coordinates":[[[107.17737805200005,10.542515198000046],[107.17730424400008,10.542555388000039],[107.17721918500007,10.542354701000022],[107.17739634600008,10.542306290000056],[107.17752665700004,10.542246583000065],[107.17755636400005,10.542239766000023],[107.17757071500006,10.542236537000065],[107.17764418400009,10.542380514000058],[107.17737805200005,10.542515198000046]]]},"properties":{"OBJECTID":691,"FID":690,"Shape_Leng":124.67086227,"Sothua":42,"So_To":57,"LoaidatHT":"LUC","Khuphomoi":"Khu phố Tân Hưng","Sothuacu":42,"Sotocu":33,"Phuongcu":"Phường Tân Hưng","Nguoisudun":"Dương Thị Hội","Quyetdinh":"Quyết định 3693/QĐ-UBND","ID":"42.57","Shape_Length":0.0011341034036675595,"Shape_Area":6.9520961824801597e-08}},{"type":"Feature","id":692,"geometry":{"type":"Polygon","coordinates":[[[107.17607369900009,10.542600624000045],[107.17587893400008,10.542631915000072],[107.17585428400008,10.542522744000053],[107.17582912600005,10.542392415000052],[107.17584956000007,10.542360447000021],[107.17608195000008,10.542289353000058],[107.17610415100006,10.542340023000065],[107.17612947000003,10.542432921000056],[107.17614877100004,10.542470387000037],[107.17615829200008,10.54250937200004],[107.17617287600007,10.542528746000073],[107.17617225100008,10.542569882000066],[107.17607369900009,10.542600624000045]]]},"properties":{"OBJECTID":692,"FID":691,"Shape_Leng":123.863632426,"Sothua":52,"So_To":56,"LoaidatHT":"LUC","Khuphomoi":"Khu phố Tân Hưng","Sothuacu":52,"Sotocu":32,"Phuongcu":"Phường Tân Hưng","Nguoisudun":"Hồ Lý Minh","Quyetdinh":"Quyết định 3693/QĐ-UBND","ID":"52.56","Shape_Length":0.001125387953884221,"Shape_Area":8.2873413371182986e-08}},{"type":"Feature","id":693,"geometry":{"type":"Polygon","coordinates":[[[107.17510393300006,10.542540549000023],[107.17475555200008,10.542635208000036],[107.17473140100009,10.542552800000067],[107.17472114500003,10.542466529000023],[107.17471934800005,10.542351613000051],[107.17473935700008,10.542253644000027],[107.17477077200004,10.542212745000029],[107.17479386000008,10.542178883000076],[107.17503138100005,10.542100385000026],[107.17504630100007,10.542134949000058],[107.17508700500008,10.542258254000046],[107.17512877400009,10.54239891900005],[107.17514837700008,10.542470560000027],[107.17516241100009,10.542539117000047],[107.17510393300006,10.542540549000023]]]},"properties":{"OBJECTID":693,"FID":692,"Shape_Leng":177.14475854700001,"Sothua":50,"So_To":56,"LoaidatHT":"LUC","Khuphomoi":"Khu phố Tân Hưng","Sothuacu":50,"Sotocu":32,"Phuongcu":"Phường Tân Hưng","Nguoisudun":"Dương Văn Lâu","Quyetdinh":"Quyết định 3693/QĐ-UBND","ID":"50.56","Shape_Length":0.0016083785042777837,"Shape_Area":1.6652411382433522e-07}},{"type":"Feature","id":694,"geometry":{"type":"Polygon","coordinates":[[[107.17648171000008,10.542317129000025],[107.17619289500004,10.542676416000063],[107.17617225100008,10.542569882000066],[107.17617287600007,10.542528746000073],[107.17619199400008,10.542516937000073],[107.17620701500005,10.542496983000035],[107.17618267900008,10.542464572000029],[107.17614877100004,10.542470387000037],[107.17612947000003,10.542432921000056],[107.17610415100006,10.542340023000065],[107.17608195000008,10.542289353000058],[107.17608264700004,10.542258614000048],[107.17614217200008,10.542235125000047],[107.17643413400003,10.542164319000051],[107.17647227200007,10.542291959000067],[107.17648171000008,10.542317129000025]]]},"properties":{"OBJECTID":694,"FID":693,"Shape_Leng":163.24263295599999,"Sothua":1001,"So_To":57,"LoaidatHT":"LUC","Khuphomoi":"Khu phố Tân Hưng","Sothuacu":33,"Sotocu":33,"Phuongcu":"Phường Tân Hưng","Nguoisudun":"Dương Thị Hội","Quyetdinh":"Quyết định 3693/QĐ-UBND","ID":"1001.57","Shape_Length":0.0014820287242828991,"Shape_Area":1.0665376966409243e-07}},{"type":"Feature","id":695,"geometry":{"type":"Polygon","coordinates":[[[107.17679741600006,10.542607541000052],[107.17662038000009,10.54268696400004],[107.17652442400004,10.54243105200004],[107.17674315100004,10.542158912000048],[107.17680702900009,10.542301336000037],[107.17694387400007,10.54246269600003],[107.17696442200008,10.542517614000076],[107.17679741600006,10.542607541000052]]]},"properties":{"OBJECTID":695,"FID":694,"Shape_Leng":157.80034878699999,"Sothua":40,"So_To":57,"LoaidatHT":"LUC","Khuphomoi":"Khu phố Tân Hưng","Sothuacu":40,"Sotocu":33,"Phuongcu":"Phường Tân Hưng","Nguoisudun":"Nguyễn Xuân Trường","Quyetdinh":"Quyết định 3693/QĐ-UBND","ID":"40.57","Shape_Length":0.0014324715114040114,"Shape_Area":1.2061190997415452e-07}},{"type":"Feature","id":696,"geometry":{"type":"Polygon","coordinates":[[[107.17714409600006,10.542642526000066],[107.17705072100006,10.542690003000075],[107.17696442200008,10.542517614000076],[107.17694387400007,10.54246269600003],[107.17713103000006,10.542395588000034],[107.17716533200007,10.542374675000076],[107.17721918500007,10.542354701000022],[107.17730424400008,10.542555388000039],[107.17714409600006,10.542642526000066]]]},"properties":{"OBJECTID":696,"FID":695,"Shape_Leng":115.850478094,"Sothua":41,"So_To":57,"LoaidatHT":"LUC","Khuphomoi":"Khu phố Tân Hưng","Sothuacu":41,"Sotocu":33,"Phuongcu":"Phường Tân Hưng","Nguoisudun":"Dương Thị Hội","Quyetdinh":"Quyết định 3693/QĐ-UBND","ID":"41.57","Shape_Length":0.0010528956439321269,"Shape_Area":6.8441534161212951e-08}},{"type":"Feature","id":697,"geometry":{"type":"Polygon","coordinates":[[[107.17587651000008,10.54270785600005],[107.17566755400009,10.542754761000026],[107.17564353600005,10.542748028000062],[107.17557226400004,10.542455328000074],[107.17582912600005,10.542392415000052],[107.17585428400008,10.542522744000053],[107.17587893400008,10.542631915000072],[107.17588221600005,10.542685535000032],[107.17587651000008,10.54270785600005]]]},"properties":{"OBJECTID":697,"FID":696,"Shape_Leng":124.025052014,"Sothua":41,"So_To":56,"LoaidatHT":"LUC","Khuphomoi":"Khu phố Tân Hưng","Sothuacu":41,"Sotocu":32,"Phuongcu":"Phường Tân Hưng","Nguoisudun":"Lê Xuân Viễn","Quyetdinh":"Quyết định 3693/QĐ-UBND","ID":"41.56","Shape_Length":0.0011262198243974916,"Shape_Area":8.0935057051730259e-08}},{"type":"Feature","id":698,"geometry":{"type":"Polygon","coordinates":[[[107.17705072100006,10.542690003000075],[107.17688088900007,10.542776400000037],[107.17679741600006,10.542607541000052],[107.17696442200008,10.542517614000076],[107.17705072100006,10.542690003000075]]]},"properties":{"OBJECTID":698,"FID":697,"Shape_Leng":83.809022897600002,"Sothua":1027,"So_To":57,"LoaidatHT":"LUC","Khuphomoi":"Khu phố Tân Hưng","Sothuacu":20,"Sotocu":33,"Phuongcu":"Phường Tân Hưng","Nguoisudun":"Dương Văn Sợi","Quyetdinh":"Quyết định 3693/QĐ-UBND","ID":"1027.57","Shape_Length":0.00076137100952036046,"Shape_Area":3.6220042984490152e-08}},{"type":"Feature","id":699,"geometry":{"type":"Polygon","coordinates":[[[107.17524444400004,10.542794498000035],[107.17488079800006,10.542842660000076],[107.17480683200006,10.542819922000035],[107.17475555200008,10.542635208000036],[107.17510393300006,10.542540549000023],[107.17516241100009,10.542539117000047],[107.17518386500006,10.542598195000039],[107.17524444400004,10.542794498000035]]]},"properties":{"OBJECTID":699,"FID":698,"Shape_Leng":145.45853007100001,"Sothua":40,"So_To":56,"LoaidatHT":"LUC","Khuphomoi":"Khu phố Tân Hưng","Sothuacu":40,"Sotocu":32,"Phuongcu":"Phường Tân Hưng","Nguoisudun":"Dương Văn Lâu","Quyetdinh":"Quyết định 3693/QĐ-UBND","ID":"40.56","Shape_Length":0.0013237017431225011,"Shape_Area":1.0571180801764685e-07}},{"type":"Feature","id":700,"geometry":{"type":"Polygon","coordinates":[[[107.17688088900007,10.542776400000037],[107.17669792100008,10.542851833000043],[107.17666641800008,10.542841921000047],[107.17661366800007,10.542709554000055],[107.17662038000009,10.54268696400004],[107.17679741600006,10.542607541000052],[107.17688088900007,10.542776400000037]]]},"properties":{"OBJECTID":700,"FID":699,"Shape_Leng":85.7503156107,"Sothua":20,"So_To":57,"LoaidatHT":"LUC","Khuphomoi":"Khu phố Tân Hưng","Sothuacu":20,"Sotocu":33,"Phuongcu":"Phường Tân Hưng","Nguoisudun":"Dương Văn Sợi","Quyetdinh":"Quyết định 3693/QĐ-UBND","ID":"20.57","Shape_Length":0.00077938961504330872,"Shape_Area":3.9522025481052728e-08}},{"type":"Feature","id":701,"geometry":{"type":"Polygon","coordinates":[[[107.17531220600006,10.542861526000024],[107.17526367700003,10.542868580000061],[107.17524444400004,10.542794498000035],[107.17518386500006,10.542598195000039],[107.17516241100009,10.542539117000047],[107.17514837700008,10.542470560000027],[107.17512877400009,10.54239891900005],[107.17508700500008,10.542258254000046],[107.17547610700007,10.542130305000057],[107.17547874800005,10.542134920000024],[107.17551087500004,10.542252242000075],[107.17557226400004,10.542455328000074],[107.17564353600005,10.542748028000062],[107.17553383100005,10.542781823000041],[107.17531220600006,10.542861526000024]]]},"properties":{"OBJECTID":701,"FID":700,"Shape_Leng":229.75419930000001,"Sothua":51,"So_To":56,"LoaidatHT":"LUC","Khuphomoi":"Khu phố Tân Hưng","Sothuacu":51,"Sotocu":32,"Phuongcu":"Phường Tân Hưng","Nguoisudun":"Lê Xuân Viễn","Quyetdinh":"Quyết định 3693/QĐ-UBND","ID":"51.56","Shape_Length":0.0020851411723053007,"Shape_Area":2.6094341134174131e-07}},{"type":"Feature","id":702,"geometry":{"type":"Polygon","coordinates":[[[107.17666641800008,10.542841921000047],[107.17626279300003,10.542967133000047],[107.17623144100008,10.542875399000025],[107.17621896000009,10.542810994000035],[107.17652442400004,10.54243105200004],[107.17662038000009,10.54268696400004],[107.17661366800007,10.542709554000055],[107.17666641800008,10.542841921000047]]]},"properties":{"OBJECTID":702,"FID":701,"Shape_Leng":166.55154081000001,"Sothua":32,"So_To":57,"LoaidatHT":"LUC","Khuphomoi":"Khu phố Tân Hưng","Sothuacu":32,"Sotocu":33,"Phuongcu":"Phường Tân Hưng","Nguoisudun":"Lê Trọng Thưởng","Quyetdinh":"Quyết định 3693/QĐ-UBND","ID":"32.57","Shape_Length":0.0015120224795153042,"Shape_Area":1.2492339749053038e-07}},{"type":"Feature","id":703,"geometry":{"type":"Polygon","coordinates":[[[107.17619289500004,10.542676416000063],[107.17593627900004,10.542995653000048],[107.17587651000008,10.54270785600005],[107.17588221600005,10.542685535000032],[107.17587893400008,10.542631915000072],[107.17607369900009,10.542600624000045],[107.17617225100008,10.542569882000066],[107.17619289500004,10.542676416000063]]]},"properties":{"OBJECTID":703,"FID":702,"Shape_Leng":131.051834641,"Sothua":26,"So_To":56,"LoaidatHT":"LUC","Khuphomoi":"Khu phố Tân Hưng","Sothuacu":26,"Sotocu":32,"Phuongcu":"Phường Tân Hưng","Nguoisudun":"Dương Văn Sợi","Quyetdinh":"Quyết định 3693/QĐ-UBND","ID":"26.56","Shape_Length":0.0011893008789817699,"Shape_Area":7.3065064101387958e-08}},{"type":"Feature","id":704,"geometry":{"type":"Polygon","coordinates":[[[107.17614896400005,10.543007612000054],[107.17603558400003,10.54303907700006],[107.17621896000009,10.542810994000035],[107.17623144100008,10.542875399000025],[107.17626279300003,10.542967133000047],[107.17614896400005,10.543007612000054]]]},"properties":{"OBJECTID":704,"FID":703,"Shape_Leng":76.354136512099998,"Sothua":609,"So_To":56,"LoaidatHT":"LUC","Khuphomoi":"Khu phố Tân Hưng","Sothuacu":26,"Sotocu":32,"Phuongcu":"Phường Tân Hưng","Nguoisudun":"Dương Văn Sợi","Quyetdinh":"Quyết định 3693/QĐ-UBND","ID":"609.56","Shape_Length":0.00069368199625549555,"Shape_Area":1.9381646718356143e-08}},{"type":"Feature","id":705,"geometry":{"type":"Polygon","coordinates":[[[107.17586132100007,10.543088968000063],[107.17571363500008,10.543132494000076],[107.17570823000005,10.542992075000029],[107.17571637400005,10.542985670000064],[107.17571949300009,10.542978444000028],[107.17572005600005,10.542971121000051],[107.17571952400004,10.542962350000039],[107.17571706800004,10.542955836000033],[107.17570894800008,10.542949583000052],[107.17566755400009,10.542754761000026],[107.17587651000008,10.54270785600005],[107.17593627900004,10.542995653000048],[107.17586132100007,10.543088968000063]]]},"properties":{"OBJECTID":705,"FID":704,"Shape_Leng":129.292282441,"Sothua":18,"So_To":56,"LoaidatHT":"LUC","Khuphomoi":"Khu phố Tân Hưng","Sothuacu":18,"Sotocu":32,"Phuongcu":"Phường Tân Hưng","Nguoisudun":"Dương Văn Sợi","Quyetdinh":"Quyết định 3693/QĐ-UBND","ID":"18.56","Shape_Length":0.0011730201976049908,"Shape_Area":7.8406191642208005e-08}},{"type":"Feature","id":706,"geometry":{"type":"Polygon","coordinates":[[[107.17570228600005,10.543142689000035],[107.17566024400008,10.543149665000044],[107.17561412500004,10.543137556000033],[107.17538321500007,10.543099617000053],[107.17533816200006,10.543103694000024],[107.17526668000005,10.54312092300006],[107.17526367700003,10.542868580000061],[107.17531220600006,10.542861526000024],[107.17553383100005,10.542781823000041],[107.17564353600005,10.542748028000062],[107.17566755400009,10.542754761000026],[107.17570895000006,10.542949583000052],[107.17570035500006,10.542951735000031],[107.17569394400005,10.542959589000077],[107.17569373600008,10.542973603000064],[107.17569764200005,10.542985635000036],[107.17570823100004,10.542992075000029],[107.17571363500008,10.543132494000076],[107.17570228600005,10.543142689000035]]]},"properties":{"OBJECTID":706,"FID":705,"Shape_Leng":168.60094831999999,"Sothua":16,"So_To":56,"LoaidatHT":"LUC","Khuphomoi":"Khu phố Tân Hưng","Sothuacu":16,"Sotocu":32,"Phuongcu":"Phường Tân Hưng","Nguoisudun":"Dương Văn Lâu","Quyetdinh":"Quyết định 3693/QĐ-UBND","ID":"16.56","Shape_Length":0.0015327363405605321,"Shape_Area":1.3740056795246416e-07}},{"type":"Feature","id":707,"geometry":{"type":"Polygon","coordinates":[[[107.17526668000005,10.54312092300006],[107.17492600000008,10.543151677000026],[107.17486862400006,10.543149945000039],[107.17488079800006,10.542842660000076],[107.17524444400004,10.542794498000035],[107.17526367700003,10.542868580000061],[107.17526668000005,10.54312092300006]]]},"properties":{"OBJECTID":707,"FID":706,"Shape_Leng":154.318954948,"Sothua":15,"So_To":56,"LoaidatHT":"LUC","Khuphomoi":"Khu phố Tân Hưng","Sothuacu":15,"Sotocu":32,"Phuongcu":"Phường Tân Hưng","Nguoisudun":"Dương Văn Lâu","Quyetdinh":"Quyết định 3693/QĐ-UBND","ID":"15.56","Shape_Length":0.0014027137424199483,"Shape_Area":1.2436142191483582e-07}},{"type":"Feature","id":708,"geometry":{"type":"Polygon","coordinates":[[[107.15416796400007,10.483363610000026],[107.15360319400008,10.48300226300006],[107.15341523800004,10.482883652000055],[107.15264400400008,10.482386209000026],[107.15219556000005,10.482102651000048],[107.15202056900006,10.481988494000063],[107.15176218300007,10.481822736000026],[107.15135007500004,10.481560633000072],[107.15388466000007,10.476593530000059],[107.15488795400006,10.476683649000051],[107.15504066900007,10.476694603000055],[107.15527413200005,10.477281990000051],[107.15527791900007,10.477308487000073],[107.15514639500009,10.477345853000031],[107.15507381500004,10.477419584000074],[107.15490950700007,10.477596031000076],[107.15495359100004,10.477759396000067],[107.15496254500005,10.477805884000077],[107.15509440100004,10.47797736900003],[107.15525935600004,10.478084725000031],[107.15544970800005,10.478094574000067],[107.15547852600008,10.478216231000033],[107.15600834200006,10.478316944000028],[107.15569511800004,10.479173187000072],[107.15563751900004,10.47934278300005],[107.15542155600008,10.479943976000072],[107.15528936200008,10.480311975000063],[107.15523443000006,10.480472352000049],[107.15517473500006,10.480638688000056],[107.15511707600007,10.480791375000024],[107.15508133700007,10.480897452000022],[107.15499980100009,10.481116275000034],[107.15494458300009,10.481281625000065],[107.15470353600006,10.481937741000024],[107.15461012800006,10.482202291000021],[107.15459872700006,10.482240514000068],[107.15441447700005,10.482716727000025],[107.15416796400007,10.483363610000026]]]},"properties":{"OBJECTID":708,"FID":707,"Shape_Leng":1992.8066014200001,"Sothua":246,"So_To":74,"LoaidatHT":"NTS","Khuphomoi":"Khu phố Hương Giang","Sothuacu":0,"Sotocu":28,"Phuongcu":"phường Long Hương","Nguoisudun":" ","Quyetdinh":"Quyết định 3693/QĐ-UBND","ID":"246.74","Shape_Length":0.018079180622259224,"Shape_Area":1.656813312182853e-05}},{"type":"Feature","id":709,"geometry":{"type":"Polygon","coordinates":[[[107.15280231000008,10.476475052000069],[107.15281509100004,10.476479235000056],[107.15285454400004,10.476484372000073],[107.15327246200007,10.476533707000044],[107.15348088500008,10.476552180000056],[107.15387370700006,10.476592409000034],[107.15388466000007,10.476593530000059],[107.15135007500004,10.481560633000072],[107.15081804400006,10.481222256000024],[107.15069451000005,10.481142190000071],[107.15066048200003,10.481118077000076],[107.15060473100004,10.481085153000038],[107.15043038200008,10.480970273000025],[107.15053763500003,10.48082382900003],[107.15057902700005,10.480770383000049],[107.15063643300005,10.480655759000058],[107.15092864400003,10.480094403000066],[107.15100742500005,10.479935699000066],[107.15103603000006,10.479878070000041],[107.15121612200005,10.479524087000073],[107.15129223800005,10.479370170000038],[107.15134791500009,10.479251202000057],[107.15179555800006,10.478378852000048],[107.15192015200006,10.478129189000072],[107.15237850400007,10.477210747000072],[107.15238977800004,10.477190878000044],[107.15248284500007,10.477057063000075],[107.15245961500005,10.476928635000036],[107.15254070400005,10.476800223000055],[107.15272662700005,10.476499593000028],[107.15280231000008,10.476475052000069]]]},"properties":{"OBJECTID":709,"FID":708,"Shape_Leng":1422.30352623,"Sothua":279,"So_To":74,"LoaidatHT":"NTS","Khuphomoi":"Khu phố Hương Giang","Sothuacu":0,"Sotocu":28,"Phuongcu":"phường Long Hương","Nguoisudun":" ","Quyetdinh":"Quyết định 3693/QĐ-UBND","ID":"279.74","Shape_Length":0.012897722477535626,"Shape_Area":5.61758670800135e-06}},{"type":"Feature","id":710,"geometry":{"type":"Polygon","coordinates":[[[107.18188040400008,10.537192293000032],[107.18182166600008,10.537185949000047],[107.18178431000007,10.537178739000069],[107.18179397800009,10.537088346000075],[107.18185823900006,10.536772744000075],[107.18189252100007,10.536762227000054],[107.18209258600007,10.536777594000057],[107.18209437500008,10.53679902500005],[107.18204631500004,10.536899295000069],[107.18203860600005,10.537067267000054],[107.18201606300005,10.53710366100006],[107.18193480800005,10.537170149000076],[107.18188040400008,10.537192293000032]]]},"properties":{"OBJECTID":710,"FID":709,"Shape_Leng":138.18646330499999,"Sothua":363,"So_To":57,"LoaidatHT":"LUC","Khuphomoi":"Khu phố Tân Hưng","Sothuacu":363,"Sotocu":33,"Phuongcu":"Phường Tân Hưng","Nguoisudun":"Nguyễn Thị Ninh","Quyetdinh":"Quyết định 3693/QĐ-UBND","ID":"363.57","Shape_Length":0.0012540105058544619,"Shape_Area":9.1006743666032511e-08}},{"type":"Feature","id":711,"geometry":{"type":"Polygon","coordinates":[[[107.17440890000006,10.525061777000076],[107.17427119500007,10.525096774000076],[107.17392216100006,10.525185479000072],[107.17385136300004,10.52491261800003],[107.17379162200007,10.524682374000065],[107.17432459700007,10.524555320000047],[107.17438967100009,10.524805927000045],[107.17440089200005,10.524849138000036],[107.17444180200005,10.525006685000051],[107.17440890000006,10.525061777000076]]]},"properties":{"OBJECTID":711,"FID":710,"Shape_Leng":231.16479720500001,"Sothua":406,"So_To":102,"LoaidatHT":"DVH","Khuphomoi":"Khu phố Tân Hưng","Sothuacu":406,"Sotocu":20,"Phuongcu":"Phường Tân Hưng","Nguoisudun":"Trung tâm học tập Cộng đồng xã Tân Hưng","Quyetdinh":"Quyết định 3309/QD-UBND ngày 19/10/2021","ID":"406.102","Shape_Length":0.0021003893594395318,"Shape_Area":2.814881170337845e-07}},{"type":"Feature","id":712,"geometry":{"type":"Polygon","coordinates":[[[107.16794098700007,10.522997549000024],[107.16789129900008,10.522790470000075],[107.16787701800007,10.522727563000046],[107.16785569800004,10.522627727000042],[107.16787370200007,10.522619596000027],[107.16813510300005,10.522501528000021],[107.16822193400009,10.522837612000046],[107.16819096200004,10.522896231000061],[107.16794098700007,10.522997549000024]]]},"properties":{"OBJECTID":712,"FID":711,"Shape_Leng":150.879381825,"Sothua":914,"So_To":101,"LoaidatHT":"DYT","Khuphomoi":"Khu phố Phước Tân","Sothuacu":914,"Sotocu":19,"Phuongcu":"Phường Tân Hưng","Nguoisudun":"Trung tâm Y Tế Xã Tân Hưng","Quyetdinh":" ","ID":"914.101","Shape_Length":0.0013692801159641316,"Shape_Area":1.1735826885006027e-07}},{"type":"Feature","id":713,"geometry":{"type":"Polygon","coordinates":[[[107.16787595100004,10.523056456000063],[107.16781954000004,10.522809764000044],[107.16789126800006,10.522790503000067],[107.16794095600005,10.522997582000073],[107.16795073400004,10.523035202000074],[107.16787595100004,10.523056456000063]]]},"properties":{"OBJECTID":713,"FID":712,"Shape_Leng":72.4889270396,"Sothua":915,"So_To":101,"LoaidatHT":"DKV","Khuphomoi":"Khu phố Phước Tân","Sothuacu":915,"Sotocu":19,"Phuongcu":"Phường Tân Hưng","Nguoisudun":"Trụ sở ấp 2","Quyetdinh":" ","ID":"915.101","Shape_Length":0.00065690004570212348,"Shape_Area":1.9094457916559591e-08}},{"type":"Feature","id":714,"geometry":{"type":"Polygon","coordinates":[[[107.16554469800008,10.536381676000076],[107.16566492300007,10.536533879000046],[107.16153268400006,10.534382193000056],[107.16200423400005,10.534218272000032],[107.16245165300006,10.534411190000071],[107.16313423900004,10.534705515000041],[107.16371475900007,10.535006303000046],[107.16408689400004,10.534918124000058],[107.16425213800005,10.534928911000065],[107.16425552300007,10.534878165000066],[107.16506520700005,10.534686303000058],[107.16512059000007,10.534924183000044],[107.16516365200005,10.535109147000071],[107.16520840500004,10.535301365000066],[107.16530810100005,10.53572964500006],[107.16536311400006,10.535965991000069],[107.16535728000008,10.536055669000064],[107.16530808900006,10.536074835000022],[107.16537462400004,10.536161121000021],[107.16554469800008,10.536381676000076]]]},"properties":{"OBJECTID":714,"FID":713,"Shape_Leng":1154.58557883,"Sothua":72,"So_To":85,"LoaidatHT":"RPH","Khuphomoi":"Khu phố Tân Hưng","Sothuacu":72,"Sotocu":3,"Phuongcu":"Phường Tân Hưng","Nguoisudun":"Rừng phòng hộ","Quyetdinh":"Địa phận tờ 2, 1 phần thửa số 1 sang tờ 3, thửa 72 theo Ranh 513 theo CV 3558/VPĐK-TCT ngày 06/09/24","ID":"72.85","Shape_Length":0.010511498031282124,"Shape_Area":2.613018366401088e-06}},{"type":"Feature","id":715,"geometry":{"type":"Polygon","coordinates":[[[107.16191150300006,10.523032608000051],[107.16184212100006,10.523004181000033],[107.16173823200006,10.522961586000065],[107.16185968900004,10.522942192000073],[107.16190336300008,10.522748070000034],[107.16199076100008,10.522767217000023],[107.16206809700009,10.522744126000077],[107.16206892200006,10.522694220000062],[107.16205250000007,10.522681894000073],[107.16204146300004,10.522624372000053],[107.16204409400007,10.522585590000062],[107.16212158600007,10.522529046000045],[107.16220133000007,10.522488599000042],[107.16230905000003,10.522438259000069],[107.16234677900007,10.522392129000025],[107.16235988600005,10.52236982200003],[107.16235804800004,10.522327596000025],[107.16233346600006,10.522281983000028],[107.16272531500005,10.522381167000049],[107.16306680300005,10.522587304000069],[107.16342583300008,10.522745285000042],[107.16336317200006,10.522883497000066],[107.16331318700009,10.522936748000063],[107.16319394300007,10.523090226000022],[107.16305010000008,10.523207133000028],[107.16264548100008,10.523483222000038],[107.16247218800004,10.523567707000041],[107.16245082300009,10.523578142000076],[107.16240634600007,10.523599862000026],[107.16249460400007,10.523357090000047],[107.16243736100006,10.523335467000038],[107.16244871700007,10.523321293000038],[107.16237829000005,10.523265921000075],[107.16191150300006,10.523032608000051]]]},"properties":{"OBJECTID":715,"FID":714,"Shape_Leng":531.50372261699999,"Sothua":116,"So_To":100,"LoaidatHT":"NTD","Khuphomoi":"Khu phố Phước Tân","Sothuacu":116,"Sotocu":18,"Phuongcu":"Phường Tân Hưng","Nguoisudun":"Nghĩa địa","Quyetdinh":" ","ID":"116.100","Shape_Length":0.0048359465463974332,"Shape_Area":1.0857746772498247e-06}},{"type":"Feature","id":716,"geometry":{"type":"Polygon","coordinates":[[[107.16578133500008,10.503438487000039],[107.16577500800008,10.503441042000077],[107.16570484200008,10.503315388000033],[107.16552890800006,10.503000322000048],[107.16554771100004,10.502940604000059],[107.16600722000004,10.502735004000044],[107.16602338600006,10.502727367000034],[107.16602559200004,10.502726389000031],[107.16602343800008,10.502723967000065],[107.16631886300007,10.502589888000045],[107.16632224300008,10.502594957000042],[107.16634317300009,10.502585647000046],[107.16644777200008,10.502538672000071],[107.16650065900006,10.502558235000038],[107.16650270000008,10.502567352000028],[107.16652283700006,10.502657267000075],[107.16661818800009,10.503074998000045],[107.16578133500008,10.503438487000039]]]},"properties":{"OBJECTID":716,"FID":715,"Shape_Leng":337.39669819400001,"Sothua":367,"So_To":125,"LoaidatHT":"CAN","Khuphomoi":"Khu phố Hương Điền","Sothuacu":367,"Sotocu":15,"Phuongcu":"Phường Long Hương","Nguoisudun":"Công an tỉnh Bà Rịa - Vũng Tàu","Quyetdinh":" ","ID":"367.125","Shape_Length":0.0030679748860410827,"Shape_Area":5.538371829925623e-07}},{"type":"Feature","id":717,"geometry":{"type":"Polygon","coordinates":[[[107.15839789700004,10.499462408000056],[107.15837393800007,10.499469153000064],[107.15835326600006,10.499472677000028],[107.15832927500009,10.499476727000058],[107.15829821100004,10.499480367000046],[107.15825707500005,10.499485571000037],[107.15821353500007,10.49949046200004],[107.15816570400006,10.499494867000067],[107.15813296700009,10.499496921000059],[107.15811850300008,10.499496731000022],[107.15810796900007,10.49949250800006],[107.15809629600005,10.499484765000034],[107.15808654000006,10.499474901000042],[107.15807352400009,10.499459561000037],[107.15806081100004,10.499438679000036],[107.15805144300003,10.499419016000047],[107.15804496900006,10.499396193000052],[107.15803959500005,10.499370605000024],[107.15803572100003,10.499342209000076],[107.15803362400004,10.499318518000052],[107.15803220100008,10.499299203000021],[107.15803223600005,10.499279792000038],[107.15803423500006,10.499263657000029],[107.15803921000008,10.499249553000027],[107.15804891900007,10.499235187000068],[107.15806140400008,10.499222073000055],[107.15808746400006,10.499198126000067],[107.15826656800004,10.499045258000024],[107.15830357300007,10.499111327000037],[107.15828569100006,10.499120986000037],[107.15830400100003,10.499167917000022],[107.15831557700005,10.499197421000076],[107.15830345900008,10.499202525000044],[107.15833376600006,10.499288363000062],[107.15834181900004,10.499310710000032],[107.15839789700004,10.499462408000056]]]},"properties":{"OBJECTID":717,"FID":716,"Shape_Leng":146.93201345,"Sothua":31,"So_To":131,"LoaidatHT":"DKV","Khuphomoi":"Khu phố Hương Giang","Sothuacu":0,"Sotocu":53,"Phuongcu":"Phường Long Hương","Nguoisudun":" ","Quyetdinh":" ","ID":"31.131","Shape_Length":0.001334021134964297,"Shape_Area":1.0487237924376523e-07}},{"type":"Feature","id":718,"geometry":{"type":"Polygon","coordinates":[[[107.15414020200006,10.494150531000059],[107.15419968800006,10.494285988000058],[107.15420994600004,10.49432018300007],[107.15420729000004,10.494323703000077],[107.15394132500006,10.494436310000026],[107.15387080500005,10.494481473000064],[107.15379530500007,10.494502760000046],[107.15369191200006,10.494349589000024],[107.15414020200006,10.494150531000059]]]},"properties":{"OBJECTID":718,"FID":717,"Shape_Leng":144.42881979200001,"Sothua":268,"So_To":71,"LoaidatHT":"LUK","Khuphomoi":"Khu phố Hương Giang","Sothuacu":0,"Sotocu":22,"Phuongcu":"phường Long Hương","Nguoisudun":" ","Quyetdinh":"Quyết định 3693/QĐ-UBND","ID":"268.71","Shape_Length":0.0013143591974730117,"Shape_Area":8.731096071359415e-08}},{"type":"Feature","id":719,"geometry":{"type":"Polygon","coordinates":[[[107.15248207900004,10.494413860000066],[107.15282623400009,10.494258367000043],[107.15289520400006,10.494401979000031],[107.15298341200008,10.494611256000042],[107.15264930400008,10.494730462000064],[107.15248207900004,10.494413860000066]]]},"properties":{"OBJECTID":719,"FID":718,"Shape_Leng":162.525675882,"Sothua":256,"So_To":71,"LoaidatHT":"LUK","Khuphomoi":"Khu phố Hương Giang","Sothuacu":256,"Sotocu":22,"Phuongcu":"phường Long Hương","Nguoisudun":"Đăng ký: HTX NN QUYẾT THẮNG; Sử dụng: HTX NN QUYẾT THẮNG.","Quyetdinh":"Quyết định 3693/QĐ-UBND","ID":"256.71","Shape_Length":0.0014768619870532528,"Shape_Area":1.3668409216549282e-07}},{"type":"Feature","id":720,"geometry":{"type":"Polygon","coordinates":[[[107.15220109400008,10.494545784000024],[107.15233561000008,10.494475968000074],[107.15248207900004,10.494413860000066],[107.15264930400008,10.494730462000064],[107.15262140600004,10.49474041600007],[107.15237630400009,10.494872189000034],[107.15220109400008,10.494545784000024]]]},"properties":{"OBJECTID":720,"FID":719,"Shape_Leng":148.292883405,"Sothua":243,"So_To":71,"LoaidatHT":"LUK","Khuphomoi":"Khu phố Hương Giang","Sothuacu":243,"Sotocu":22,"Phuongcu":"phường Long Hương","Nguoisudun":"Đăng ký: HTX NN QUYẾT THẮNG; Sử dụng: HTX NN QUYẾT THẮNG.","Quyetdinh":"Quyết định 3693/QĐ-UBND","ID":"243.71","Shape_Length":0.0013470563423375196,"Shape_Area":1.1279842931853478e-07}},{"type":"Feature","id":721,"geometry":{"type":"Polygon","coordinates":[[[107.15220109400008,10.494545784000024],[107.15237630400009,10.494872189000034],[107.15206503400009,10.495039535000046],[107.15193018300005,10.494807467000044],[107.15187781700007,10.494723377000071],[107.15220109400008,10.494545784000024]]]},"properties":{"OBJECTID":721,"FID":720,"Shape_Leng":160.718867856,"Sothua":238,"So_To":71,"LoaidatHT":"LUK","Khuphomoi":"Khu phố Hương Giang","Sothuacu":238,"Sotocu":22,"Phuongcu":"phường Long Hương","Nguoisudun":"Đăng ký: HTX NN QUYẾT THẮNG; Sử dụng: HTX NN QUYẾT THẮNG.","Quyetdinh":"Quyết định 3693/QĐ-UBND","ID":"238.71","Shape_Length":0.0014601719929291236,"Shape_Area":1.3278148158797906e-07}},{"type":"Feature","id":722,"geometry":{"type":"Polygon","coordinates":[[[107.15233055700008,10.495489921000058],[107.15229623500005,10.495428287000038],[107.15225479500003,10.495362389000036],[107.15221018700004,10.495281387000034],[107.15217020000006,10.495220375000031],[107.15248619600004,10.495076943000072],[107.15264300600006,10.495004909000045],[107.15276140900005,10.495286943000053],[107.15273378700005,10.495303709000041],[107.15260583400004,10.495381583000039],[107.15233055700008,10.495489921000058]]]},"properties":{"OBJECTID":722,"FID":721,"Shape_Leng":177.851946911,"Sothua":219,"So_To":71,"LoaidatHT":"LUK","Khuphomoi":"Khu phố Hương Giang","Sothuacu":0,"Sotocu":22,"Phuongcu":"phường Long Hương","Nguoisudun":" ","Quyetdinh":"Quyết định 3693/QĐ-UBND","ID":"219.71","Shape_Length":0.0016172084467867096,"Shape_Area":1.5781218276903387e-07}},{"type":"Feature","id":723,"geometry":{"type":"Polygon","coordinates":[[[107.15217020000006,10.495220375000031],[107.15206503400009,10.495039535000046],[107.15237630400009,10.494872189000034],[107.15262140600004,10.49474041600007],[107.15264930400008,10.494730462000064],[107.15298341200008,10.494611256000042],[107.15307135900008,10.494579877000035],[107.15318941800007,10.494743394000068],[107.15304093100008,10.494821760000036],[107.15286859000008,10.494893947000037],[107.15276161200006,10.494943201000069],[107.15264300600006,10.495004909000045],[107.15248619600004,10.495076943000072],[107.15217020000006,10.495220375000031]]]},"properties":{"OBJECTID":723,"FID":722,"Shape_Leng":290.53749519299998,"Sothua":257,"So_To":71,"LoaidatHT":"LUK","Khuphomoi":"Khu phố Hương Giang","Sothuacu":257,"Sotocu":22,"Phuongcu":"phường Long Hương","Nguoisudun":"Đăng ký: HTX NN QUYẾT THẮNG; Sử dụng: HTX NN QUYẾT THẮNG.","Quyetdinh":"Quyết định 3693/QĐ-UBND","ID":"257.71","Shape_Length":0.0026461001651273447,"Shape_Area":2.5256945213428025e-07}},{"type":"Feature","id":724,"geometry":{"type":"Polygon","coordinates":[[[107.15302310300007,10.494352854000056],[107.15306040100006,10.494339273000037],[107.15321092100004,10.494546416000048],[107.15307135900008,10.494579877000035],[107.15295218400007,10.494414834000054],[107.15302310300007,10.494352854000056]]]},"properties":{"OBJECTID":724,"FID":723,"Shape_Leng":81.110876905699996,"Sothua":1084,"So_To":71,"LoaidatHT":"HNK","Khuphomoi":"Khu phố Hương Giang","Sothuacu":0,"Sotocu":22,"Phuongcu":"phường Long Hương","Nguoisudun":" ","Quyetdinh":"Quyết định 3693/QĐ-UBND","ID":"1084.71","Shape_Length":0.00073702537626925435,"Shape_Area":3.1079930340344014e-08}},{"type":"Feature","id":725,"geometry":{"type":"Polygon","coordinates":[[[107.14645580300004,10.492867924000052],[107.14674557700005,10.492726167000058],[107.14686013100004,10.493010999000035],[107.14676961700007,10.493048800000054],[107.14673749800005,10.492982287000075],[107.14653709700008,10.493061920000059],[107.14645580300004,10.492867924000052]]]},"properties":{"OBJECTID":725,"FID":724,"Shape_Leng":135.11235061100001,"Sothua":507,"So_To":23,"LoaidatHT":"LUK","Khuphomoi":"Khu phố Núi Dinh","Sothuacu":0,"Sotocu":23,"Phuongcu":"Phường Kim Dinh","Nguoisudun":" ","Quyetdinh":"Quyết định 3693/QĐ-UBND","ID":"507.23","Shape_Length":0.0012275303666916143,"Shape_Area":7.864877789309537e-08}},{"type":"Feature","id":726,"geometry":{"type":"Polygon","coordinates":[[[107.14725259300008,10.492016316000047],[107.14744767500008,10.491899604000025],[107.14757959500008,10.492085287000066],[107.14761248400004,10.492131550000067],[107.14737463800009,10.492253786000049],[107.14725259300008,10.492016316000047]]]},"properties":{"OBJECTID":726,"FID":725,"Shape_Leng":115.159381051,"Sothua":588,"So_To":23,"LoaidatHT":"LUK","Khuphomoi":"Khu phố Núi Dinh","Sothuacu":0,"Sotocu":23,"Phuongcu":"Phường Kim Dinh","Nguoisudun":" ","Quyetdinh":"Quyết định 3693/QĐ-UBND","ID":"588.23","Shape_Length":0.0010462800043552875,"Shape_Area":6.7939673297696363e-08}},{"type":"Feature","id":727,"geometry":{"type":"Polygon","coordinates":[[[107.14783641900004,10.491928367000071],[107.14789995300004,10.492000365000024],[107.14764126400007,10.492177081000023],[107.14761248400004,10.492131550000067],[107.14757959500008,10.492085287000066],[107.14783641900004,10.491928367000071]]]},"properties":{"OBJECTID":727,"FID":726,"Shape_Leng":90.246834223199997,"Sothua":593,"So_To":23,"LoaidatHT":"LUK","Khuphomoi":"Khu phố Núi Dinh","Sothuacu":0,"Sotocu":23,"Phuongcu":"Phường Kim Dinh","Nguoisudun":" ","Quyetdinh":"Quyết định 3693/QĐ-UBND","ID":"593.23","Shape_Length":0.00082090467797006649,"Shape_Area":3.1469273377753579e-08}},{"type":"Feature","id":728,"geometry":{"type":"Polygon","coordinates":[[[107.14751918100006,10.492336334000072],[107.14768206000008,10.492244153000058],[107.14778847600007,10.492391634000057],[107.14782799400007,10.492458161000059],[107.14782305800009,10.492460322000056],[107.14762885700009,10.492545935000066],[107.14751918100006,10.492336334000072]]]},"properties":{"OBJECTID":728,"FID":727,"Shape_Leng":99.122024387500005,"Sothua":550,"So_To":23,"LoaidatHT":"LUK","Khuphomoi":"Khu phố Núi Dinh","Sothuacu":0,"Sotocu":23,"Phuongcu":"Phường Kim Dinh","Nguoisudun":" ","Quyetdinh":"Quyết định 3693/QĐ-UBND","ID":"550.23","Shape_Length":0.00090058391521786183,"Shape_Area":5.0462116158893504e-08}},{"type":"Feature","id":729,"geometry":{"type":"Polygon","coordinates":[[[107.14659091900006,10.49324275400005],[107.14656452700007,10.493143795000037],[107.14676961700007,10.493048800000054],[107.14686013100004,10.493010999000035],[107.14689148800005,10.493093604000023],[107.14687366300006,10.49309908500004],[107.14663203600009,10.493238854000026],[107.14659091900006,10.49324275400005]]]},"properties":{"OBJECTID":729,"FID":728,"Shape_Leng":93.8535082187,"Sothua":491,"So_To":23,"LoaidatHT":"LUK","Khuphomoi":"Khu phố Núi Dinh","Sothuacu":0,"Sotocu":23,"Phuongcu":"Phường Kim Dinh","Nguoisudun":"UBND phường","Quyetdinh":"Quyết định 3693/QĐ-UBND","ID":"491.23","Shape_Length":0.00085397644264544428,"Shape_Area":3.345097700413791e-08}},{"type":"Feature","id":730,"geometry":{"type":"Polygon","coordinates":[[[107.14708501900009,10.492410101000075],[107.14737463800009,10.492253786000049],[107.14761248400004,10.492131550000067],[107.14764126400007,10.492177081000023],[107.14768206000008,10.492244153000058],[107.14751918100006,10.492336334000072],[107.14715195600007,10.492517184000064],[107.14715004400006,10.492514197000048],[107.14708501900009,10.492410101000075]]]},"properties":{"OBJECTID":730,"FID":729,"Shape_Leng":159.46656473300001,"Sothua":558,"So_To":23,"LoaidatHT":"LUK","Khuphomoi":"Khu phố Núi Dinh","Sothuacu":0,"Sotocu":23,"Phuongcu":"Phường Kim Dinh","Nguoisudun":" ","Quyetdinh":"Quyết định 3693/QĐ-UBND","ID":"558.23","Shape_Length":0.001451676798931229,"Shape_Area":8.0032394898563518e-08}},{"type":"Feature","id":731,"geometry":{"type":"Polygon","coordinates":[[[107.14738492700008,10.492932432000032],[107.14759601300005,10.492806708000046],[107.14778595500007,10.493128300000024],[107.14773145500004,10.493155681000076],[107.14755826800007,10.493240069000024],[107.14738492700008,10.492932432000032]]]},"properties":{"OBJECTID":731,"FID":730,"Shape_Leng":134.99486424400001,"Sothua":499,"So_To":23,"LoaidatHT":"LUK","Khuphomoi":"Khu phố Núi Dinh","Sothuacu":0,"Sotocu":23,"Phuongcu":"Phường Kim Dinh","Nguoisudun":"UBND phường","Quyetdinh":"Quyết định 3693/QĐ-UBND","ID":"499.23","Shape_Length":0.0012259422818878159,"Shape_Area":9.06629100054082e-08}},{"type":"Feature","id":732,"geometry":{"type":"Polygon","coordinates":[[[107.14808772200007,10.492264089000059],[107.14827391000006,10.492542816000025],[107.14810937500005,10.492641144000061],[107.14800045700008,10.492700970000044],[107.14796828500005,10.492661762000068],[107.14784921100005,10.492493643000046],[107.14782305800009,10.492460322000056],[107.14782799400007,10.492458161000059],[107.14778847600007,10.492391634000057],[107.14803886200008,10.492209387000059],[107.14808772200007,10.492264089000059]]]},"properties":{"OBJECTID":732,"FID":731,"Shape_Leng":155.87060102199999,"Sothua":544,"So_To":23,"LoaidatHT":"LUK","Khuphomoi":"Khu phố Núi Dinh","Sothuacu":0,"Sotocu":23,"Phuongcu":"Phường Kim Dinh","Nguoisudun":" ","Quyetdinh":"Quyết định 3693/QĐ-UBND","ID":"544.23","Shape_Length":0.001416032417830824,"Shape_Area":1.2627202194200851e-07}},{"type":"Feature","id":733,"geometry":{"type":"Polygon","coordinates":[[[107.13345573200007,10.504951227000049],[107.13350498200003,10.504951585000072],[107.13346005400007,10.505236899000067],[107.13345928000007,10.505239718000041],[107.13317311300005,10.505198857000039],[107.13316321900004,10.505189552000047],[107.13312028100006,10.505157482000072],[107.13311828500008,10.50495219000004],[107.13318611900007,10.504951888000051],[107.13329574600004,10.504951559000062],[107.13331403700005,10.504951504000076],[107.13334924600008,10.504951121000033],[107.13341428800004,10.504951186000028],[107.13342989300008,10.504951202000029],[107.13345573200007,10.504951227000049]]]},"properties":{"OBJECTID":733,"FID":732,"Shape_Leng":136.372138748,"Sothua":68,"So_To":47,"LoaidatHT":"CAN","Khuphomoi":"Khu phố Kim Hải","Sothuacu":0,"Sotocu":47,"Phuongcu":"Phường Kim Dinh","Nguoisudun":"Công an phường Kim Dinh","Quyetdinh":" ","ID":"68.47","Shape_Length":0.0012400005612041235,"Shape_Area":9.5391870865032943e-08}},{"type":"Feature","id":734,"geometry":{"type":"Polygon","coordinates":[[[107.14439599200006,10.505545905000076],[107.14429882500008,10.505550276000065],[107.14423513700007,10.505373520000035],[107.14422782000008,10.505353214000024],[107.14421492600007,10.505317427000023],[107.14421377100007,10.505314221000049],[107.14421334700006,10.505313046000026],[107.14421311400008,10.505312108000055],[107.14421229800007,10.505308828000068],[107.14420311500004,10.505271938000021],[107.14419974100008,10.505258384000058],[107.14429838200004,10.505222596000067],[107.14439599200006,10.505545905000076]]]},"properties":{"OBJECTID":734,"FID":733,"Shape_Leng":93.583639122799994,"Sothua":13,"So_To":50,"LoaidatHT":"DVH","Khuphomoi":"Khu phố Hải Dinh","Sothuacu":0,"Sotocu":50,"Phuongcu":"Phường Kim Dinh","Nguoisudun":"Trụ sở KP Hải Dinh","Quyetdinh":" ","ID":"13.50","Shape_Length":0.00084840985087132061,"Shape_Area":3.2812352856500171e-08}},{"type":"Feature","id":735,"geometry":{"type":"Polygon","coordinates":[[[107.16672872400005,10.503653482000061],[107.16610527200004,10.503918707000025],[107.16603583000006,10.503895144000069],[107.16597538200006,10.503786729000069],[107.16586457100004,10.503587843000048],[107.16578133600007,10.503438487000039],[107.16661818900008,10.503074999000034],[107.16669346000003,10.503390474000071],[107.16674320900006,10.503606757000057],[107.16672872400005,10.503653482000061]]]},"properties":{"OBJECTID":735,"FID":734,"Shape_Leng":305.93421555700002,"Sothua":422,"So_To":125,"LoaidatHT":"DVH","Khuphomoi":"Khu phố Hương Điền","Sothuacu":422,"Sotocu":15,"Phuongcu":"Phường Long Hương","Nguoisudun":"Đoàn ca mua nhạc tỉnh Bà Rịa - Vũng Tàu","Quyetdinh":" ","ID":"422.125","Shape_Length":0.0027812019784211502,"Shape_Area":4.7472317563379233e-07}},{"type":"Feature","id":736,"geometry":{"type":"Polygon","coordinates":[[[107.15492185400007,10.501384417000054],[107.15487964200008,10.501400818000036],[107.15487890700007,10.50139918800005],[107.15487775500009,10.501399593000031],[107.15487269100004,10.501385407000043],[107.15483988800008,10.501312682000048],[107.15482324700008,10.501320245000045],[107.15480778400007,10.501282476000029],[107.15480792500006,10.501282428000025],[107.15475096300008,10.501167071000054],[107.15476491700008,10.501160570000025],[107.15476478900007,10.501160090000042],[107.15478532500003,10.501154580000048],[107.15486026200006,10.501134472000047],[107.15489549100005,10.501125018000039],[107.15490772800007,10.501121734000037],[107.15493795600008,10.501110616000062],[107.15493867200007,10.501110483000048],[107.15496674300005,10.501105282000026],[107.15497475500007,10.501103771000032],[107.15505103400005,10.50108939200004],[107.15505306800009,10.501088880000054],[107.15510915500005,10.501073380000037],[107.15511340300009,10.50108958900006],[107.15511761900007,10.50108801500005],[107.15512457200003,10.501118231000021],[107.15512717500008,10.501129541000068],[107.15513955900008,10.501174459000026],[107.15516360600009,10.501261682000063],[107.15517034900006,10.501332766000075],[107.15519880900007,10.501440771000034],[107.15511564400003,10.501457360000074],[107.15512027500006,10.501495693000038],[107.15507362700004,10.501501094000048],[107.15508457600004,10.501551357000039],[107.15507627000005,10.501552642000036],[107.15504629000009,10.501555642000028],[107.15504467300008,10.501555658000029],[107.15502093800006,10.501560784000048],[107.15498851100006,10.501568047000035],[107.15498610600008,10.501568792000057],[107.15498589800006,10.501568573000043],[107.15496423400003,10.501545725000028],[107.15496335700004,10.50154205900003],[107.15494440200007,10.501462963000051],[107.15492185400007,10.501384417000054]]]},"properties":{"OBJECTID":736,"FID":735,"Shape_Leng":176.984379453,"Sothua":128,"So_To":119,"LoaidatHT":"NTD","Khuphomoi":"Khu phố Hương Sơn","Sothuacu":0,"Sotocu":13,"Phuongcu":"Phường Long Hương","Nguoisudun":"Nghĩa trang","Quyetdinh":" ","ID":"128.119","Shape_Length":0.0016071102285561845,"Shape_Area":1.2897862392787178e-07}},{"type":"Feature","id":737,"geometry":{"type":"Polygon","coordinates":[[[107.15064891800006,10.503152228000033],[107.15056962400007,10.503150577000042],[107.15054255500007,10.502913920000026],[107.15055993700008,10.502906267000071],[107.15056575300008,10.50290271700004],[107.15057206500006,10.502898687000027],[107.15062096500009,10.502885832000061],[107.15064891800006,10.503152228000033]]]},"properties":{"OBJECTID":737,"FID":736,"Shape_Leng":73.863345651299994,"Sothua":112,"So_To":51,"LoaidatHT":"DVH","Khuphomoi":"Khu phố Núi Dinh","Sothuacu":0,"Sotocu":51,"Phuongcu":"Phường Kim Dinh","Nguoisudun":"Trụ sở KP Nam Dinh","Quyetdinh":" ","ID":"112.51","Shape_Length":0.00066922605092732386,"Shape_Area":2.035980762784373e-08}},{"type":"Feature","id":738,"geometry":{"type":"Polygon","coordinates":[[[107.15707211000006,10.493290957000056],[107.15701806900006,10.493126036000035],[107.15708687100005,10.493071556000075],[107.15718188100004,10.493022459000031],[107.15723916400009,10.493019943000036],[107.15727245500005,10.493095952000033],[107.15730065300005,10.493256303000067],[107.15732068100004,10.493389877000027],[107.15711740500006,10.493443927000044],[107.15707211000006,10.493290957000056]]]},"properties":{"OBJECTID":738,"FID":737,"Shape_Leng":129.64742383999999,"Sothua":333,"So_To":71,"LoaidatHT":"LUK","Khuphomoi":"Khu phố Hương Giang","Sothuacu":0,"Sotocu":22,"Phuongcu":"phường Long Hương","Nguoisudun":" ","Quyetdinh":"Quyết định 3693/QĐ-UBND","ID":"333.71","Shape_Length":0.0011763259155441171,"Shape_Area":8.6812393857354301e-08}},{"type":"Feature","id":739,"geometry":{"type":"Polygon","coordinates":[[[107.14785128200003,10.504571145000057],[107.14796753000007,10.504813658000046],[107.14804769100004,10.50476893900003],[107.14804958200006,10.504774123000061],[107.14828901000004,10.505307794000032],[107.14811730700006,10.505372077000061],[107.14770910600004,10.505527072000064],[107.14760568700007,10.50556630400007],[107.14755844700005,10.505453011000043],[107.14752872400004,10.505384450000065],[107.14743266200009,10.505162643000062],[107.14732027300005,10.504899180000052],[107.14785128200003,10.504571145000057]]]},"properties":{"OBJECTID":739,"FID":738,"Shape_Leng":333.79046375899998,"Sothua":255,"So_To":50,"LoaidatHT":"DGD","Khuphomoi":"Khu phố Núi Dinh","Sothuacu":0,"Sotocu":50,"Phuongcu":"Phường Kim Dinh","Nguoisudun":"Trường tiểu học Phan Bội Châu","Quyetdinh":" ","ID":"255.50","Shape_Length":0.0030315362171196123,"Shape_Area":5.4844026586207516e-07}},{"type":"Feature","id":740,"geometry":{"type":"Polygon","coordinates":[[[107.13144399900006,10.510016768000071],[107.13137841600008,10.509969283000032],[107.13130019300007,10.509818615000029],[107.13115809600004,10.509588549000057],[107.13108878000008,10.509493375000034],[107.13105143900003,10.509421253000028],[107.13104023300008,10.509254478000059],[107.13105049800004,10.509127733000071],[107.13105597700007,10.509106063000047],[107.13105359100007,10.509083808000071],[107.13103021000006,10.509052914000051],[107.13101029200004,10.509031005000054],[107.13098328400008,10.509013738000021],[107.13082727200003,10.508844221000061],[107.13075998000005,10.508792438000057],[107.13065667400008,10.508731896000029],[107.13060234700004,10.50869823000005],[107.13058722700003,10.508679928000049],[107.13059852200007,10.508582271000023],[107.13067248200008,10.508588617000044],[107.13163149500008,10.508660808000059],[107.13148374900004,10.510039556000038],[107.13144399900006,10.510016768000071]]]},"properties":{"OBJECTID":740,"FID":739,"Shape_Leng":468.20858665200001,"Sothua":26,"So_To":42,"LoaidatHT":"NTD","Khuphomoi":"Khu phố Kim Hải","Sothuacu":0,"Sotocu":42,"Phuongcu":"Phường Kim Dinh","Nguoisudun":"Nghĩa trang giáo xử Kim Hải","Quyetdinh":" ","ID":"26.42","Shape_Length":0.0042489637065456134,"Shape_Area":7.1333731970993714e-07}},{"type":"Feature","id":741,"geometry":{"type":"Polygon","coordinates":[[[107.13061191600008,10.508535970000025],[107.13061310700004,10.508507267000027],[107.13065522900007,10.508049554000024],[107.13066804100004,10.507906278000064],[107.13069598700008,10.507593719000056],[107.13115847700004,10.50761155500004],[107.13124052300009,10.507617248000031],[107.13173035800008,10.507661798000072],[107.13175987000005,10.507664821000049],[107.13177057400009,10.507666343000039],[107.13176891500007,10.507678500000054],[107.13175406200008,10.507787498000027],[107.13163636100006,10.508625856000037],[107.13061191600008,10.508535970000025]]]},"properties":{"OBJECTID":741,"FID":740,"Shape_Leng":442.42411571000002,"Sothua":156,"So_To":42,"LoaidatHT":"DTT","Khuphomoi":"Khu phố Kim Hải","Sothuacu":0,"Sotocu":42,"Phuongcu":"Phường Kim Dinh","Nguoisudun":"Sân bóng đá phường Kim Dinh","Quyetdinh":"Quyết định 2057/QD-UBND ngày 28/7/2021 mục đích thể dục thể thao","ID":"156.42","Shape_Length":0.0040206760002905384,"Shape_Area":1.0153548166910335e-06}},{"type":"Feature","id":742,"geometry":{"type":"Polygon","coordinates":[[[107.14675111100007,10.505459190000067],[107.14649118100004,10.505468868000037],[107.14617229300006,10.505480629000033],[107.14588934100004,10.505490923000025],[107.14557630100006,10.505502433000061],[107.14526716300009,10.505513742000062],[107.14483301200005,10.505529777000049],[107.14439599100007,10.50554590400003],[107.14429838500007,10.505222599000035],[107.14443228000005,10.505174013000044],[107.14456488200005,10.505124441000021],[107.14501277800008,10.504960132000065],[107.14561429800005,10.504744851000055],[107.14610086500005,10.504566130000057],[107.14648424300009,10.504411650000065],[107.14658097700004,10.50465846700007],[107.14660489300007,10.504720389000056],[107.14661593900007,10.504743321000035],[107.14662593700007,10.504769722000049],[107.14663818700006,10.504807518000064],[107.14664700500003,10.50483022800006],[107.14665489700008,10.504850098000077],[107.14666103800005,10.504868174000023],[107.14667166900006,10.504902016000074],[107.14668146100007,10.504931428000077],[107.14668744600004,10.504953988000068],[107.14669713300009,10.504995261000033],[107.14669749400008,10.504997431000049],[107.14670389600008,10.505030959000067],[107.14670907900006,10.505062332000023],[107.14671041300005,10.505071810000061],[107.14676089800008,10.505405830000029],[107.14675111100007,10.505459190000067]]]},"properties":{"OBJECTID":742,"FID":741,"Shape_Leng":671.71373187200004,"Sothua":21,"So_To":50,"LoaidatHT":"DCH","Khuphomoi":"Khu phố Hải Dinh","Sothuacu":0,"Sotocu":50,"Phuongcu":"Phường Kim Dinh","Nguoisudun":"Chợ","Quyetdinh":" ","ID":"21.50","Shape_Length":0.0061177843955838411,"Shape_Area":1.6666007518592399e-06}},{"type":"Feature","id":743,"geometry":{"type":"Polygon","coordinates":[[[107.16338377600005,10.523003060000065],[107.16336295600007,10.523093884000048],[107.16311532300006,10.523797097000056],[107.16310380800007,10.523794019000036],[107.16243363400008,10.523615102000065],[107.16247213700007,10.523594288000027],[107.16265441000007,10.523495897000032],[107.16305884600007,10.523219807000032],[107.16320936300008,10.523100743000043],[107.16322850900008,10.523073655000076],[107.16328078500004,10.523016430000041],[107.16337296000006,10.522925015000055],[107.16338377600005,10.523003060000065]]]},"properties":{"OBJECTID":743,"FID":742,"Shape_Leng":307.63670672500001,"Sothua":87,"So_To":100,"LoaidatHT":"NTD","Khuphomoi":"Khu phố Phước Tân","Sothuacu":87,"Sotocu":18,"Phuongcu":"Phường Tân Hưng","Nguoisudun":"Nghĩa địa","Quyetdinh":" ","ID":"87.100","Shape_Length":0.0027960798214491734,"Shape_Area":3.0023922462419016e-07}},{"type":"Feature","id":744,"geometry":{"type":"Polygon","coordinates":[[[107.16300453100007,10.521890932000076],[107.16307856600008,10.521932089000074],[107.16315823300005,10.521976366000047],[107.16323790000007,10.522020652000037],[107.16334577600009,10.52208061400006],[107.16373092100008,10.52229460600006],[107.16360922700005,10.522488042000077],[107.16347830500007,10.522681370000043],[107.16308043700008,10.522576119000064],[107.16274697700004,10.522375964000048],[107.16231924200008,10.522267039000042],[107.16225078500008,10.522232556000063],[107.16242143800008,10.522093910000024],[107.16244925800004,10.522021632000076],[107.16247518500006,10.52198370800005],[107.16250476800008,10.521940438000058],[107.16266937100005,10.521816988000069],[107.16273293400008,10.521825902000046],[107.16273587600006,10.521820908000052],[107.16300453100007,10.521890932000076]]]},"properties":{"OBJECTID":744,"FID":743,"Shape_Leng":391.02426939999998,"Sothua":154,"So_To":100,"LoaidatHT":"NTD","Khuphomoi":"Khu phố Phước Tân","Sothuacu":154,"Sotocu":18,"Phuongcu":"Phường Tân Hưng","Nguoisudun":"Nghĩa địa","Quyetdinh":" ","ID":"154.100","Shape_Length":0.0035605925696792044,"Shape_Area":6.6241656048753039e-07}},{"type":"Feature","id":745,"geometry":{"type":"Polygon","coordinates":[[[107.15764199600005,10.500153314000045],[107.15779687000008,10.500173494000023],[107.15778023700005,10.500282372000072],[107.15762393800009,10.500262471000042],[107.15764199600005,10.500153314000045]]]},"properties":{"OBJECTID":745,"FID":744,"Shape_Leng":58.782512296900002,"Sothua":210,"So_To":119,"LoaidatHT":"NTD","Khuphomoi":"Khu phố Hương Sơn","Sothuacu":0,"Sotocu":13,"Phuongcu":"Phường Long Hương","Nguoisudun":"Nghĩa trang","Quyetdinh":" ","ID":"210.119","Shape_Length":0.00053452581691162634,"Shape_Area":1.7309263760103733e-08}},{"type":"Feature","id":746,"geometry":{"type":"Polygon","coordinates":[[[107.16418583400008,10.498242092000055],[107.16413137100005,10.497987963000071],[107.16411347300004,10.497906406000027],[107.16416289100005,10.497889672000042],[107.16424153300005,10.497863407000068],[107.16426826800006,10.497909793000076],[107.16434338800008,10.498216823000064],[107.16418583400008,10.498242092000055]]]},"properties":{"OBJECTID":746,"FID":745,"Shape_Leng":111.123575804,"Sothua":80,"So_To":133,"LoaidatHT":"DYT","Khuphomoi":"Khu phố Hương Giang","Sothuacu":0,"Sotocu":55,"Phuongcu":"Phường Long Hương","Nguoisudun":"Trung tâm y tế phường Long Hương","Quyetdinh":" ","ID":"80.133","Shape_Length":0.0010076763805429694,"Shape_Area":5.4495339250316273e-08}},{"type":"Feature","id":747,"geometry":{"type":"Polygon","coordinates":[[[107.15639034300006,10.500773713000058],[107.15625003900004,10.500807373000043],[107.15603881800007,10.500858061000031],[107.15601094000004,10.500870386000031],[107.15588107700006,10.500889708000045],[107.15587595000005,10.500862086000041],[107.15586919900005,10.500809111000024],[107.15586716800004,10.500782364000031],[107.15586509100007,10.500755345000073],[107.15586318700008,10.500737874000038],[107.15601483300009,10.500716648000036],[107.15600276000004,10.500680633000059],[107.15600365700004,10.500651324000046],[107.15600479400007,10.500639726000031],[107.15600487600005,10.500625486000047],[107.15600476000009,10.500623687000029],[107.15600080400009,10.500609404000045],[107.15600608700004,10.500608356000043],[107.15606152400005,10.500592746000052],[107.15606587000008,10.500608224000075],[107.15613556000005,10.500591899000028],[107.15615540700009,10.500680584000065],[107.15623845100004,10.500660922000066],[107.15631079100007,10.500644321000038],[107.15631053800007,10.500642983000034],[107.15635523200007,10.500631557000077],[107.15635493200006,10.500630670000021],[107.15638037000008,10.500618874000054],[107.15641243500005,10.500605327000073],[107.15641330300008,10.500604967000072],[107.15642187000009,10.500596294000047],[107.15643618400009,10.500630994000062],[107.15645556900006,10.500626329000056],[107.15646574900006,10.500668136000058],[107.15644489000005,10.500674417000027],[107.15645314500006,10.500714303000052],[107.15644876700009,10.500715498000034],[107.15640672100005,10.500726965000069],[107.15641084500004,10.500744250000025],[107.15641422500005,10.500758406000045],[107.15639442200006,10.500761714000021],[107.15639684200005,10.500772161000043],[107.15639034300006,10.500773713000058]]]},"properties":{"OBJECTID":747,"FID":746,"Shape_Leng":191.81633863499999,"Sothua":0,"So_To":119,"LoaidatHT":"NTD","Khuphomoi":"Khu phố Hương Sơn","Sothuacu":0,"Sotocu":13,"Phuongcu":"Phường Long Hương","Nguoisudun":"Nghĩa trang","Quyetdinh":" ","ID":"921_2.119","Shape_Length":0.0017456453572624359,"Shape_Area":1.0023833254316763e-07}},{"type":"Feature","id":748,"geometry":{"type":"Polygon","coordinates":[[[107.15730026800009,10.501276535000045],[107.15713837300007,10.500650514000029],[107.15715652400007,10.500646344000074],[107.15715759300008,10.500655966000068],[107.15723930300004,10.500645413000029],[107.15724030100006,10.500648986000044],[107.15724966900007,10.500646961000029],[107.15720473000005,10.500829861000057],[107.15752217800008,10.500947680000024],[107.15754231900007,10.501006738000058],[107.15755358600006,10.501038656000048],[107.15757874600007,10.501086558000054],[107.15760875800004,10.501143157000058],[107.15763735300004,10.501195694000046],[107.15767734600007,10.501269155000045],[107.15748174400005,10.501359961000048],[107.15745801300005,10.501367376000076],[107.15743074800008,10.501340961000039],[107.15741567900005,10.501305356000046],[107.15728053200007,10.501297726000075],[107.15724402200004,10.501290019000066],[107.15730026800009,10.501276535000045]]]},"properties":{"OBJECTID":748,"FID":747,"Shape_Leng":242.63932384,"Sothua":0,"So_To":119,"LoaidatHT":"NTD","Khuphomoi":"Khu phố Hương Sơn","Sothuacu":0,"Sotocu":13,"Phuongcu":"Phường Long Hương","Nguoisudun":"Nghĩa trang","Quyetdinh":" ","ID":"921_3.119","Shape_Length":0.0022030806825253796,"Shape_Area":1.5786900865552375e-07}},{"type":"Feature","id":749,"geometry":{"type":"Polygon","coordinates":[[[107.16116876100006,10.494363790000023],[107.16079643200004,10.494685877000052],[107.16075214100005,10.494677567000053],[107.16047679100006,10.494151224000063],[107.16049782000005,10.494093491000058],[107.16097012800009,10.493896456000073],[107.16116876100006,10.494363790000023]]]},"properties":{"OBJECTID":749,"FID":748,"Shape_Leng":243.676827363,"Sothua":184,"So_To":72,"LoaidatHT":"DGD","Khuphomoi":"Khu phố Hương Giang","Sothuacu":0,"Sotocu":23,"Phuongcu":"phường Long Hương","Nguoisudun":" ","Quyetdinh":" ","ID":"184.72","Shape_Length":0.0022123875882770539,"Shape_Area":3.1366296067794374e-07}},{"type":"Feature","id":750,"geometry":{"type":"Polygon","coordinates":[[[107.16384465300007,10.499956648000023],[107.16377467400008,10.49983605500006],[107.16363937700004,10.499602653000068],[107.16366592800006,10.499547740000025],[107.16396988600007,10.499397323000039],[107.16427284900004,10.49924698500007],[107.16451055900006,10.499659594000036],[107.16458949500009,10.499796611000022],[107.16393861800009,10.50011859500006],[107.16384465300007,10.499956648000023]]]},"properties":{"OBJECTID":750,"FID":749,"Shape_Leng":296.56199153900002,"Sothua":13,"So_To":133,"LoaidatHT":"DVH","Khuphomoi":"Khu phố Hương Điền","Sothuacu":0,"Sotocu":55,"Phuongcu":"Phường Long Hương","Nguoisudun":"Trung tâm văn hóa phường Long Hương","Quyetdinh":" ","ID":"13.133","Shape_Length":0.0026952660139029933,"Shape_Area":4.5910663160248542e-07}},{"type":"Feature","id":751,"geometry":{"type":"Polygon","coordinates":[[[107.16520350000008,10.50015468600003],[107.16514491600009,10.500188166000044],[107.16480564800008,10.500382061000039],[107.16479991500006,10.500384780000047],[107.16466739400005,10.500447725000072],[107.16424575600007,10.500648004000027],[107.16404534100008,10.500302544000021],[107.16393861800009,10.50011859500006],[107.16458949500009,10.499796611000022],[107.16451055700009,10.499659591000068],[107.16487139100008,10.499437835000037],[107.16491727300007,10.499411818000056],[107.16494079600005,10.499475348000033],[107.16495094500004,10.499504633000072],[107.16496108600006,10.499533872000029],[107.16497205300004,10.499565519000043],[107.16495973600007,10.499571725000067],[107.16497052000005,10.499593534000041],[107.16498792500005,10.49963125000005],[107.16509789300005,10.49985343000003],[107.16521126000004,10.50008002900006],[107.16523610500008,10.500130733000049],[107.16523813400005,10.50013487700005],[107.16520350000008,10.50015468600003]]]},"properties":{"OBJECTID":751,"FID":750,"Shape_Leng":428.58143343299997,"Sothua":7,"So_To":133,"LoaidatHT":"DGD","Khuphomoi":"Khu phố Hương Điền","Sothuacu":0,"Sotocu":55,"Phuongcu":"Phường Long Hương","Nguoisudun":"Trường tiểu học Long Hương","Quyetdinh":"Công văn 25/QD-CCTHADS ngày 19/5/2021","ID":"7.133","Shape_Length":0.0038958038903954663,"Shape_Area":7.7646530032782855e-07}},{"type":"Feature","id":752,"geometry":{"type":"Polygon","coordinates":[[[107.15621219400003,10.501537373000076],[107.15620185700004,10.501496759000077],[107.15619243600008,10.501459845000056],[107.15616785300006,10.501363520000041],[107.15615890300006,10.501328469000043],[107.15611721800008,10.501165172000071],[107.15611671000005,10.501163163000058],[107.15609481200005,10.501077385000031],[107.15606527800009,10.50096166700007],[107.15605776900009,10.500932233000071],[107.15603881800007,10.500858061000031],[107.15625003900004,10.500807373000043],[107.15639034300006,10.500773713000058],[107.15639684200005,10.500772161000043],[107.15652002800005,10.50074260100007],[107.15669099700006,10.500701512000035],[107.15671525300007,10.500695680000035],[107.15682020500009,10.500670516000071],[107.15687538200007,10.500657283000066],[107.15687958900008,10.500655121000023],[107.15704139700006,10.500617351000074],[107.15708705900005,10.500606686000026],[107.15712681700006,10.500597177000031],[107.15713837300007,10.500650514000029],[107.15730026800009,10.501276535000045],[107.15724402200004,10.501290019000066],[107.15690343700004,10.50137167500003],[107.15682152600004,10.501391322000075],[107.15636029500007,10.501501919000077],[107.15632763000008,10.501509742000053],[107.15622508100006,10.501534323000044],[107.15621219400003,10.501537373000076]]]},"properties":{"OBJECTID":752,"FID":751,"Shape_Leng":400.24032309099999,"Sothua":0,"So_To":119,"LoaidatHT":"DTT","Khuphomoi":"Khu phố Hương Sơn","Sothuacu":0,"Sotocu":13,"Phuongcu":"Phường Long Hương","Nguoisudun":"Sân bóng Long Hương","Quyetdinh":" ","ID":"921_1.119","Shape_Length":0.0036401587069384133,"Shape_Area":7.8390649175949353e-07}},{"type":"Feature","id":753,"geometry":{"type":"Polygon","coordinates":[[[107.15769611900004,10.517355563000024],[107.15761184100006,10.517409839000038],[107.15695882100005,10.517830246000074],[107.15682681900006,10.516948948000049],[107.15720250000004,10.516936267000062],[107.15728909100005,10.516972869000028],[107.15769611900004,10.517355563000024]]]},"properties":{"OBJECTID":753,"FID":752,"Shape_Leng":307.82755429000002,"Sothua":958,"So_To":62,"LoaidatHT":"CAN","Khuphomoi":"Khu phố Hương Sơn","Sothuacu":0,"Sotocu":4,"Phuongcu":"phường Long Hương","Nguoisudun":" ","Quyetdinh":" ","ID":"958.62","Shape_Length":0.0027966035931648232,"Shape_Area":4.4723577548701758e-07}},{"type":"Feature","id":754,"geometry":{"type":"MultiPolygon","coordinates":[[[[107.16124791500005,10.51349194200003],[107.16007432800006,10.514500886000064],[107.16014242900008,10.514577591000034],[107.16141981200008,10.513475047000043],[107.16145821200007,10.513508480000041],[107.16149588200005,10.513541098000076],[107.16223979000006,10.514187561000028],[107.16287105500004,10.514736080000034],[107.16312388600005,10.514958055000022],[107.16330548400003,10.515116973000033],[107.16332838100004,10.515135459000021],[107.16379519800006,10.515541275000032],[107.16381243700005,10.515556043000061],[107.16415301800004,10.515852136000035],[107.16419880600006,10.515892002000044],[107.16429120300006,10.51597227700006],[107.16446623700006,10.51612440100007],[107.16457541800008,10.516219208000052],[107.16435077800008,10.516249308000056],[107.16434732300007,10.51625944500006],[107.16433583700007,10.516265626000063],[107.16429857200006,10.516254862000039],[107.16424096200006,10.516234883000038],[107.16421468100003,10.516233433000025],[107.16418346300009,10.516252706000046],[107.16415494400007,10.51628456800006],[107.16409450700007,10.516334065000024],[107.16404459200004,10.516340871000068],[107.16400931200008,10.516358653000054],[107.16398483800003,10.516396834000034],[107.16394578600006,10.516452247000075],[107.16393491300005,10.516486584000063],[107.16391875400006,10.516514157000074],[107.16382532400007,10.516570066000043],[107.16379880300008,10.516603306000036],[107.16379040000004,10.516635911000037],[107.16377102000007,10.516661488000068],[107.16363523400008,10.516775780000046],[107.16360559800006,10.51680895100003],[107.16356612500005,10.516879381000024],[107.16355277900004,10.516931767000074],[107.16353087100003,10.517023178000045],[107.16338970700008,10.517232535000062],[107.16331435500007,10.517337806000057],[107.16329309200006,10.517431262000059],[107.16329295600008,10.517502985000021],[107.16327671800008,10.517529590000038],[107.16325312300006,10.517556353000032],[107.16323514400005,10.517580333000069],[107.16318833000008,10.517638815000055],[107.16315306200005,10.517727235000052],[107.16313116800006,10.517825707000043],[107.16312006800007,10.517850134000071],[107.16309420900006,10.517885337000052],[107.16305693800007,10.517917021000073],[107.16305100100004,10.517930915000022],[107.16303162900005,10.517976238000074],[107.16299218300009,10.518036642000027],[107.16297789100008,10.518043685000066],[107.16295897000003,10.518053116000033],[107.16294021400006,10.518067620000068],[107.16292091500009,10.518093460000046],[107.16289419500004,10.518130333000045],[107.16286393700005,10.518154237000033],[107.16282713000004,10.518167089000031],[107.16276176400004,10.518180249000068],[107.16273108000007,10.51817813100007],[107.16270985600005,10.518173752000052],[107.16267152800003,10.518184033000068],[107.16262780700004,10.518220894000024],[107.16261396900006,10.518243380000058],[107.16259786200004,10.518262536000066],[107.16258892800005,10.518266832000052],[107.16256293900005,10.518260248000047],[107.16253665200009,10.518251898000074],[107.16252245300007,10.51824788600004],[107.16251062400005,10.518251733000056],[107.16248461000004,10.518277461000025],[107.16246770800007,10.518296408000026],[107.16245892300009,10.518309040000076],[107.16245735800004,10.51833945900006],[107.16245357800005,10.518376639000053],[107.16245188900007,10.51841951800003],[107.16245393500009,10.518439259000047],[107.16243092300004,10.518506093000042],[107.16243000200006,10.518524670000033],[107.16241980600006,10.518539145000034],[107.16240064600004,10.518549280000059],[107.16238686400004,10.518552103000047],[107.16236455000006,10.518548635000059],[107.16233684100007,10.518543195000063],[107.16231110800004,10.518532090000065],[107.16222516400006,10.518522601000029],[107.16219124000008,10.51854286300005],[107.16216761500004,10.518561697000052],[107.16215474400008,10.518575261000024],[107.16214070100006,10.518595162000054],[107.16210604500009,10.518611028000066],[107.16208055300007,10.518626405000077],[107.16205356500006,10.518636074000028],[107.16200964400008,10.51864254700007],[107.16194199700004,10.518658859000027],[107.16190213900006,10.518671678000032],[107.16187852600007,10.518679102000021],[107.16185807000005,10.518684470000039],[107.16176518700007,10.518720635000022],[107.16163345900009,10.518785151000031],[107.16146266900006,10.518996632000039],[107.16140360900005,10.519080903000031],[107.16126276800009,10.519277168000031],[107.16122741100008,10.51935456700005],[107.16121502700008,10.519414668000024],[107.16121192300005,10.519490771000051],[107.16119614700006,10.519527999000047],[107.16117484600005,10.519550165000055],[107.16113563400006,10.519621888000074],[107.16113295100007,10.519663788000059],[107.16113085000006,10.519788552000023],[107.16115228800004,10.519824720000031],[107.16117284100005,10.519850824000059],[107.16118388900009,10.519868845000076],[107.16118495600006,10.519889325000065],[107.16117877200008,10.520027950000042],[107.16116952300007,10.520078139000077],[107.16116401200009,10.520151135000049],[107.16114746400007,10.520171727000047],[107.16114906000007,10.520216728000037],[107.16116554900009,10.520265418000065],[107.16117259500004,10.520308187000069],[107.16121273200008,10.52037423400003],[107.16120212400006,10.52040356200007],[107.16117213200005,10.520436859000029],[107.16112784200004,10.520464460000028],[107.16111519300006,10.520485810000025],[107.16111336000006,10.520527586000071],[107.16111588400008,10.520545646000073],[107.16116993600008,10.520684103000065],[107.16122228300009,10.520825657000046],[107.16126468200008,10.520937556000035],[107.16129646000007,10.520998986000052],[107.16130268600006,10.521020670000041],[107.16127427000004,10.52104150200006],[107.16125368000007,10.521044457000073],[107.16123907300005,10.521043751000036],[107.16122076200008,10.52104945800005],[107.16120458600005,10.521042602000023],[107.16118125700007,10.521035027000039],[107.16115536000007,10.521032864000063],[107.16114271200007,10.521025156000064],[107.16112698900008,10.521015470000066],[107.16110800700005,10.521004061000042],[107.16106723700005,10.521001310000031],[107.16094989200008,10.520981860000063],[107.16069728300005,10.520939992000024],[107.16067532600005,10.520936299000027],[107.16056006400004,10.520917279000059],[107.16043047100004,10.520895773000063],[107.16040983000005,10.520892353000022],[107.16036337800006,10.520884645000024],[107.15991753500003,10.52081075500007],[107.15986072600003,10.520801336000034],[107.15973678600005,10.520684819000053],[107.15944378300009,10.520409369000049],[107.15943675100004,10.520402856000032],[107.15924950600004,10.520229252000036],[107.15876606400008,10.519774125000026],[107.15868174300005,10.519694777000041],[107.15856697900006,10.519586784000069],[107.15851344600009,10.519536324000057],[107.15819160900008,10.519233389000021],[107.15811215700006,10.519158670000024],[107.15801286000004,10.519065162000061],[107.15794289300004,10.518999320000034],[107.15791805100008,10.518975948000048],[107.15787521600004,10.518935635000048],[107.15773682400004,10.518805266000072],[107.15771738000007,10.518786957000032],[107.15769786300007,10.518768657000066],[107.15731164300007,10.518405026000039],[107.15721324100008,10.518312441000035],[107.15712204200008,10.518227465000052],[107.15712206700005,10.518214175000026],[107.15710964000004,10.518214966000073],[107.15702099700007,10.518131531000051],[107.15680595400005,10.517929060000029],[107.15675401000004,10.516951618000064],[107.15677662800005,10.516828520000047],[107.15680838700007,10.516654900000049],[107.15682805200004,10.516547528000046],[107.15687532200008,10.516289402000041],[107.15691566600009,10.516069507000054],[107.15693856300004,10.515944240000067],[107.15701269800007,10.515539518000026],[107.15710880500006,10.51501513200003],[107.15713031600006,10.514897637000047],[107.15714977600004,10.514897311000027],[107.15742778900005,10.513410024000052],[107.15761940600004,10.51348768400004],[107.15835908700006,10.513566366000077],[107.15877364600004,10.513635896000039],[107.15974054500003,10.513798067000039],[107.15974987000004,10.51379963100004],[107.15975617200007,10.513800691000029],[107.16007857600005,10.512937140000076],[107.16107997000006,10.513370371000065],[107.16119599300004,10.513420566000036],[107.16126206100006,10.513364634000027],[107.16135685500007,10.513398722000034],[107.16124791500005,10.51349194200003]]],[[[107.15769611900004,10.517355563000024],[107.15761184100006,10.517409839000038],[107.15695882100005,10.517830246000074],[107.15682681900006,10.516948948000049],[107.15720250000004,10.516936267000062],[107.15728909100005,10.516972869000028],[107.15769611900004,10.517355563000024]]]]},"properties":{"OBJECTID":754,"FID":753,"Shape_Leng":3559.0621058299998,"Sothua":582,"So_To":104,"LoaidatHT":"NTD","Khuphomoi":"Khu phố Hương Sơn","Sothuacu":582,"Sotocu":22,"Phuongcu":"Phường Tân Hưng","Nguoisudun":"Nghĩa trang Long Hương","Quyetdinh":" ","ID":"582.104","Shape_Length":0.032331978356421175,"Shape_Area":3.7459138871737692e-05}},{"type":"Feature","id":755,"geometry":{"type":"Polygon","coordinates":[[[107.15501098700008,10.521170234000067],[107.15518649200004,10.520975708000037],[107.15523912900005,10.520917306000058],[107.15529333000006,10.520986036000068],[107.15532956500005,10.52103194700004],[107.15534929000006,10.521042201000057],[107.15541836900007,10.521093961000076],[107.15505478300008,10.521359655000026],[107.15496188000009,10.521234973000048],[107.15501098700008,10.521170234000067]]]},"properties":{"OBJECTID":755,"FID":754,"Shape_Leng":141.11395785600001,"Sothua":144,"So_To":62,"LoaidatHT":"DGD","Khuphomoi":"Khu phố Hương Sơn","Sothuacu":0,"Sotocu":4,"Phuongcu":"phường Long Hương","Nguoisudun":"TT SH Lái xe Đặng Lâm","Quyetdinh":" ","ID":"144.62","Shape_Length":0.0012822519919621603,"Shape_Area":8.7004682716147433e-08}},{"type":"Feature","id":756,"geometry":{"type":"Polygon","coordinates":[[[107.15727201800007,10.520114927000066],[107.15750736300004,10.520389521000027],[107.15754151100003,10.520462826000028],[107.15753734600008,10.520473035000066],[107.15755735600004,10.520535571000039],[107.15743824100008,10.520573685000045],[107.15741227000007,10.520587469000077],[107.15741351200006,10.520702836000055],[107.15748796800005,10.520848628000067],[107.15756741400008,10.520820749000052],[107.15755189800007,10.52076448400004],[107.15762108700005,10.520745087000023],[107.15767791200005,10.520935343000076],[107.15762061500004,10.520949784000038],[107.15761243200006,10.520928602000026],[107.15751365000006,10.520939448000036],[107.15745682300008,10.520988346000024],[107.15669311800008,10.520465607000062],[107.15693019900004,10.520372294000026],[107.15705476100004,10.520305622000024],[107.15715886300006,10.520236652000051],[107.15727201800007,10.520114927000066]]]},"properties":{"OBJECTID":756,"FID":755,"Shape_Leng":355.76786853099998,"Sothua":187,"So_To":62,"LoaidatHT":"DGD","Khuphomoi":"Khu phố Hương Sơn","Sothuacu":0,"Sotocu":4,"Phuongcu":"phường Long Hương","Nguoisudun":"TT SH Lái xe Đặng Lâm","Quyetdinh":" ","ID":"187.62","Shape_Length":0.0032344770952370569,"Shape_Area":3.6080964227451188e-07}},{"type":"Feature","id":757,"geometry":{"type":"Polygon","coordinates":[[[107.14792916500005,10.504522977000022],[107.14804769100004,10.50476893900003],[107.14796753000007,10.504813658000046],[107.14785128200003,10.504571145000057],[107.14792916500005,10.504522977000022]]]},"properties":{"OBJECTID":757,"FID":756,"Shape_Leng":79.980656336099997,"Sothua":32,"So_To":50,"LoaidatHT":"DVH","Khuphomoi":"Khu phố Núi Dinh","Sothuacu":0,"Sotocu":50,"Phuongcu":"Phường Kim Dinh","Nguoisudun":"Trụ sở KP Núi Dinh","Quyetdinh":" ","ID":"32.50","Shape_Length":0.00072533142566860807,"Shape_Area":2.4751998861762607e-08}},{"type":"Feature","id":758,"geometry":{"type":"Polygon","coordinates":[[[107.16756843400009,10.527155320000077],[107.16764386300008,10.527125984000065],[107.16768927200008,10.527369545000056],[107.16761895500008,10.527400156000056],[107.16756843400009,10.527155320000077]]]},"properties":{"OBJECTID":758,"FID":757,"Shape_Leng":72.336845037399996,"Sothua":875,"So_To":95,"LoaidatHT":"DSH","Khuphomoi":"Khu phố Tân Hưng","Sothuacu":875,"Sotocu":13,"Phuongcu":"Phường Tân Hưng","Nguoisudun":"Trụ sở ấp 3","Quyetdinh":" ","ID":"875.95","Shape_Length":0.00065537582998051935,"Shape_Area":1.9233156215361337e-08}},{"type":"Feature","id":759,"geometry":{"type":"Polygon","coordinates":[[[107.13482932700003,10.505681510000045],[107.13481402900004,10.505886704000034],[107.13471143300006,10.505869462000021],[107.13473482800003,10.50566678000007],[107.13482932700003,10.505681510000045]]]},"properties":{"OBJECTID":759,"FID":758,"Shape_Leng":67.205121649299997,"Sothua":53,"So_To":47,"LoaidatHT":"DVH","Khuphomoi":"Khu phố Kim Hải","Sothuacu":0,"Sotocu":47,"Phuongcu":"Phường Kim Dinh","Nguoisudun":"Trụ sở KP Kim Dinh","Quyetdinh":" ","ID":"53.47","Shape_Length":0.0006094660736823364,"Shape_Area":2.0406853198197482e-08}},{"type":"Feature","id":760,"geometry":{"type":"Polygon","coordinates":[[[107.16473747500004,10.499009146000049],[107.16480067700007,10.499134428000048],[107.16480226000004,10.499137506000068],[107.16493020200005,10.499386300000026],[107.16491727300007,10.499411818000056],[107.16487139100008,10.499437835000037],[107.16451055900006,10.499659594000036],[107.16427284900004,10.49924698500007],[107.16432916800005,10.499219034000021],[107.16461651400004,10.499075503000029],[107.16473747500004,10.499009146000049]]]},"properties":{"OBJECTID":760,"FID":759,"Shape_Leng":212.060896407,"Sothua":22,"So_To":133,"LoaidatHT":"DVH","Khuphomoi":"Khu phố Hương Điền","Sothuacu":0,"Sotocu":55,"Phuongcu":"Phường Long Hương","Nguoisudun":"Đền thờ liệt sĩ Long Hương","Quyetdinh":" ","ID":"22.133","Shape_Length":0.0019266509758592326,"Shape_Area":2.3157631916627702e-07}},{"type":"Feature","id":761,"geometry":{"type":"Polygon","coordinates":[[[107.15959619600005,10.507921357000043],[107.15910589100008,10.507241356000065],[107.15906745700005,10.507188051000071],[107.15904715300007,10.507142293000072],[107.15929935900004,10.507033915000022],[107.16000685500006,10.507775393000031],[107.16001685800006,10.507766045000039],[107.16003847400003,10.507787635000057],[107.16003069600004,10.507790752000062],[107.16002497300008,10.507793047000064],[107.15962079000008,10.507955181000057],[107.15959619600005,10.507921357000043]]]},"properties":{"OBJECTID":761,"FID":760,"Shape_Leng":306.97482619599998,"Sothua":24,"So_To":112,"LoaidatHT":"NTD","Khuphomoi":"Khu phố Hương Điền","Sothuacu":24,"Sotocu":39,"Phuongcu":"Phường Long Hương","Nguoisudun":" ","Quyetdinh":"Quyết định 3529/QD-UBND ngày 27/12/2024 sử dụng mục đihcs giao thông","ID":"24.112","Shape_Length":0.0027895732179372,"Shape_Area":3.5068264048163972e-07}},{"type":"Feature","id":762,"geometry":{"type":"Polygon","coordinates":[[[107.15551529300006,10.520732915000053],[107.15551642200006,10.520733731000064],[107.15551762500007,10.520734546000028],[107.15566822200009,10.520842074000029],[107.15573511200006,10.520889829000055],[107.15552371100006,10.521119988000066],[107.15534544600007,10.521002861000056],[107.15529190900008,10.520941638000068],[107.15530114900008,10.520917241000063],[107.15551529300006,10.520732915000053]]]},"properties":{"OBJECTID":762,"FID":761,"Shape_Leng":130.43520990299999,"Sothua":172,"So_To":62,"LoaidatHT":"DGD","Khuphomoi":"Khu phố Hương Sơn","Sothuacu":0,"Sotocu":4,"Phuongcu":"phường Long Hương","Nguoisudun":"TT SH Lái xe Đặng Lâm","Quyetdinh":" ","ID":"172.62","Shape_Length":0.0011858573735164944,"Shape_Area":9.0079590387769332e-08}},{"type":"Feature","id":763,"geometry":{"type":"Polygon","coordinates":[[[107.15573510900003,10.520889828000065],[107.15586577200008,10.520977048000077],[107.15603657800006,10.521094179000045],[107.15611269200008,10.521149606000051],[107.15582698400004,10.521358210000074],[107.15572328400003,10.521282425000038],[107.15551912300003,10.521133120000059],[107.15551468300004,10.521129858000052],[107.15552374500004,10.521120018000033],[107.15552371100006,10.521119988000066],[107.15573510900003,10.520889828000065]]]},"properties":{"OBJECTID":763,"FID":762,"Shape_Leng":167.64007949500001,"Sothua":679,"So_To":62,"LoaidatHT":"DGD","Khuphomoi":"Khu phố Hương Sơn","Sothuacu":0,"Sotocu":4,"Phuongcu":"phường Long Hương","Nguoisudun":"TT SH Lái xe Đặng Lâm","Quyetdinh":" ","ID":"679.62","Shape_Length":0.0015249367398755011,"Shape_Area":1.3993414009554669e-07}},{"type":"Feature","id":764,"geometry":{"type":"Polygon","coordinates":[[[107.15578455800005,10.520530157000053],[107.15582577500004,10.520577075000062],[107.15566822200009,10.520842074000029],[107.15551762500007,10.520734546000028],[107.15576803100004,10.520542783000053],[107.15578455800005,10.520530157000053]]]},"properties":{"OBJECTID":764,"FID":763,"Shape_Leng":98.184846601000004,"Sothua":381,"So_To":62,"LoaidatHT":"DGD","Khuphomoi":"Khu phố Hương Sơn","Sothuacu":0,"Sotocu":4,"Phuongcu":"phường Long Hương","Nguoisudun":"TT SH Lái xe Đặng Lâm","Quyetdinh":" ","ID":"381.62","Shape_Length":0.00089199043279815501,"Shape_Area":3.8902659116937611e-08}},{"type":"Feature","id":765,"geometry":{"type":"Polygon","coordinates":[[[107.15582577500004,10.520577075000062],[107.15594112400004,10.52062376300006],[107.15604970800007,10.520667637000031],[107.15586577500005,10.520977050000056],[107.15573510900003,10.520889828000065],[107.15566822200009,10.520842074000029],[107.15582577500004,10.520577075000062]]]},"properties":{"OBJECTID":765,"FID":764,"Shape_Leng":126.512853749,"Sothua":382,"So_To":62,"LoaidatHT":"DGD","Khuphomoi":"Khu phố Hương Sơn","Sothuacu":0,"Sotocu":4,"Phuongcu":"phường Long Hương","Nguoisudun":"TT SH Lái xe Đặng Lâm","Quyetdinh":" ","ID":"382.62","Shape_Length":0.0011490924439903761,"Shape_Area":7.9979700666095343e-08}},{"type":"Feature","id":766,"geometry":{"type":"Polygon","coordinates":[[[107.15604970800007,10.520667637000031],[107.15620008900004,10.520724162000022],[107.15624352900005,10.520746124000027],[107.15603658000003,10.521094181000024],[107.15586577200008,10.520977048000077],[107.15604970800007,10.520667637000031]]]},"properties":{"OBJECTID":766,"FID":765,"Shape_Leng":130.10873400200001,"Sothua":383,"So_To":62,"LoaidatHT":"DGD","Khuphomoi":"Khu phố Hương Sơn","Sothuacu":0,"Sotocu":4,"Phuongcu":"phường Long Hương","Nguoisudun":"TT SH Lái xe Đặng Lâm","Quyetdinh":" ","ID":"383.62","Shape_Length":0.0011813308879503801,"Shape_Area":7.9472816516132519e-08}},{"type":"Feature","id":767,"geometry":{"type":"Polygon","coordinates":[[[107.15624352900005,10.520746124000027],[107.15632626700005,10.520787873000074],[107.15641477300005,10.520832511000037],[107.15618776800005,10.521214300000054],[107.15611269200008,10.521149606000051],[107.15603657800006,10.521094179000045],[107.15624352900005,10.520746124000027]]]},"properties":{"OBJECTID":767,"FID":766,"Shape_Leng":135.98681212899999,"Sothua":384,"So_To":62,"LoaidatHT":"DGD","Khuphomoi":"Khu phố Hương Sơn","Sothuacu":0,"Sotocu":4,"Phuongcu":"phường Long Hương","Nguoisudun":"TT SH Lái xe Đặng Lâm","Quyetdinh":" ","ID":"384.62","Shape_Length":0.0012341726330091184,"Shape_Area":8.0853146578263043e-08}},{"type":"Feature","id":768,"geometry":{"type":"Polygon","coordinates":[[[107.15641477300005,10.520832511000037],[107.15641480400006,10.52083252500006],[107.15644183000006,10.520846862000042],[107.15650310900008,10.520879528000023],[107.15656881300004,10.520922049000035],[107.15632473500006,10.521332593000068],[107.15632469900004,10.52133255900003],[107.15618776800005,10.521214300000054],[107.15641477300005,10.520832511000037]]]},"properties":{"OBJECTID":768,"FID":767,"Shape_Leng":141.19783506100001,"Sothua":385,"So_To":62,"LoaidatHT":"DGD","Khuphomoi":"Khu phố Hương Sơn","Sothuacu":0,"Sotocu":4,"Phuongcu":"phường Long Hương","Nguoisudun":"TT SH Lái xe Đặng Lâm","Quyetdinh":" ","ID":"385.62","Shape_Length":0.0012811080920136051,"Shape_Area":8.2455538514987111e-08}},{"type":"Feature","id":769,"geometry":{"type":"Polygon","coordinates":[[[107.15656881300004,10.520922049000035],[107.15670760500007,10.521012103000032],[107.15645177400006,10.521442212000068],[107.15632473500006,10.521332593000068],[107.15656881300004,10.520922049000035]]]},"properties":{"OBJECTID":769,"FID":768,"Shape_Leng":144.54953851499999,"Sothua":386,"So_To":62,"LoaidatHT":"DGD","Khuphomoi":"Khu phố Hương Sơn","Sothuacu":0,"Sotocu":4,"Phuongcu":"phường Long Hương","Nguoisudun":"TT SH Lái xe Đặng Lâm","Quyetdinh":" ","ID":"386.62","Shape_Length":0.001311305531033624,"Shape_Area":8.082248936091495e-08}},{"type":"Feature","id":770,"geometry":{"type":"Polygon","coordinates":[[[107.15670760500007,10.521012103000032],[107.15679581400008,10.521069324000052],[107.15687762700009,10.52112246400003],[107.15688767800003,10.521107381000036],[107.15702245700004,10.521194845000025],[107.15679892000009,10.521468464000066],[107.15685528200004,10.521520465000037],[107.15686646100005,10.521551226000042],[107.15673642400009,10.521624031000044],[107.15670734700007,10.521580211000071],[107.15665339900005,10.521615646000043],[107.15651376200009,10.521495669000046],[107.15645177400006,10.521442212000068],[107.15670760500007,10.521012103000032]]]},"properties":{"OBJECTID":770,"FID":769,"Shape_Leng":206.613624953,"Sothua":166,"So_To":62,"LoaidatHT":"DGD","Khuphomoi":"Khu phố Hương Sơn","Sothuacu":0,"Sotocu":4,"Phuongcu":"phường Long Hương","Nguoisudun":"TT SH Lái xe Đặng Lâm","Quyetdinh":" ","ID":"166.62","Shape_Length":0.001876796332066771,"Shape_Area":1.8204267490263112e-07}},{"type":"Feature","id":771,"geometry":{"type":"Polygon","coordinates":[[[107.15686646000006,10.521551224000063],[107.15691025700005,10.52162951300005],[107.15694080200007,10.521661214000062],[107.15680094300006,10.521748380000076],[107.15680085800005,10.521748427000034],[107.15677587700009,10.521722299000032],[107.15670119500004,10.521644398000035],[107.15673642400009,10.521624031000044],[107.15686646000006,10.521551224000063]]]},"properties":{"OBJECTID":771,"FID":770,"Shape_Leng":69.542193824500004,"Sothua":132,"So_To":62,"LoaidatHT":"DGD","Khuphomoi":"Khu phố Hương Sơn","Sothuacu":0,"Sotocu":4,"Phuongcu":"phường Long Hương","Nguoisudun":"TT SH Lái xe Đặng Lâm","Quyetdinh":" ","ID":"132.62","Shape_Length":0.0006324132508423461,"Shape_Area":2.3715284186792843e-08}},{"type":"Feature","id":772,"geometry":{"type":"Polygon","coordinates":[[[107.15694080100008,10.521661213000073],[107.15697454900004,10.521691385000054],[107.15702409600004,10.521676017000061],[107.15703617100007,10.521715911000058],[107.15704026200007,10.521774686000072],[107.15701517900004,10.521849054000029],[107.15681017300005,10.521758169000066],[107.15680085800005,10.521748427000034],[107.15680094300006,10.521748380000076],[107.15694080100008,10.521661213000073]]]},"properties":{"OBJECTID":772,"FID":771,"Shape_Leng":74.653541826700007,"Sothua":112,"So_To":62,"LoaidatHT":"DGD","Khuphomoi":"Khu phố Hương Sơn","Sothuacu":0,"Sotocu":4,"Phuongcu":"phường Long Hương","Nguoisudun":"TT SH Lái xe Đặng Lâm","Quyetdinh":" ","ID":"112.62","Shape_Length":0.0006788498419765238,"Shape_Area":2.5339388487598381e-08}},{"type":"Feature","id":773,"geometry":{"type":"Polygon","coordinates":[[[107.15704025900004,10.521774685000025],[107.15712071000007,10.521801150000044],[107.15711854300008,10.521835513000042],[107.15710257000006,10.521873188000029],[107.15701517900004,10.521849054000029],[107.15704025900004,10.521774685000025]]]},"properties":{"OBJECTID":773,"FID":772,"Shape_Leng":36.221271850599997,"Sothua":124,"So_To":62,"LoaidatHT":"DGD","Khuphomoi":"Khu phố Hương Sơn","Sothuacu":0,"Sotocu":4,"Phuongcu":"phường Long Hương","Nguoisudun":"TT SH Lái xe Đặng Lâm","Quyetdinh":" ","ID":"124.62","Shape_Length":0.00032919089529241755,"Shape_Area":6.9236523577445402e-09}},{"type":"Feature","id":774,"geometry":{"type":"Polygon","coordinates":[[[107.15703616900004,10.521715911000058],[107.15716403400006,10.521730711000032],[107.15712071000007,10.521801150000044],[107.15704025900004,10.521774685000025],[107.15703616900004,10.521715911000058]]]},"properties":{"OBJECTID":774,"FID":773,"Shape_Leng":39.020223179299997,"Sothua":129,"So_To":62,"LoaidatHT":"DGD","Khuphomoi":"Khu phố Hương Sơn","Sothuacu":0,"Sotocu":4,"Phuongcu":"phường Long Hương","Nguoisudun":"TT SH Lái xe Đặng Lâm","Quyetdinh":" ","ID":"129.62","Shape_Length":0.00035502292101497563,"Shape_Area":7.1340315800017355e-09}},{"type":"Feature","id":775,"geometry":{"type":"Polygon","coordinates":[[[107.15716236200007,10.52161416000007],[107.15716403400006,10.521730711000032],[107.15703616900004,10.521715911000058],[107.15702409400006,10.521676018000051],[107.15716236200007,10.52161416000007]]]},"properties":{"OBJECTID":775,"FID":774,"Shape_Leng":48.214528815100003,"Sothua":131,"So_To":62,"LoaidatHT":"DGD","Khuphomoi":"Khu phố Hương Sơn","Sothuacu":0,"Sotocu":4,"Phuongcu":"phường Long Hương","Nguoisudun":"TT SH Lái xe Đặng Lâm","Quyetdinh":" ","ID":"131.62","Shape_Length":0.00043843634869359521,"Shape_Area":1.0570454343121335e-08}},{"type":"Feature","id":776,"geometry":{"type":"Polygon","coordinates":[[[107.15697209900009,10.521586503000037],[107.15702409500005,10.52167601900004],[107.15697454900004,10.521691385000054],[107.15694080100008,10.521661213000073],[107.15691025500007,10.52162951400004],[107.15697209900009,10.521586503000037]]]},"properties":{"OBJECTID":776,"FID":775,"Shape_Leng":35.211567346000002,"Sothua":133,"So_To":62,"LoaidatHT":"DGD","Khuphomoi":"Khu phố Hương Sơn","Sothuacu":0,"Sotocu":4,"Phuongcu":"phường Long Hương","Nguoisudun":"TT SH Lái xe Đặng Lâm","Quyetdinh":" ","ID":"133.62","Shape_Length":0.00032001603633254419,"Shape_Area":5.9869867863254447e-09}},{"type":"Feature","id":777,"geometry":{"type":"Polygon","coordinates":[[[107.15698745200007,10.521488888000022],[107.15702654700004,10.521541582000054],[107.15697209700005,10.521586504000027],[107.15691025500007,10.52162951400004],[107.15686646000006,10.521551224000063],[107.15685528000006,10.521520466000027],[107.15698745200007,10.521488888000022]]]},"properties":{"OBJECTID":777,"FID":776,"Shape_Leng":51.676222256000003,"Sothua":138,"So_To":62,"LoaidatHT":"DGD","Khuphomoi":"Khu phố Hương Sơn","Sothuacu":0,"Sotocu":4,"Phuongcu":"phường Long Hương","Nguoisudun":"TT SH Lái xe Đặng Lâm","Quyetdinh":" ","ID":"138.62","Shape_Length":0.00046985549766844761,"Shape_Area":1.3311310615017483e-08}},{"type":"Feature","id":778,"geometry":{"type":"Polygon","coordinates":[[[107.15368032700007,10.501513154000065],[107.15356852600007,10.501534238000033],[107.15355701300007,10.501479301000074],[107.15355647400008,10.501479390000043],[107.15354688400004,10.50143633600004],[107.15363827400006,10.501417901000025],[107.15363929800009,10.501420315000075],[107.15364935800005,10.501443988000062],[107.15366491200007,10.501479458000063],[107.15368025200007,10.501512991000027],[107.15368032700007,10.501513154000065]]]},"properties":{"OBJECTID":778,"FID":777,"Shape_Leng":45.3224961771,"Sothua":12,"So_To":20,"LoaidatHT":"ODT","Khuphomoi":"Khu phố Núi Dinh","Sothuacu":12,"Sotocu":20,"Phuongcu":"Phường Kim Dinh","Nguoisudun":"Hoa viên nam dinh","Quyetdinh":"Quyết định 3693/QĐ-UBND","ID":"12.20","Shape_Length":0.00041191744527325352,"Shape_Area":1.0390272939242764e-08}},{"type":"Feature","id":779,"geometry":{"type":"Polygon","coordinates":[[[107.16574585000006,10.502793229000076],[107.16553515400005,10.502890377000028],[107.16544607300006,10.502850734000049],[107.16540190400008,10.502771447000043],[107.16545672900008,10.502659620000031],[107.16546263200007,10.502629904000059],[107.16549834800009,10.502638981000075],[107.16549075500006,10.50266988900006],[107.16549070200006,10.502670112000033],[107.16564949200006,10.502718082000058],[107.16564955300004,10.50271781400005],[107.16565017700009,10.502718003000041],[107.16576325800008,10.502737486000058],[107.16574585000006,10.502793229000076]]]},"properties":{"OBJECTID":779,"FID":778,"Shape_Leng":108.155850587,"Sothua":408,"So_To":125,"LoaidatHT":"TSC","Khuphomoi":"Khu phố Hương Điền","Sothuacu":408,"Sotocu":15,"Phuongcu":"Phường Long Hương","Nguoisudun":"Trụ sở khu phố Hương Điền","Quyetdinh":" ","ID":"408.125","Shape_Length":0.00098397479416190842,"Shape_Area":5.0371103298678824e-08}},{"type":"Feature","id":780,"geometry":{"type":"Polygon","coordinates":[[[107.16589442600008,10.502782499000034],[107.16565093600008,10.502892895000059],[107.16574994600006,10.502806373000055],[107.16578687800006,10.502793513000029],[107.16582063400006,10.502769435000062],[107.16589442600008,10.502782499000034]]]},"properties":{"OBJECTID":780,"FID":779,"Shape_Leng":60.841623914700001,"Sothua":4000,"So_To":125,"LoaidatHT":"DGT","Khuphomoi":"Khu phố Hương Điền","Sothuacu":0,"Sotocu":15,"Phuongcu":"Phường Long Hương","Nguoisudun":"Đất nhỏ","Quyetdinh":" ","ID":"4000.125","Shape_Length":0.00055434510091580949,"Shape_Area":6.6654921063281891e-09}},{"type":"Feature","id":781,"geometry":{"type":"Polygon","coordinates":[[[107.16527502400004,10.503100177000022],[107.16524903400006,10.503109152000036],[107.16523419900005,10.503098935000025],[107.16524695400005,10.503068554000038],[107.16526138800003,10.503039974000046],[107.16531642300004,10.502936261000059],[107.16537102200004,10.503034200000059],[107.16535402500006,10.503049023000074],[107.16530388400008,10.503085204000058],[107.16527502400004,10.503100177000022]]]},"properties":{"OBJECTID":781,"FID":780,"Shape_Leng":50.349385823600002,"Sothua":413,"So_To":125,"LoaidatHT":"HNK","Khuphomoi":"Khu phố Hương Điền","Sothuacu":0,"Sotocu":15,"Phuongcu":"Phường Long Hương","Nguoisudun":" ","Quyetdinh":"Quyết định 3693/QĐ-UBND","ID":"413.125","Shape_Length":0.00045691466679886731,"Shape_Area":1.0620117822181705e-08}},{"type":"Feature","id":782,"geometry":{"type":"Polygon","coordinates":[[[107.16542421400004,10.503129651000052],[107.16525733900005,10.50322251800003],[107.16524964300004,10.503166235000037],[107.16524982300007,10.503166014000044],[107.16533353000005,10.503104507000046],[107.16537076100008,10.503078447000064],[107.16538814400008,10.503064917000074],[107.16542421400004,10.503129651000052]]]},"properties":{"OBJECTID":782,"FID":781,"Shape_Leng":54.289291021399997,"Sothua":480,"So_To":125,"LoaidatHT":"HNK","Khuphomoi":"Khu phố Hương Điền","Sothuacu":0,"Sotocu":15,"Phuongcu":"Phường Long Hương","Nguoisudun":" ","Quyetdinh":"Quyết định 3693/QĐ-UBND","ID":"480.125","Shape_Length":0.00049351987578126369,"Shape_Area":1.1367007121713399e-08}},{"type":"Feature","id":783,"geometry":{"type":"Polygon","coordinates":[[[107.16544627400003,10.503169238000055],[107.16527513600005,10.503264151000053],[107.16525733900005,10.50322251800003],[107.16542421400004,10.503129651000052],[107.16544627400003,10.503169238000055]]]},"properties":{"OBJECTID":783,"FID":782,"Shape_Leng":52.448445313699999,"Sothua":479,"So_To":125,"LoaidatHT":"HNK","Khuphomoi":"Khu phố Hương Điền","Sothuacu":0,"Sotocu":15,"Phuongcu":"Phường Long Hương","Nguoisudun":" ","Quyetdinh":"Quyết định 3693/QĐ-UBND","ID":"479.125","Shape_Length":0.00047726660718004377,"Shape_Area":8.7344408310742198e-09}},{"type":"Feature","id":784,"geometry":{"type":"Polygon","coordinates":[[[107.16546833200005,10.503208822000033],[107.16529362900008,10.503305486000045],[107.16527513600005,10.503264151000053],[107.16544627400003,10.503169238000055],[107.16546833200005,10.503208822000033]]]},"properties":{"OBJECTID":784,"FID":783,"Shape_Leng":53.401303142099998,"Sothua":478,"So_To":125,"LoaidatHT":"HNK","Khuphomoi":"Khu phố Hương Điền","Sothuacu":0,"Sotocu":15,"Phuongcu":"Phường Long Hương","Nguoisudun":" ","Quyetdinh":"Quyết định 3693/QĐ-UBND","ID":"478.125","Shape_Length":0.00048595603762009601,"Shape_Area":8.938436700037864e-09}},{"type":"Feature","id":785,"geometry":{"type":"Polygon","coordinates":[[[107.16549039000006,10.503248409000037],[107.16531213900004,10.503346814000054],[107.16529362900008,10.503305486000045],[107.16546833200005,10.503208822000033],[107.16549039000006,10.503248409000037]]]},"properties":{"OBJECTID":785,"FID":784,"Shape_Leng":54.269830017499999,"Sothua":477,"So_To":125,"LoaidatHT":"HNK","Khuphomoi":"Khu phố Hương Điền","Sothuacu":0,"Sotocu":15,"Phuongcu":"Phường Long Hương","Nguoisudun":" ","Quyetdinh":"Quyết định 3693/QĐ-UBND","ID":"477.125","Shape_Length":0.000493873637520633,"Shape_Area":9.1182080254871183e-09}},{"type":"Feature","id":786,"geometry":{"type":"Polygon","coordinates":[[[107.16551244700008,10.503287993000072],[107.16533065100003,10.503388142000063],[107.16531213900004,10.503346814000054],[107.16549039000006,10.503248409000037],[107.16551244700008,10.503287993000072]]]},"properties":{"OBJECTID":786,"FID":785,"Shape_Leng":55.135835468800003,"Sothua":476,"So_To":125,"LoaidatHT":"HNK","Khuphomoi":"Khu phố Hương Điền","Sothuacu":0,"Sotocu":15,"Phuongcu":"Phường Long Hương","Nguoisudun":" ","Quyetdinh":"Quyết định 3693/QĐ-UBND","ID":"476.125","Shape_Length":0.00050176524126518528,"Shape_Area":9.2968150290234907e-09}},{"type":"Feature","id":787,"geometry":{"type":"Polygon","coordinates":[[[107.16553450400005,10.503327580000075],[107.16534916000006,10.503429469000025],[107.16533065100003,10.503388142000063],[107.16551244700008,10.503287993000072],[107.16553450400005,10.503327580000075]]]},"properties":{"OBJECTID":787,"FID":786,"Shape_Leng":56.002011498100003,"Sothua":475,"So_To":125,"LoaidatHT":"HNK","Khuphomoi":"Khu phố Hương Điền","Sothuacu":0,"Sotocu":15,"Phuongcu":"Phường Long Hương","Nguoisudun":" ","Quyetdinh":"Quyết định 3693/QĐ-UBND","ID":"475.125","Shape_Length":0.0005096594778856516,"Shape_Area":9.475659863807795e-09}},{"type":"Feature","id":788,"geometry":{"type":"Polygon","coordinates":[[[107.16555656300005,10.503367165000043],[107.16536767000008,10.503470796000045],[107.16534916000006,10.503429469000025],[107.16553450400005,10.503327580000075],[107.16555656300005,10.503367165000043]]]},"properties":{"OBJECTID":788,"FID":787,"Shape_Leng":56.868126112799999,"Sothua":474,"So_To":125,"LoaidatHT":"HNK","Khuphomoi":"Khu phố Hương Điền","Sothuacu":0,"Sotocu":15,"Phuongcu":"Phường Long Hương","Nguoisudun":" ","Quyetdinh":"Quyết định 3693/QĐ-UBND","ID":"474.125","Shape_Length":0.00051755573094791477,"Shape_Area":9.6545012545638566e-09}},{"type":"Feature","id":789,"geometry":{"type":"Polygon","coordinates":[[[107.16557862000008,10.503406752000046],[107.16538618200008,10.503512124000054],[107.16536767000008,10.503470796000045],[107.16555656300005,10.503367165000043],[107.16557862000008,10.503406752000046]]]},"properties":{"OBJECTID":789,"FID":788,"Shape_Leng":57.734810703699999,"Sothua":473,"So_To":125,"LoaidatHT":"HNK","Khuphomoi":"Khu phố Hương Điền","Sothuacu":0,"Sotocu":15,"Phuongcu":"Phường Long Hương","Nguoisudun":" ","Quyetdinh":"Quyết định 3693/QĐ-UBND","ID":"473.125","Shape_Length":0.00052545301356117014,"Shape_Area":9.8336101447653326e-09}},{"type":"Feature","id":790,"geometry":{"type":"Polygon","coordinates":[[[107.16555296800004,10.503485299000033],[107.16540397100005,10.503550799000038],[107.16538618200008,10.503512124000054],[107.16557862000008,10.503406752000046],[107.16555296800004,10.503485299000033]]]},"properties":{"OBJECTID":790,"FID":789,"Shape_Leng":55.769185974199999,"Sothua":472,"So_To":125,"LoaidatHT":"HNK","Khuphomoi":"Khu phố Hương Điền","Sothuacu":0,"Sotocu":15,"Phuongcu":"Phường Long Hương","Nguoisudun":" ","Quyetdinh":"Quyết định 3693/QĐ-UBND","ID":"472.125","Shape_Length":0.0005073565707151708,"Shape_Area":9.6700317531808247e-09}},{"type":"Feature","id":791,"geometry":{"type":"Polygon","coordinates":[[[107.16569533100005,10.503643213000032],[107.16552084000006,10.503740596000057],[107.16548636500005,10.503682774000026],[107.16562727600007,10.503620844000068],[107.16569533100005,10.503643213000032]]]},"properties":{"OBJECTID":791,"FID":790,"Shape_Leng":54.098329503599999,"Sothua":471,"So_To":125,"LoaidatHT":"HNK","Khuphomoi":"Khu phố Hương Điền","Sothuacu":0,"Sotocu":15,"Phuongcu":"Phường Long Hương","Nguoisudun":" ","Quyetdinh":"Quyết định 3693/QĐ-UBND","ID":"471.125","Shape_Length":0.00049270231674479763,"Shape_Area":1.0406690917124574e-08}},{"type":"Feature","id":792,"geometry":{"type":"Polygon","coordinates":[[[107.16572882500009,10.503676415000029],[107.16554405200009,10.503779528000052],[107.16552084000006,10.503740596000057],[107.16569533100005,10.503643213000032],[107.16571368600006,10.503649247000055],[107.16572882500009,10.503676415000029]]]},"properties":{"OBJECTID":792,"FID":791,"Shape_Leng":55.7147663294,"Sothua":470,"So_To":125,"LoaidatHT":"HNK","Khuphomoi":"Khu phố Hương Điền","Sothuacu":0,"Sotocu":15,"Phuongcu":"Phường Long Hương","Nguoisudun":" ","Quyetdinh":"Quyết định 3693/QĐ-UBND","ID":"470.125","Shape_Length":0.00050717267585329083,"Shape_Area":9.5247788479061485e-09}},{"type":"Feature","id":793,"geometry":{"type":"Polygon","coordinates":[[[107.16575088600007,10.503716000000054],[107.16556726500005,10.503818462000027],[107.16554405200009,10.503779528000052],[107.16572882500009,10.503676415000029],[107.16575088600007,10.503716000000054]]]},"properties":{"OBJECTID":793,"FID":792,"Shape_Leng":56.313193005599999,"Sothua":469,"So_To":125,"LoaidatHT":"HNK","Khuphomoi":"Khu phố Hương Điền","Sothuacu":0,"Sotocu":15,"Phuongcu":"Phường Long Hương","Nguoisudun":" ","Quyetdinh":"Quyết định 3693/QĐ-UBND","ID":"469.125","Shape_Length":0.00051251721470671615,"Shape_Area":9.55828275638175e-09}},{"type":"Feature","id":794,"geometry":{"type":"Polygon","coordinates":[[[107.16577294600006,10.503755586000068],[107.16559048000005,10.503857394000022],[107.16556726500005,10.503818462000027],[107.16575088600007,10.503716000000054],[107.16577294600006,10.503755586000068]]]},"properties":{"OBJECTID":794,"FID":793,"Shape_Leng":56.022046598499998,"Sothua":468,"So_To":125,"LoaidatHT":"HNK","Khuphomoi":"Khu phố Hương Điền","Sothuacu":0,"Sotocu":15,"Phuongcu":"Phường Long Hương","Nguoisudun":" ","Quyetdinh":"Quyết định 3693/QĐ-UBND","ID":"468.125","Shape_Length":0.00050986642951326663,"Shape_Area":9.4981858291795271e-09}},{"type":"Feature","id":795,"geometry":{"type":"Polygon","coordinates":[[[107.16579500600005,10.503795168000067],[107.16561369400006,10.503896328000053],[107.16559048000005,10.503857394000022],[107.16577294600006,10.503755586000068],[107.16579500600005,10.503795168000067]]]},"properties":{"OBJECTID":795,"FID":794,"Shape_Leng":55.730890578299999,"Sothua":481,"So_To":125,"LoaidatHT":"HNK","Khuphomoi":"Khu phố Hương Điền","Sothuacu":0,"Sotocu":15,"Phuongcu":"Phường Long Hương","Nguoisudun":" ","Quyetdinh":"Quyết định 3693/QĐ-UBND","ID":"481.125","Shape_Length":0.00050721337842626088,"Shape_Area":9.4378916723126718e-09}},{"type":"Feature","id":796,"geometry":{"type":"Polygon","coordinates":[[[107.16586843800008,10.504020097000023],[107.16585921300003,10.504024094000044],[107.16575607100003,10.503837621000059],[107.16580381200004,10.503810968000039],[107.16588828100004,10.503962538000053],[107.16586843800008,10.504020097000023]]]},"properties":{"OBJECTID":796,"FID":795,"Shape_Leng":56.506434177199999,"Sothua":467,"So_To":125,"LoaidatHT":"HNK","Khuphomoi":"Khu phố Hương Điền","Sothuacu":0,"Sotocu":15,"Phuongcu":"Phường Long Hương","Nguoisudun":" ","Quyetdinh":"Quyết định 3693/QĐ-UBND","ID":"467.125","Shape_Length":0.00051222937303457134,"Shape_Area":1.0854265525551915e-08}},{"type":"Feature","id":797,"geometry":{"type":"Polygon","coordinates":[[[107.16585921300003,10.504024094000044],[107.16581305700004,10.504043746000036],[107.16571230600005,10.503862054000024],[107.16575607100003,10.503837621000059],[107.16585921300003,10.504024094000044]]]},"properties":{"OBJECTID":797,"FID":796,"Shape_Leng":57.456281109599999,"Sothua":466,"So_To":125,"LoaidatHT":"HNK","Khuphomoi":"Khu phố Hương Điền","Sothuacu":0,"Sotocu":15,"Phuongcu":"Phường Long Hương","Nguoisudun":" ","Quyetdinh":"Quyết định 3693/QĐ-UBND","ID":"466.125","Shape_Length":0.0005211425586903577,"Shape_Area":1.0523596963554523e-08}},{"type":"Feature","id":798,"geometry":{"type":"Polygon","coordinates":[[[107.16581305700004,10.504043746000036],[107.16576690100004,10.504063397000039],[107.16566854400008,10.503886486000056],[107.16571230600005,10.503862054000024],[107.16581305700004,10.504043746000036]]]},"properties":{"OBJECTID":798,"FID":797,"Shape_Leng":56.276263966999998,"Sothua":465,"So_To":125,"LoaidatHT":"HNK","Khuphomoi":"Khu phố Hương Điền","Sothuacu":0,"Sotocu":15,"Phuongcu":"Phường Long Hương","Nguoisudun":" ","Quyetdinh":"Quyết định 3693/QĐ-UBND","ID":"465.125","Shape_Length":0.00051045620710306859,"Shape_Area":1.025553562673568e-08}},{"type":"Feature","id":799,"geometry":{"type":"Polygon","coordinates":[[[107.16576690100004,10.504063397000039],[107.16572494200005,10.504081264000035],[107.16572489100008,10.504081178000035],[107.16562318900009,10.503911806000076],[107.16566854400008,10.503886486000056],[107.16576690100004,10.504063397000039]]]},"properties":{"OBJECTID":799,"FID":798,"Shape_Leng":54.855231704600001,"Sothua":464,"So_To":125,"LoaidatHT":"HNK","Khuphomoi":"Khu phố Hương Điền","Sothuacu":0,"Sotocu":15,"Phuongcu":"Phường Long Hương","Nguoisudun":" ","Quyetdinh":"Quyết định 3693/QĐ-UBND","ID":"464.125","Shape_Length":0.00049762364432989271,"Shape_Area":9.7211991540211578e-09}},{"type":"Feature","id":800,"geometry":{"type":"Polygon","coordinates":[[[107.16438829400005,10.504882052000028],[107.16435256700004,10.504934298000023],[107.16432861800007,10.50492177700005],[107.16428735600005,10.504900680000048],[107.16440734000008,10.504849277000062],[107.16439974900004,10.504863277000027],[107.16439922900008,10.504864129000055],[107.16438829400005,10.504882052000028]]]},"properties":{"OBJECTID":800,"FID":799,"Shape_Leng":33.532259582499996,"Sothua":95,"So_To":116,"LoaidatHT":"ODT","Khuphomoi":"Khu phố Hương Điền","Sothuacu":0,"Sotocu":43,"Phuongcu":"Phường Long Hương","Nguoisudun":" ","Quyetdinh":"Quyết định 3693/QĐ-UBND","ID":"95.116","Shape_Length":0.00030511114967387361,"Shape_Area":3.7839972171280212e-09}},{"type":"Feature","id":801,"geometry":{"type":"Polygon","coordinates":[[[107.14590835400008,10.499722668000061],[107.14568227100006,10.499711298000022],[107.14480060900007,10.499612699000068],[107.14478393200005,10.499497664000046],[107.14475711700004,10.499334331000057],[107.14498080100009,10.499310979000029],[107.14496374200007,10.49896919300005],[107.14503724000008,10.498944651000045],[107.14500648400008,10.49874062400005],[107.14499492200008,10.498672794000072],[107.14497702400007,10.498528283000041],[107.14517849500004,10.498511036000025],[107.14537002300005,10.498486447000062],[107.14540309800009,10.498672667000051],[107.14541126900008,10.498698901000068],[107.14546242300008,10.498982980000051],[107.14544196900005,10.499119462000067],[107.14554063300005,10.49916666300004],[107.14555182500004,10.499189107000063],[107.14568572800005,10.499295866000068],[107.14569829700008,10.499362613000073],[107.14576445800009,10.499399084000061],[107.14578635800007,10.499459430000059],[107.14588292400003,10.499457173000053],[107.14590387800007,10.499675827000033],[107.14590835400008,10.499722668000061]]]},"properties":{"OBJECTID":801,"FID":800,"Shape_Leng":481.65812210299998,"Sothua":338,"So_To":18,"LoaidatHT":"NTD","Khuphomoi":"Khu phố Hải Dinh","Sothuacu":338,"Sotocu":18,"Phuongcu":"Phường Kim Dinh","Nguoisudun":"Nghĩa trang khu phố Hải Dinh","Quyetdinh":" ","ID":"338.18","Shape_Length":0.0043758840656587814,"Shape_Area":7.560419874524923e-07}},{"type":"Feature","id":802,"geometry":{"type":"Polygon","coordinates":[[[107.16048324100007,10.501799647000041],[107.16047440300008,10.501734046000024],[107.16047216300007,10.501730254000051],[107.16051974800007,10.501697514000057],[107.16051968400006,10.501697405000073],[107.16056796200007,10.501665887000058],[107.16059920800006,10.501645548000056],[107.16069240600007,10.50165729400004],[107.16071813500008,10.50178072600005],[107.16062983400008,10.501788437000073],[107.16061988300004,10.501789088000066],[107.16058879000008,10.501791860000026],[107.16048324100007,10.501799647000041]]]},"properties":{"OBJECTID":802,"FID":801,"Shape_Leng":74.635106518000001,"Sothua":36,"So_To":128,"LoaidatHT":"NTD","Khuphomoi":"Khu phố Hương Sơn","Sothuacu":0,"Sotocu":51,"Phuongcu":"Phường Long Hương","Nguoisudun":"Nghĩa trang","Quyetdinh":" ","ID":"36.128","Shape_Length":0.00067910424126927239,"Shape_Area":2.7581776315221333e-08}},{"type":"Feature","id":803,"geometry":{"type":"Polygon","coordinates":[[[107.16078067000007,10.506399830000021],[107.16078855900008,10.506416371000057],[107.16079957000005,10.506439447000048],[107.16104954200006,10.506960679000031],[107.16106127200004,10.506985148000069],[107.16108686000007,10.507038511000076],[107.16109713400004,10.507059922000053],[107.16111401000006,10.507077845000026],[107.16114384300005,10.507157354000071],[107.16119474800007,10.507263501000068],[107.16121907200005,10.507314231000066],[107.16103361900008,10.507389506000038],[107.16085409000004,10.507462371000031],[107.16047594900004,10.507612204000054],[107.16040681100009,10.507639930000039],[107.16003847400003,10.507787635000057],[107.16001685800006,10.507766045000039],[107.16000685500006,10.507775393000031],[107.15929935900004,10.507033915000022],[107.15935661600008,10.507009313000026],[107.16078023100005,10.506400018000022],[107.16078067000007,10.506399830000021]]]},"properties":{"OBJECTID":803,"FID":802,"Shape_Leng":546.05415068699995,"Sothua":28,"So_To":112,"LoaidatHT":"NTD","Khuphomoi":"Khu phố Hương Điền","Sothuacu":28,"Sotocu":39,"Phuongcu":"Phường Long Hương","Nguoisudun":"Nhà tang lễ","Quyetdinh":" ","ID":"28.112","Shape_Length":0.0049679582006305232,"Shape_Area":1.4443976158582108e-06}},{"type":"Feature","id":804,"geometry":{"type":"Polygon","coordinates":[[[107.15702245500006,10.521194845000025],[107.15715742100008,10.521278819000031],[107.15712252600008,10.521323328000051],[107.15702742600007,10.521414647000029],[107.15698745100008,10.521488890000057],[107.15685528000006,10.521520466000027],[107.15679892000009,10.521468464000066],[107.15702245500006,10.521194845000025]]]},"properties":{"OBJECTID":804,"FID":803,"Shape_Leng":109.760339479,"Sothua":145,"So_To":62,"LoaidatHT":"DGD","Khuphomoi":"Khu phố Hương Sơn","Sothuacu":0,"Sotocu":4,"Phuongcu":"phường Long Hương","Nguoisudun":"TT SH Lái xe Đặng Lâm","Quyetdinh":" ","ID":"145.62","Shape_Length":0.00099757699212931644,"Shape_Area":5.2127303789918219e-08}},{"type":"Feature","id":805,"geometry":{"type":"Polygon","coordinates":[[[107.15702742800005,10.52141464500005],[107.15709851400004,10.52150726900004],[107.15702654700004,10.521541582000054],[107.15698745100008,10.521488890000057],[107.15702742800005,10.52141464500005]]]},"properties":{"OBJECTID":805,"FID":804,"Shape_Leng":38.1566563429,"Sothua":139,"So_To":62,"LoaidatHT":"DGD","Khuphomoi":"Khu phố Hương Sơn","Sothuacu":0,"Sotocu":4,"Phuongcu":"phường Long Hương","Nguoisudun":"TT SH Lái xe Đặng Lâm","Quyetdinh":" ","ID":"139.62","Shape_Length":0.00034642219662585024,"Shape_Area":7.0570979629456443e-09}},{"type":"Feature","id":806,"geometry":{"type":"Polygon","coordinates":[[[107.15712252700007,10.521323326000072],[107.15721991200007,10.521422870000038],[107.15709851300005,10.52150726900004],[107.15702742600007,10.521414647000029],[107.15712252700007,10.521323326000072]]]},"properties":{"OBJECTID":806,"FID":805,"Shape_Leng":58.952129288899997,"Sothua":142,"So_To":62,"LoaidatHT":"DGD","Khuphomoi":"Khu phố Hương Sơn","Sothuacu":0,"Sotocu":4,"Phuongcu":"phường Long Hương","Nguoisudun":"TT SH Lái xe Đặng Lâm","Quyetdinh":" ","ID":"142.62","Shape_Length":0.00053571690147739891,"Shape_Area":1.7801959707361654e-08}},{"type":"Feature","id":807,"geometry":{"type":"Polygon","coordinates":[[[107.15709851400004,10.52150726800005],[107.15718192400004,10.521596743000032],[107.15716236200007,10.52161416000007],[107.15702409500005,10.52167601900004],[107.15697209700005,10.521586504000027],[107.15702654600005,10.521541580000076],[107.15709851400004,10.52150726800005]]]},"properties":{"OBJECTID":807,"FID":806,"Shape_Leng":60.897062558999998,"Sothua":137,"So_To":62,"LoaidatHT":"DGD","Khuphomoi":"Khu phố Hương Sơn","Sothuacu":0,"Sotocu":4,"Phuongcu":"phường Long Hương","Nguoisudun":"TT SH Lái xe Đặng Lâm","Quyetdinh":" ","ID":"137.62","Shape_Length":0.00055382912341215174,"Shape_Area":1.9366719570743016e-08}},{"type":"Feature","id":808,"geometry":{"type":"Polygon","coordinates":[[[107.15739911400004,10.521305581000036],[107.15773561900005,10.521679155000072],[107.15772308100009,10.52169043300006],[107.15777643000007,10.521741525000039],[107.15779499700005,10.521731071000033],[107.15796389100007,10.521926700000051],[107.15764283500005,10.521783326000048],[107.15732740400006,10.521654973000068],[107.15718192400004,10.521596743000032],[107.15709851300005,10.52150726900004],[107.15721991000004,10.521422872000073],[107.15733737200009,10.521342535000031],[107.15739911400004,10.521305581000036]]]},"properties":{"OBJECTID":808,"FID":807,"Shape_Leng":242.50248821700001,"Sothua":360,"So_To":62,"LoaidatHT":"DGD","Khuphomoi":"Khu phố Hương Sơn","Sothuacu":0,"Sotocu":4,"Phuongcu":"phường Long Hương","Nguoisudun":"TT SH Lái xe Đặng Lâm","Quyetdinh":" ","ID":"360.62","Shape_Length":0.0022065737549823001,"Shape_Area":1.6806327998678941e-07}},{"type":"Feature","id":809,"geometry":{"type":"Polygon","coordinates":[[[107.15723904300006,10.52121188600006],[107.15733737400006,10.521342534000041],[107.15721991000004,10.521422872000073],[107.15712252600008,10.521323328000051],[107.15715741900004,10.521278820000077],[107.15723904300006,10.52121188600006]]]},"properties":{"OBJECTID":809,"FID":808,"Shape_Leng":66.827559339000004,"Sothua":148,"So_To":62,"LoaidatHT":"DGD","Khuphomoi":"Khu phố Hương Sơn","Sothuacu":0,"Sotocu":4,"Phuongcu":"phường Long Hương","Nguoisudun":"TT SH Lái xe Đặng Lâm","Quyetdinh":" ","ID":"148.62","Shape_Length":0.00060719803447799184,"Shape_Area":2.3497390728177973e-08}},{"type":"Feature","id":810,"geometry":{"type":"Polygon","coordinates":[[[107.15731170500004,10.521149277000063],[107.15742135400006,10.521190981000075],[107.15745641600006,10.521248640000067],[107.15739911200006,10.521305582000025],[107.15733737200009,10.521342535000031],[107.15723904300006,10.521211888000039],[107.15731170500004,10.521149277000063]]]},"properties":{"OBJECTID":810,"FID":809,"Shape_Leng":65.672582393200003,"Sothua":149,"So_To":62,"LoaidatHT":"DGD","Khuphomoi":"Khu phố Hương Sơn","Sothuacu":0,"Sotocu":4,"Phuongcu":"phường Long Hương","Nguoisudun":"TT SH Lái xe Đặng Lâm","Quyetdinh":" ","ID":"149.62","Shape_Length":0.00059696441544284924,"Shape_Area":2.3661914023766473e-08}},{"type":"Feature","id":811,"geometry":{"type":"Polygon","coordinates":[[[107.15796389100007,10.521926700000051],[107.15779499700005,10.521731071000033],[107.15777643000007,10.521741525000039],[107.15772308100009,10.52169043300006],[107.15773561900005,10.521679155000072],[107.15739911200006,10.521305582000025],[107.15745641500007,10.521248638000031],[107.15754643400004,10.521138775000054],[107.15765828200006,10.521108978000029],[107.15765828900004,10.521109004000039],[107.15772068100006,10.521190408000052],[107.15773342200004,10.521266475000061],[107.15770941200009,10.521330267000053],[107.15775227300009,10.521379625000066],[107.15792085600003,10.521573529000023],[107.15792143400006,10.521625702000051],[107.15796389100007,10.521926700000051]]]},"properties":{"OBJECTID":811,"FID":810,"Shape_Leng":235.658752268,"Sothua":143,"So_To":62,"LoaidatHT":"DGD","Khuphomoi":"Khu phố Hương Sơn","Sothuacu":0,"Sotocu":4,"Phuongcu":"phường Long Hương","Nguoisudun":"TT SH Lái xe Đặng Lâm","Quyetdinh":" ","ID":"143.62","Shape_Length":0.0021381860572833051,"Shape_Area":1.6784328776392267e-07}},{"type":"Feature","id":812,"geometry":{"type":"Polygon","coordinates":[[[107.15752599300004,10.521126171000049],[107.15754643600008,10.521138777000033],[107.15745641600006,10.521248640000067],[107.15742135100004,10.521190981000075],[107.15746729900007,10.521146946000044],[107.15752599300004,10.521126171000049]]]},"properties":{"OBJECTID":812,"FID":811,"Shape_Leng":39.561401816900002,"Sothua":153,"So_To":62,"LoaidatHT":"DGD","Khuphomoi":"Khu phố Hương Sơn","Sothuacu":0,"Sotocu":4,"Phuongcu":"phường Long Hương","Nguoisudun":"TT SH Lái xe Đặng Lâm","Quyetdinh":" ","ID":"153.62","Shape_Length":0.00035943899083312525,"Shape_Area":6.658428875770411e-09}},{"type":"Feature","id":813,"geometry":{"type":"Polygon","coordinates":[[[107.15741353600004,10.521025242000064],[107.15746729900007,10.521146948000023],[107.15742135400006,10.521190981000075],[107.15731170400005,10.521149279000042],[107.15734127400003,10.521070493000025],[107.15741353600004,10.521025242000064]]]},"properties":{"OBJECTID":813,"FID":812,"Shape_Leng":53.223546252399998,"Sothua":155,"So_To":62,"LoaidatHT":"DGD","Khuphomoi":"Khu phố Hương Sơn","Sothuacu":0,"Sotocu":4,"Phuongcu":"phường Long Hương","Nguoisudun":"TT SH Lái xe Đặng Lâm","Quyetdinh":" ","ID":"155.62","Shape_Length":0.00048341606332203942,"Shape_Area":1.5080772667167176e-08}},{"type":"Feature","id":814,"geometry":{"type":"Polygon","coordinates":[[[107.15761243200006,10.520928602000026],[107.15762061500004,10.520949784000038],[107.15765828200006,10.521108978000029],[107.15754643600008,10.521138777000033],[107.15752599300004,10.521126171000049],[107.15746729900007,10.521146948000023],[107.15741353400006,10.521025244000043],[107.15745682100004,10.520988345000035],[107.15751365000006,10.520939448000036],[107.15761243200006,10.520928602000026]]]},"properties":{"OBJECTID":814,"FID":813,"Shape_Leng":82.8236073777,"Sothua":158,"So_To":62,"LoaidatHT":"DGD","Khuphomoi":"Khu phố Hương Sơn","Sothuacu":0,"Sotocu":4,"Phuongcu":"phường Long Hương","Nguoisudun":"TT SH Lái xe Đặng Lâm","Quyetdinh":" ","ID":"158.62","Shape_Length":0.00075260085615476034,"Shape_Area":3.6873187862552912e-08}},{"type":"Feature","id":815,"geometry":{"type":"Polygon","coordinates":[[[107.15669312000006,10.520465606000073],[107.15745682300008,10.520988346000024],[107.15741353400006,10.521025244000043],[107.15734127400003,10.521070493000025],[107.15731170400005,10.521149279000042],[107.15723904300006,10.521211888000039],[107.15715741900004,10.521278820000077],[107.15702245500006,10.521194845000025],[107.15688767800003,10.521107381000036],[107.15690271900007,10.521084716000075],[107.15686508500005,10.521060322000039],[107.15652669500008,10.520840692000036],[107.15646527200005,10.520807221000041],[107.15664577900009,10.520473835000075],[107.15669312000006,10.520465606000073]]]},"properties":{"OBJECTID":815,"FID":814,"Shape_Leng":290.87235309699997,"Sothua":173,"So_To":62,"LoaidatHT":"DGD","Khuphomoi":"Khu phố Hương Sơn","Sothuacu":0,"Sotocu":4,"Phuongcu":"phường Long Hương","Nguoisudun":"TT SH Lái xe Đặng Lâm","Quyetdinh":" ","ID":"173.62","Shape_Length":0.0026454459092305031,"Shape_Area":3.6470490686525865e-07}},{"type":"Feature","id":816,"geometry":{"type":"Polygon","coordinates":[[[107.15743824400005,10.520573684000055],[107.15753462400005,10.520768520000047],[107.15755189900005,10.520764482000061],[107.15756741400008,10.520820749000052],[107.15748796800005,10.520848628000067],[107.15741351200006,10.520702836000055],[107.15741227000007,10.520587469000077],[107.15743824400005,10.520573684000055]]]},"properties":{"OBJECTID":816,"FID":815,"Shape_Leng":75.6941769564,"Sothua":179,"So_To":62,"LoaidatHT":"DGD","Khuphomoi":"Khu phố Hương Sơn","Sothuacu":0,"Sotocu":4,"Phuongcu":"phường Long Hương","Nguoisudun":"TT SH Lái xe Đặng Lâm","Quyetdinh":" ","ID":"179.62","Shape_Length":0.00068615725788834497,"Shape_Area":1.957240473886478e-08}},{"type":"Feature","id":817,"geometry":{"type":"Polygon","coordinates":[[[107.15743824100008,10.520573685000045],[107.15755735600004,10.520535571000039],[107.15761929400009,10.520732513000041],[107.15762108700005,10.520745087000023],[107.15755189800007,10.52076448400004],[107.15753462400005,10.520768520000047],[107.15743824100008,10.520573685000045]]]},"properties":{"OBJECTID":817,"FID":816,"Shape_Leng":71.752249596699997,"Sothua":182,"So_To":62,"LoaidatHT":"DGD","Khuphomoi":"Khu phố Hương Sơn","Sothuacu":0,"Sotocu":4,"Phuongcu":"phường Long Hương","Nguoisudun":"TT SH Lái xe Đặng Lâm","Quyetdinh":" ","ID":"182.62","Shape_Length":0.00065118475700590888,"Shape_Area":2.348580574854487e-08}},{"type":"Feature","id":818,"geometry":{"type":"Polygon","coordinates":[[[107.15724573500006,10.519764046000034],[107.15724840000007,10.520091800000046],[107.15714484500006,10.520209683000076],[107.15703223400004,10.520285238000042],[107.15689213200005,10.520356671000059],[107.15665971200008,10.520450084000061],[107.15619810500004,10.520224045000077],[107.15619931400005,10.520223144000056],[107.15619939000004,10.520223144000056],[107.15623946100004,10.520193471000027],[107.15659595700004,10.519929750000074],[107.15663816200004,10.520006143000046],[107.15695659000005,10.519906192000064],[107.15696958700005,10.519927013000029],[107.15724570800006,10.519764050000049],[107.15724573500006,10.519764046000034]]]},"properties":{"OBJECTID":818,"FID":817,"Shape_Leng":308.06982830800001,"Sothua":247,"So_To":62,"LoaidatHT":"DGD","Khuphomoi":"Khu phố Hương Sơn","Sothuacu":0,"Sotocu":4,"Phuongcu":"phường Long Hương","Nguoisudun":"TT SH Lái xe Đặng Lâm","Quyetdinh":" ","ID":"247.62","Shape_Length":0.0028031149226862067,"Shape_Area":3.6643392082840316e-07}},{"type":"Feature","id":819,"geometry":{"type":"Polygon","coordinates":[[[107.15617572900004,10.520240607000062],[107.15664578200006,10.520473836000065],[107.15646527200005,10.520807221000041],[107.15621772800006,10.52068242100006],[107.15592019900004,10.520572093000055],[107.15582734800006,10.520498317000033],[107.15584168600009,10.520487675000027],[107.15617569400007,10.520240641000044],[107.15617572900004,10.520240607000062]]]},"properties":{"OBJECTID":819,"FID":818,"Shape_Leng":225.292447606,"Sothua":189,"So_To":62,"LoaidatHT":"DGD","Khuphomoi":"Khu phố Hương Sơn","Sothuacu":0,"Sotocu":4,"Phuongcu":"phường Long Hương","Nguoisudun":"TT SH Lái xe Đặng Lâm","Quyetdinh":" ","ID":"189.62","Shape_Length":0.00205033360613821,"Shape_Area":2.3969751506976671e-07}},{"type":"Feature","id":820,"geometry":{"type":"Polygon","coordinates":[[[107.14094757000004,10.503929023000069],[107.14066437000008,10.503943114000037],[107.14066065700007,10.503879934000054],[107.14094165100005,10.503866007000056],[107.14094757000004,10.503929023000069]]]},"properties":{"OBJECTID":820,"FID":819,"Shape_Leng":75.8596427624,"Sothua":176,"So_To":49,"LoaidatHT":"ODT","Khuphomoi":"Khu phố Hải Dinh","Sothuacu":0,"Sotocu":11,"Phuongcu":"Phường Kim Dinh","Nguoisudun":" ","Quyetdinh":"Quyết định 3693/QĐ-UBND","ID":"176.49","Shape_Length":0.00069147164512088925,"Shape_Area":1.7867223847386655e-08}},{"type":"Feature","id":821,"geometry":{"type":"Polygon","coordinates":[[[107.15501073900003,10.51008575000003],[107.15551908300006,10.511546261000035],[107.15607957200007,10.513167364000026],[107.15614043600004,10.513810635000027],[107.15602616000007,10.513868742000056],[107.15590917500003,10.513924764000024],[107.15592219600006,10.513972169000056],[107.15605586800007,10.514608342000031],[107.15608516200007,10.51473706400003],[107.15610644000009,10.51484117800004],[107.15611865000005,10.514879448000045],[107.15612173200009,10.514882980000039],[107.15611976300005,10.514888221000035],[107.15611303900005,10.514897251000036],[107.15605377200006,10.514955550000025],[107.15592186700007,10.515090481000072],[107.15593776800006,10.515286722000042],[107.15607494000005,10.515314738000029],[107.15614325700005,10.515331232000051],[107.15613812600009,10.515374352000038],[107.15612753200008,10.515672990000041],[107.15612340300004,10.515861869000048],[107.15611962200006,10.515987275000043],[107.15611408400008,10.516045675000044],[107.15611159400004,10.516165929000067],[107.15611239400005,10.516220726000029],[107.15615067000005,10.516223238000066],[107.15635093200007,10.516242420000026],[107.15642673100007,10.516247988000032],[107.15641768500006,10.516288569000039],[107.15638974400008,10.516398558000049],[107.15636859500006,10.516503495000052],[107.15636018000004,10.516568853000024],[107.15635376500006,10.51669253600005],[107.15635324400006,10.516728432000036],[107.15642562900007,10.516745657000058],[107.15646638300007,10.516753147000031],[107.15656584400006,10.517113476000077],[107.15656783500003,10.517136265000033],[107.15660991000004,10.517399466000029],[107.15661360000007,10.517440252000029],[107.15662603600003,10.517517674000032],[107.15663229400008,10.517555573000038],[107.15664785300004,10.517615822000039],[107.15663998300005,10.51767250000006],[107.15662823900004,10.517902868000021],[107.15662794300005,10.517979091000029],[107.15662669800008,10.517999162000024],[107.15658741200008,10.518130740000061],[107.15651087700007,10.518195157000036],[107.15636635600004,10.518305379000026],[107.15626821000006,10.518360894000068],[107.15590304500006,10.518548374000034],[107.15549501100008,10.516210798000031],[107.15538119200005,10.515518420000035],[107.15505080500009,10.513128997000024],[107.15504253600005,10.513079522000055],[107.15337101900008,10.510940757000071],[107.15501073900003,10.51008575000003]]]},"properties":{"OBJECTID":821,"FID":820,"Shape_Leng":2203.5430616600001,"Sothua":54,"So_To":64,"LoaidatHT":"DCS","Khuphomoi":"Khu phố Hương Sơn","Sothuacu":0,"Sotocu":6,"Phuongcu":"phường Long Hương","Nguoisudun":" ","Quyetdinh":"Quyết định 3693/QĐ-UBND","ID":"54.64","Shape_Length":0.019963911268529769,"Shape_Area":8.3160212196652526e-06}},{"type":"Feature","id":822,"geometry":{"type":"Polygon","coordinates":[[[107.14561301900005,10.51191891700006],[107.14570353200008,10.511942228000066],[107.14569723700004,10.51214864800005],[107.14569348000003,10.512271826000074],[107.14574001700004,10.512347951000038],[107.14575770100004,10.512368236000043],[107.14571635900006,10.512533791000067],[107.14570216800007,10.512596057000053],[107.14568148000006,10.512664187000041],[107.14567610900008,10.512842106000051],[107.14566712700008,10.513137371000028],[107.14565063600008,10.513679444000047],[107.14564088400004,10.513995955000041],[107.14563718700003,10.514119509000068],[107.14563687800006,10.51412984600006],[107.14583230300008,10.51422044800006],[107.14663189400005,10.514591299000074],[107.14677757300007,10.514658842000074],[107.14682458200008,10.514680630000043],[107.14711822200007,10.514816805000066],[107.14765210700006,10.515064279000057],[107.14777359800007,10.515120655000032],[107.14796974800004,10.515211605000047],[107.14838132700004,10.515402444000074],[107.14859747400004,10.515502668000067],[107.14855350500005,10.515609812000037],[107.14851219800005,10.515710542000022],[107.14838763400007,10.516013906000069],[107.14835413400004,10.516095574000076],[107.14805956300006,10.516813693000074],[107.14780354800007,10.517437766000057],[107.14676175700004,10.516922794000038],[107.14653313000008,10.516380436000077],[107.14660576300008,10.516092253000068],[107.14662428000008,10.516018784000039],[107.14630440600007,10.515747756000053],[107.14584769600003,10.515747972000042],[107.14511691800004,10.515929119000077],[107.14479703900008,10.515567588000067],[107.14461419500009,10.515115636000075],[107.14402036700005,10.515296771000067],[107.14388324400005,10.515152213000022],[107.14324379700008,10.515161478000039],[107.14156243800005,10.514213011000038],[107.13932373600005,10.513156236000043],[107.13894466200009,10.513168796000059],[107.13825302700008,10.513191782000035],[107.13794439400004,10.513202038000031],[107.13793295200009,10.512864514000057],[107.13791634600005,10.512374695000062],[107.13801373700005,10.512373063000041],[107.13930911000006,10.512294465000025],[107.13960600300004,10.512259767000046],[107.13971640500006,10.512246864000076],[107.14059770300008,10.512143865000041],[107.14059799200004,10.512143823000031],[107.14179539600008,10.511969949000047],[107.14271803300005,10.51183597000005],[107.14272251100004,10.511835255000051],[107.14272708100003,10.511834631000056],[107.14273612800008,10.511833292000063],[107.14274060500009,10.511832668000068],[107.14274965300007,10.511831329000074],[107.14275413000007,10.511830705000023],[107.14276317800005,10.511829366000029],[107.14276765500006,10.511828742000034],[107.14277670300004,10.511827403000041],[107.14278118000004,10.511826778000056],[107.14279022800008,10.511825440000052],[107.14279470500009,10.511824815000068],[107.14280375300007,10.511823476000075],[107.14280823000007,10.511822852000023],[107.14281718600006,10.511821603000044],[107.14282166400005,10.511820889000035],[107.14283071100004,10.511819640000056],[107.14283518900004,10.511819016000061],[107.14284414500008,10.511817677000067],[107.14284871400008,10.511817053000073],[107.14285766900008,10.511815804000037],[107.14286214700007,10.511815090000027],[107.14287110300006,10.511813841000048],[107.14287558100006,10.511813217000054],[107.14288453600005,10.511811968000075],[107.14288910600004,10.511811253000076],[107.14289806100004,10.511810005000029],[107.14290253900003,10.511809381000035],[107.14291149500008,10.511808132000056],[107.14291597300007,10.511807508000061],[107.14292492800007,10.511806259000025],[107.14292940600006,10.51180563500003],[107.14293836200005,10.511804386000051],[107.14294283900006,10.511803762000056],[107.14295179500004,10.511802513000021],[107.14295618200003,10.511801889000026],[107.14296513700003,10.511800640000047],[107.14296961500008,10.511800016000052],[107.14297857100007,10.511798767000073],[107.14298304800008,10.511798143000021],[107.14299200400006,10.511796985000046],[107.14299639000006,10.511796360000062],[107.14300534600005,10.511795111000026],[107.14300982400005,10.511794578000035],[107.14301868800004,10.511793329000056],[107.14303221200004,10.51179154600004],[107.14305451000007,10.511788605000049],[107.14307671600005,10.511785664000058],[107.14309901300004,10.511782814000071],[107.14312121900008,10.511779963000038],[107.14314342400007,10.511777203000065],[107.14316553800006,10.51177453300005],[107.14318774400004,10.511771863000035],[107.14320985800003,10.511769193000021],[107.14323197200008,10.511766704000024],[107.14325408500008,10.511764215000028],[107.14327619900007,10.511761816000046],[107.14329822100007,10.511759417000064],[107.14332033400007,10.511757199000044],[107.14334231900006,10.511754984000049],[107.14346007400007,10.511744368000052],[107.14357833300005,10.511735810000062],[107.14369706000008,10.511729332000073],[107.14381619800008,10.511724955000034],[107.14393569300006,10.51172269500006],[107.14405548700006,10.511722570000074],[107.14417552200007,10.511724595000032],[107.14429574000008,10.511728781000045],[107.14441608200008,10.511735139000052],[107.14453648800009,10.511743677000027],[107.14465689800005,10.511754401000076],[107.14477725100005,10.511767316000032],[107.14489748700004,10.511782423000056],[107.14501754400004,10.511799721000045],[107.14513736200007,10.511819209000066],[107.14525687900004,10.511840880000022],[107.14537603400004,10.511864728000035],[107.14549476800005,10.511890745000073],[107.14561301900005,10.51191891700006]]]},"properties":{"OBJECTID":822,"FID":null,"Shape_Leng":280469,"Sothua":24,"So_To":7,"LoaidatHT":"SKC","Khuphomoi":"Khu phố Núi Dinh","Sothuacu":0,"Sotocu":7,"Phuongcu":"Phường Kim Dinh","Nguoisudun":"Công Ty Đại Dương","Quyetdinh":null,"ID":"24.7","Shape_Length":0.028215118099952953,"Shape_Area":2.3166409610531828e-05}},{"type":"Feature","id":823,"geometry":{"type":"Polygon","coordinates":[[[107.14161661300005,10.510705810000047],[107.14161681200005,10.510705803000064],[107.14184531700005,10.510696928000073],[107.14186413800007,10.510696241000062],[107.14209995300007,10.51068710900006],[107.14216473100004,10.510684612000034],[107.14232105800005,10.510678582000025],[107.14308140200006,10.510649207000029],[107.14311475000005,10.510647824000046],[107.14396947500006,10.510614921000069],[107.14399999100004,10.510613713000055],[107.14406880400009,10.510087924000061],[107.14409477100008,10.509889612000052],[107.14411832700006,10.509709558000054],[107.14414476900004,10.509689447000028],[107.14488559800009,10.509124435000047],[107.14491258900006,10.509103873000072],[107.14515029000006,10.508922600000062],[107.14571787600005,10.511471916000062],[107.14571651600005,10.511516505000031],[107.14561719500006,10.51149240500007],[107.14549066800004,10.51146413400005],[107.14536354100005,10.511438152000039],[107.14523587500008,10.511414476000027],[107.14510773600006,10.511393124000051],[107.14497918800004,10.511374107000051],[107.14485029800005,10.511357437000072],[107.14472112900006,10.511343122000028],[107.14459174900009,10.511331168000027],[107.14446222300006,10.511321580000072],[107.14433261800008,10.51131435800005],[107.14420299900007,10.511309501000028],[107.14407343300007,10.511307005000049],[107.14394398500008,10.511306866000041],[107.14381472100007,10.511309073000064],[107.14368570400006,10.511313618000031],[107.14355699900005,10.511320486000045],[107.14342866900006,10.511329663000026],[107.14330077400007,10.51134109000003],[107.14329620500007,10.511341624000067],[107.14329145300007,10.511342067000044],[107.14328679300007,10.511342510000077],[107.14328213300007,10.511342953000053],[107.14327747300007,10.511343487000033],[107.14327272100007,10.511343929000077],[107.14326806100007,10.511344463000057],[107.14326340000008,10.511344906000033],[107.14325874000008,10.511345349000067],[107.14325408000008,10.511345883000047],[107.14324942000007,10.511346326000023],[107.14324475900008,10.51134686000006],[107.14324000800008,10.511347393000051],[107.14323534800008,10.511347836000027],[107.14323068700008,10.511348370000064],[107.14322602700008,10.511348903000055],[107.14322136700008,10.511349346000031],[107.14321670600003,10.511349880000068],[107.14321204600009,10.511350413000059],[107.14320738600009,10.511350947000039],[107.14320272600008,10.511351390000073],[107.14319806500004,10.511351924000053],[107.14319340500003,10.511352457000044],[107.14318874400004,10.511352991000024],[107.14318408400004,10.511353524000072],[107.14317942400004,10.511354058000052],[107.14317485500004,10.511354592000032],[107.14317019400005,10.511355125000023],[107.14316553400005,10.51135565900006],[107.14316087400005,10.511356192000051],[107.14315621300005,10.511356726000031],[107.14315155300005,10.511357259000022],[107.14314689300005,10.511357793000059],[107.14314232400005,10.511358327000039],[107.14313766300006,10.511358951000034],[107.14313300300006,10.511359484000025],[107.14312834300006,10.511360018000062],[107.14312377400006,10.511360551000053],[107.14311911300007,10.511361175000047],[107.14311445300007,10.511361709000028],[107.14310979200008,10.511362243000065],[107.14310522300008,10.511362867000059],[107.14310056300008,10.51136340000005],[107.14309590300007,10.51136393400003],[107.14309133300009,10.511364558000025],[107.14308667300008,10.511365092000062],[107.14308210400009,10.511365716000057],[107.14307744300004,10.511366249000048],[107.14307278300004,10.511366873000043],[107.14306821400004,10.511367407000023],[107.14306355300005,10.511368031000075],[107.14305898400005,10.511368565000055],[107.14305432400005,10.51136918900005],[107.14304975500005,10.51136972200004],[107.14304509400006,10.511370346000035],[107.14304052500006,10.51137097000003],[107.14303586500006,10.511371504000067],[107.14303129600006,10.511372128000062],[107.14302663500007,10.511372752000057],[107.14302206600007,10.511373286000037],[107.14301740600007,10.511373910000032],[107.14301283700007,10.511374534000026],[107.14300817600008,10.511375158000021],[107.14300360700008,10.511375692000058],[107.14299903800008,10.511376316000053],[107.14299437700004,10.511376940000048],[107.14298980800004,10.511377564000043],[107.14298523900004,10.511378188000037],[107.14298057900004,10.511378812000032],[107.14297601000004,10.511379346000069],[107.14297144000005,10.511379970000064],[107.14296678000005,10.511380594000059],[107.14296221100005,10.511381218000054],[107.14295764200006,10.511381842000048],[107.14295307200007,10.511382466000043],[107.14294841200007,10.511383090000038],[107.14294384300007,10.511383714000033],[107.14293927400007,10.511384338000028],[107.14293470400008,10.511384962000022],[107.14293013500009,10.511385587000063],[107.14292547500008,10.511386211000058],[107.14292090600009,10.511386835000053],[107.14291633600004,10.511387459000048],[107.14291176700004,10.511388083000043],[107.14290719800005,10.511388707000037],[107.14290262900005,10.511389331000032],[107.14289806000005,10.511389955000027],[107.14289349000006,10.511390670000026],[107.14288892100006,10.511391294000077],[107.14288435200007,10.511391918000072],[107.14287969200007,10.511392542000067],[107.14287512200008,10.511393166000062],[107.14287055300008,10.511393790000056],[107.14286598400008,10.511394415000041],[107.14286141500008,10.51139512900005],[107.14285684600009,10.511395753000045],[107.14285236800004,10.511396378000029],[107.14284779900004,10.511397002000024],[107.14284322900005,10.511397626000075],[107.14283866000005,10.511398340000028],[107.14283409100005,10.511398964000023],[107.14282952200006,10.511399589000064],[107.14282495300006,10.511400213000059],[107.14282038300007,10.511400927000068],[107.14281581400007,10.511401551000063],[107.14281124500008,10.511402176000047],[107.14280676700008,10.511402800000042],[107.14280219800008,10.511403514000051],[107.14279762900009,10.511404139000035],[107.14279305900004,10.51140476300003],[107.14278849000004,10.511405477000039],[107.14278392100005,10.511406101000034],[107.14277944300005,10.511406726000075],[107.14277487400005,10.511407440000028],[107.14277030500006,10.511408064000022],[107.14276573500007,10.511408688000074],[107.14276125700007,10.511409403000073],[107.14275668800008,10.511410027000068],[107.14275211900008,10.511410651000062],[107.14274764100008,10.511411366000061],[107.14274307200009,10.511411990000056],[107.14273850300003,10.511412614000051],[107.14273402500004,10.51141332900005],[107.14272945600004,10.511413953000044],[107.14272488700004,10.511414577000039],[107.14272040900005,10.511415292000038],[107.14271583900006,10.511415916000033],[107.14271136200006,10.511416541000074],[107.14270679200007,10.511417255000026],[107.14270222300007,10.511417879000021],[107.14269774500008,10.511418504000062],[107.14269317600008,10.511419218000071],[107.14268869800009,10.511419842000066],[107.14268412900009,10.511420557000065],[107.14267965100004,10.51142118100006],[107.14267508200004,10.511421805000055],[107.14266603500005,10.511423144000048],[107.14265698800006,10.511424483000042],[107.14169851500009,10.511563698000032],[107.14169944400004,10.511464925000041],[107.14161942600003,10.511396719000061],[107.14161784900006,10.511387748000061],[107.14161661300005,10.510705810000047]]]},"properties":{"OBJECTID":823,"FID":null,"Shape_Leng":57213.099999999999,"Sothua":1007,"So_To":7,"LoaidatHT":"SKC","Khuphomoi":"Khu phố Núi Dinh","Sothuacu":0,"Sotocu":7,"Phuongcu":"Phường Kim Dinh","Nguoisudun":"Công Ty Đại Dương","Quyetdinh":null,"ID":"1007.7","Shape_Length":0.012197819687105533,"Shape_Area":4.7256935145618881e-06}}]
}